Player,Pos,Ht,Wt,Forty,Vertical,BenchReps,BroadJump,Cone,Shuttle,Year,Pfr_ID,AV,Team,Round,Pick,was_drafted,has_pfr_id
John Abraham,OLB,76,252,4.55,,,,,,2000,AbraJo00,26.0,New York Jets,1.0,13.0,True,True
Rashard Anderson,CB,74,206,4.55,34.0,,123.0,7.18,4.15,2000,AndeRa21,6.0,Carolina Panthers,1.0,23.0,True,True
LaVar Arrington,OLB,75,250,4.53,,,,,,2000,ArriLa00,31.0,Washington Redskins,1.0,2.0,True,True
Corey Atkins,OLB,72,237,4.72,31.0,21.0,112.0,7.96,4.39,2000,AtkiCo20,1.0,,,,False,True
Reggie Austin,CB,69,175,4.44,35.0,17.0,119.0,7.03,4.14,2000,AustRe20,3.0,Chicago Bears,4.0,125.0,True,True
Rashidi Barnes,FS,72,208,4.62,35.0,10.0,114.0,6.92,4.32,2000,BarnRa20,1.0,Cleveland Browns,7.0,225.0,True,True
David Barrett,CB,70,199,4.44,37.5,16.0,116.0,6.81,4.04,2000,BarrDa22,10.0,Arizona Cardinals,4.0,102.0,True,True
William Bartee,CB,73,192,4.43,38.5,,124.0,6.7,3.99,2000,BartWi20,9.0,Kansas City Chiefs,2.0,54.0,True,True
Robert Bean,CB,71,178,4.5,34.5,,122.0,6.87,4.2,2000,BeanRo20,5.0,Cincinnati Bengals,5.0,133.0,True,True
Matt Beck,ILB,75,234,4.65,,,,,,2000,,0.0,,,,False,False
Rogers Beckett,FS,73,207,4.62,39.5,15.0,119.0,6.48,4.29,2000,BeckRo20,12.0,San Diego Chargers,2.0,43.0,True,True
Marcus Bell-01,ILB,74,237,4.78,31.5,21.0,111.0,7.17,4.33,2000,BellMa21,7.0,Seattle Seahawks,4.0,116.0,True,True
Gary Berry,FS,71,204,4.55,,,,,,2000,BerrGa20,0.0,Green Bay Packers,4.0,126.0,True,True
Michael Boireau,DE,76,274,5.09,29.0,26.0,105.0,7.68,4.49,2000,,0.0,,,,False,False
Matt Bowen,SS,73,201,4.49,33.0,12.0,115.0,7.06,4.09,2000,BoweMa20,4.0,St. Louis Rams,6.0,198.0,True,True
Carl Bradley,DT,74,300,5.03,,,,,,2000,,0.0,,,,False,False
Robert Brannon,DT,76,309,5.19,28.5,28.0,99.0,7.82,4.7,2000,,0.0,,,,False,False
Ralph Brown,CB,70,185,4.55,,10.0,,,,2000,BrowRa20,4.0,New York Giants,5.0,140.0,True,True
Mike Brown,SS,70,204,4.59,36.0,14.0,116.0,6.93,4.01,2000,BrowMi99,31.0,Chicago Bears,2.0,39.0,True,True
Courtney Brown,DE,77,269,4.78,,,,,,2000,BrowCo22,16.0,Cleveland Browns,1.0,1.0,True,True
Lamont Bryant,DE,75,260,4.91,,17.0,,,,2000,BryaLa00,0.0,,,,False,True
Keith Bulluck,OLB,75,244,4.47,38.0,,119.0,7.33,4.13,2000,BullKe00,21.0,Tennessee Titans,1.0,30.0,True,True
David Byrd,CB,71,202,4.53,36.0,14.0,117.0,7.18,4.39,2000,,0.0,,,,False,False
Leonardo Carson,DE,73,283,5.06,28.0,22.0,106.0,7.82,4.75,2000,CarsLe20,10.0,San Diego Chargers,4.0,113.0,True,True
Tyrone Carter,SS,68,190,4.5,41.0,16.0,121.0,6.75,4.19,2000,CartTy20,8.0,Minnesota Vikings,4.0,118.0,True,True
Ike Charlton,CB,71,205,4.47,,16.0,126.0,,,2000,CharIk20,4.0,Seattle Seahawks,2.0,52.0,True,True
Pedro Cirino,FS,71,197,4.59,,,,,,2000,,0.0,,,,False,False
Kendrick Clancy,DT,73,283,5.25,27.5,25.0,108.0,7.98,4.65,2000,ClanKe20,4.0,Pittsburgh Steelers,3.0,72.0,True,True
Danny Clark,ILB,74,245,4.75,,20.0,,,,2000,ClarDa21,12.0,Jacksonville Jaguars,7.0,245.0,True,True
Chris Combs,DT,77,286,5.16,,22.0,,,,2000,CombCh21,1.0,Pittsburgh Steelers,6.0,173.0,True,True
Rameel Connor,DE,75,276,5.0,35.5,25.0,121.0,7.65,4.45,2000,,0.0,,,,False,False
D.J. Cooper,DT,75,277,5.22,28.0,,108.0,7.41,4.49,2000,,0.0,,,,False,False
Ashley Cooper,SS,70,208,4.67,,16.0,117.0,,,2000,,0.0,,,,False,False
Renard Cox,CB,71,192,4.68,38.0,13.0,111.0,7.1,,2000,CoxxRe20,0.0,,,,False,True
Sedrick Curry,CB,73,197,4.44,39.0,,125.0,6.34,3.94,2000,,0.0,,,,False,False
Jerry DeLoach,DT,75,314,4.99,31.5,19.0,101.0,7.4,4.57,2000,DeLoJe20,18.0,,,,False,True
Mike Derouselle,DT,74,314,5.28,27.5,27.0,96.0,7.67,4.8,2000,,0.0,,,,False,False
Na'il Diggs,OLB,76,231,4.66,,,,,,2000,DiggNa20,24.0,Green Bay Packers,4.0,98.0,True,True
Mario Edwards,CB,72,191,4.46,,,120.0,,,2000,EdwaMa20,15.0,Dallas Cowboys,6.0,180.0,True,True
Chris Edwards,OLB,77,226,4.65,,,,,,2000,,0.0,,,,False,False
Shaun Ellis,DE,76,280,4.85,,,,,,2000,ElliSh00,18.0,New York Jets,1.0,12.0,True,True
John Engelberger,DE,76,260,4.73,34.0,24.0,115.0,6.95,4.28,2000,EngeJo20,12.0,San Francisco 49ers,2.0,35.0,True,True
Dwan Epps,ILB,73,242,4.68,34.5,8.0,,,,2000,,0.0,,,,False,False
Aaron Fields,DE,76,243,4.76,34.0,22.0,115.0,7.51,4.56,2000,FielAa20,0.0,,,,False,True
Erik Flowers,DE,76,271,4.75,33.0,24.0,114.0,7.21,4.15,2000,FlowEr20,5.0,Buffalo Bills,1.0,26.0,True,True
John Frank,DE,76,280,4.78,37.0,32.0,117.0,7.07,4.27,2000,,0.0,,,,False,False
Todd Franz,FS,73,199,4.55,,14.0,,,,2000,FranTo21,1.0,Detroit Lions,5.0,145.0,True,True
Arturo Freeman,FS,72,188,4.5,35.5,14.0,124.0,6.91,4.38,2000,FreeAr20,9.0,Miami Dolphins,5.0,152.0,True,True
Byron Frisch,DE,76,281,4.73,34.5,31.0,114.0,7.2,4.41,2000,FrisBy20,2.0,Tennessee Titans,3.0,93.0,True,True
Trent Gamble,FS,69,186,4.56,37.0,21.0,124.0,6.6,3.9,2000,GambTr20,2.0,,,,False,True
Kabeer Gbaja-Biamila,OLB,76,243,4.65,34.0,21.0,120.0,6.9,4.28,2000,GbajKa20,12.0,Green Bay Packers,5.0,149.0,True,True
Ian Gold,OLB,73,221,4.56,33.0,21.0,115.0,6.97,4.19,2000,GoldIa00,14.0,Denver Broncos,2.0,40.0,True,True
Dwayne Goodrich,CB,71,195,4.45,,,,,,2000,GoodDw20,1.0,Dallas Cowboys,2.0,49.0,True,True
Lamar Grant,CB,71,188,4.62,32.0,16.0,117.0,7.3,4.3,2000,,0.0,,,,False,False
Ernest Grant,DT,77,316,5.31,29.5,24.0,98.0,8.0,5.03,2000,GranEr20,3.0,Miami Dolphins,6.0,167.0,True,True
Deon Grant,SS,74,209,4.5,,15.0,,,,2000,GranDe21,24.0,Carolina Panthers,2.0,57.0,True,True
Brian Gray,CB,73,214,4.94,33.5,19.0,116.0,7.38,4.24,2000,,0.0,,,,False,False
Mike Green-01,FS,72,189,4.53,38.5,,118.0,,4.2,2000,,0.0,,,,False,False
Barrett Green,OLB,72,233,4.56,36.0,22.0,120.0,,,2000,GreeBa20,10.0,Detroit Lions,2.0,50.0,True,True
Damian Gregory,DT,74,307,4.87,30.0,27.0,105.0,7.37,4.6,2000,GregDa20,1.0,,,,False,True
Cornelius Griffin,DE,75,297,4.9,31.0,30.0,111.0,7.63,4.62,2000,GrifCo20,18.0,New York Giants,2.0,42.0,True,True
Clark Haggans,OLB,75,253,4.97,31.5,20.0,109.0,7.12,4.21,2000,HaggCl20,4.0,Pittsburgh Steelers,5.0,137.0,True,True
James Hall,DE,74,271,5.03,32.0,,111.0,7.86,4.51,2000,HallJa21,8.0,,,,False,True
Jeff Harris,CB,72,190,4.53,34.5,,114.0,6.73,4.25,2000,,0.0,,,,False,False
Antwan Harris,CB,69,186,4.34,39.0,16.0,121.0,6.75,4.01,2000,HarrAn21,4.0,New England Patriots,6.0,187.0,True,True
Lloyd Harrison,CB,70,190,4.5,37.5,16.0,119.0,7.12,4.25,2000,HarrLl20,1.0,Washington Redskins,3.0,64.0,True,True
Chris Hovan,DT,74,305,4.99,30.0,35.0,101.0,6.85,4.16,2000,HovaCh20,21.0,Minnesota Vikings,1.0,25.0,True,True
Reggie Howard,CB,71,190,4.55,,,,,,2000,HowaRe21,9.0,,,,False,True
Darren Howard,DE,76,281,5.09,29.0,,108.0,7.0,4.32,2000,HowaDa21,20.0,New Orleans Saints,2.0,33.0,True,True
Ethan Howell,CB,71,186,4.56,,16.0,,6.98,4.13,2000,,0.0,,,,False,False
Aaron Humphrey,DE,75,254,5.1,34.0,21.0,119.0,,,2000,,0.0,,,,False,False
Junior Ioane,DT,75,324,5.12,,,,,,2000,IoanJu20,4.0,Oakland Raiders,4.0,107.0,True,True
Jabari Issa,DT,77,296,5.05,31.5,19.0,105.0,7.69,4.72,2000,IssaJa20,3.0,Arizona Cardinals,6.0,176.0,True,True
Keith Jackson-01,DT,76,319,5.2,,28.0,,,,2000,,0.0,,,,False,False
Brandon Jennings,FS,72,198,4.51,38.0,16.0,123.0,6.91,4.14,2000,JennBr20,1.0,,,,False,True
Jerry Johnson,DT,72,293,5.03,28.5,26.0,102.0,,,2000,JohnJe21,1.0,Denver Broncos,4.0,101.0,True,True
Eric Johnson,SS,72,215,4.6,38.0,12.0,121.0,6.96,4.17,2000,JohnEr00,14.0,San Francisco 49ers,7.0,224.0,True,True
Dwight Johnson,DT,76,285,4.97,28.0,26.0,105.0,7.51,4.76,2000,JohnDw20,2.0,,,,False,True
Fred Jones,OLB,74,247,4.95,32.0,17.0,113.0,7.27,4.39,2000,JoneFr20,3.0,,,,False,True
Dhani Jones,OLB,73,240,4.68,,29.0,,,,2000,JoneDh20,17.0,New York Giants,6.0,177.0,True,True
Tinker Keck,SS,73,200,4.55,36.5,15.0,120.0,6.96,4.31,2000,,0.0,,,,False,False
Ben Kelly,CB,69,183,4.53,36.0,17.0,116.0,6.63,3.95,2000,KellBe20,0.0,Miami Dolphins,3.0,84.0,True,True
Kenoy Kennedy,FS,73,221,4.71,33.5,8.0,113.0,7.08,4.38,2000,KennKe21,12.0,Denver Broncos,2.0,45.0,True,True
Sean Key,FS,71,188,4.65,,,,7.12,4.2,2000,,0.0,,,,False,False
Kareem Larrimore,CB,71,190,4.42,34.0,,125.0,,,2000,LarrKa20,3.0,Dallas Cowboys,4.0,109.0,True,True
Leif Larsen,DT,76,300,5.08,30.0,45.0,110.0,7.46,4.37,2000,LarsLe20,3.0,Buffalo Bills,6.0,194.0,True,True
Al Lucas,DT,73,294,5.0,36.0,28.0,108.0,7.44,4.56,2000,LucaAl20,3.0,,,,False,True
Dustin Lyman,ILB,76,259,4.7,35.0,22.0,118.0,6.86,4.06,2000,LymaDu00,1.0,Chicago Bears,3.0,87.0,True,True
David Macklin,CB,69,194,4.54,37.5,,120.0,6.9,4.09,2000,MackDa20,13.0,Indianapolis Colts,3.0,91.0,True,True
Anthony Malbrough,CB,69,184,4.44,35.5,20.0,117.0,6.73,4.0,2000,MalbAn20,1.0,Cleveland Browns,5.0,130.0,True,True
Alvin McKinley,DT,76,289,5.09,27.5,22.0,102.0,7.73,4.61,2000,McKiAl20,1.0,Carolina Panthers,4.0,120.0,True,True
Rob Meier,DE,77,284,4.99,30.5,27.0,113.0,7.49,4.52,2000,MeieRo20,8.0,Jacksonville Jaguars,7.0,241.0,True,True
Keith Miller,ILB,73,246,4.97,27.5,24.0,110.0,7.37,4.43,2000,MillKe20,1.0,,,,False,True
Corey Moore,OLB,71,223,4.6,,21.0,,,,2000,MoorCo20,2.0,Buffalo Bills,3.0,89.0,True,True
Rob Morris,ILB,74,250,4.77,33.0,18.0,113.0,6.93,4.17,2000,MorrRo20,12.0,Indianapolis Colts,1.0,28.0,True,True
Aric Morris,SS,69,211,4.56,,24.0,,,,2000,MorrAr20,5.0,Tennessee Titans,5.0,135.0,True,True
Bobby Myers,FS,73,183,4.56,37.5,,123.0,7.04,4.1,2000,MyerBo21,3.0,Tennessee Titans,4.0,124.0,True,True
Deltha O'Neal,CB,71,193,4.6,,,,,,2000,ONeaDe00,21.0,Denver Broncos,1.0,15.0,True,True
Andre O'Neal,ILB,73,235,4.72,34.0,16.0,114.0,7.3,4.24,2000,ONeaAn20,2.0,,,,False,True
Adewale Ogunleye,DE,76,253,,,,,,,2000,OgunAd00,21.0,,,,False,True
Erik Olson,SS,73,208,4.63,35.0,17.0,115.0,6.81,4.21,2000,OlsoEr20,1.0,Jacksonville Jaguars,7.0,236.0,True,True
Julian Peterson,OLB,77,231,4.68,,,,,,2000,PeteJu00,28.0,San Francisco 49ers,1.0,16.0,True,True
Cedric Pittman,OLB,75,261,4.9,30.5,20.0,111.0,7.75,4.52,2000,,0.0,,,,False,False
Ahmed Plummer,CB,71,191,4.43,,,,,,2000,PlumAh20,16.0,San Francisco 49ers,1.0,24.0,True,True
DaShon Polk,OLB,74,233,4.75,32.0,18.0,111.0,7.43,4.45,2000,PolkDa20,2.0,Buffalo Bills,7.0,251.0,True,True
Hank Poteat,CB,70,197,4.57,37.0,16.0,126.0,6.66,4.0,2000,PoteHa20,5.0,Pittsburgh Steelers,3.0,77.0,True,True
Quinton Reese,DE,76,283,5.13,30.0,18.0,101.0,7.91,4.68,2000,,0.0,,,,False,False
Fred Robbins,DT,76,312,5.09,29.5,25.0,94.0,7.72,4.72,2000,RobbFr20,9.0,Minnesota Vikings,2.0,55.0,True,True
Mark Roman,CB,71,188,4.55,,,,,,2000,RomaMa20,7.0,Cincinnati Bengals,2.0,34.0,True,True
Lewis Sanders,CB,72,202,4.5,37.0,10.0,116.0,,,2000,SandLe20,5.0,Cleveland Browns,4.0,95.0,True,True
Sekou Sanyika,OLB,75,241,4.75,32.5,,111.0,7.33,4.38,2000,SanySe20,3.0,Arizona Cardinals,7.0,215.0,True,True
Tony Scott,CB,70,193,4.5,34.0,11.0,116.0,7.45,4.24,2000,ScotTo21,2.0,New York Jets,6.0,179.0,True,True
Richard Seals,DT,74,316,5.13,28.5,24.0,102.0,7.78,4.6,2000,,0.0,,,,False,False
Jacoby Shepherd,CB,73,195,4.53,35.0,5.0,120.0,,,2000,ShepJa20,1.0,St. Louis Rams,2.0,62.0,True,True
Samson Sherrod,OLB,75,262,4.78,,,,,,2000,,0.0,,,,False,False
Brandon Short,ILB,75,252,4.72,,,,,,2000,ShorBr20,16.0,New York Giants,4.0,105.0,True,True
Corey Simon,DT,74,297,4.83,,,,,,2000,SimoCo00,27.0,Philadelphia Eagles,1.0,6.0,True,True
Mark Simoneau,OLB,72,237,4.6,36.0,24.0,117.0,7.08,4.09,2000,SimoMa20,7.0,Atlanta Falcons,3.0,67.0,True,True
Peter Sirmon,ILB,74,246,4.84,34.5,20.0,115.0,7.21,4.27,2000,SirmPe20,10.0,Tennessee Titans,4.0,128.0,True,True
T.J. Slaughter,ILB,72,247,4.87,30.0,24.0,112.0,7.08,4.26,2000,SlauT.20,16.0,Jacksonville Jaguars,3.0,92.0,True,True
Dwyte Smiley,FS,73,198,4.57,35.0,13.0,115.0,7.18,4.29,2000,,0.0,,,,False,False
Jamel Smith,ILB,72,245,5.18,29.5,,108.0,7.51,4.58,2000,,0.0,,,,False,False
Robaire Smith,DE,76,275,4.88,,,,,,2000,SmitRo21,5.0,Tennessee Titans,6.0,197.0,True,True
Shannon Taylor,OLB,75,249,4.65,34.5,,115.0,,,2000,TaylSh20,4.0,San Diego Chargers,6.0,184.0,True,True
Adalius Thomas,DE,74,270,4.56,38.5,,120.0,,4.42,2000,ThomAd00,12.0,Baltimore Ravens,6.0,186.0,True,True
Raynoch Thompson,OLB,75,220,4.65,,,,,,2000,ThomRa23,15.0,Arizona Cardinals,2.0,41.0,True,True
Travares Tillman,FS,73,194,4.6,37.5,15.0,123.0,6.95,4.29,2000,TillTr20,5.0,Buffalo Bills,2.0,58.0,True,True
Mao Tosi,DT,77,310,5.26,28.5,19.0,99.0,7.72,4.6,2000,TosiMa20,4.0,Arizona Cardinals,5.0,136.0,True,True
Mac Tuiaea,DT,78,296,5.09,29.0,25.0,99.0,7.82,4.72,2000,,0.0,,,,False,False
Jeff Ulbrich,ILB,72,249,4.65,32.0,24.0,109.0,7.23,4.3,2000,UlbrJe20,12.0,San Francisco 49ers,3.0,86.0,True,True
Brian Urlacher,OLB,76,258,4.59,34.0,27.0,122.0,6.94,4.18,2000,UrlaBr00,45.0,Chicago Bears,1.0,9.0,True,True
Darrick Vaughn,CB,71,196,4.53,36.5,14.0,121.0,7.09,4.16,2000,VaugDa20,10.0,Atlanta Falcons,7.0,211.0,True,True
Darwin Walker,DT,74,293,4.82,,,,,,2000,WalkDa21,11.0,Arizona Cardinals,3.0,71.0,True,True
Steve Warren,DT,73,307,5.1,30.5,29.0,105.0,7.97,4.56,2000,WarrSt20,2.0,Green Bay Packers,3.0,74.0,True,True
Jason Webster,CB,69,180,4.42,35.5,17.0,122.0,6.76,3.98,2000,WebsJa20,15.0,San Francisco 49ers,2.0,48.0,True,True
Damen Wheeler,CB,69,179,4.51,35.0,11.0,115.0,7.21,4.27,2000,WheeDa20,0.0,San Diego Chargers,6.0,203.0,True,True
Jerard White,CB,73,213,4.61,38.5,14.0,118.0,6.96,4.53,2000,,0.0,,,,False,False
Jack Williams-01,SS,70,206,4.72,31.5,15.0,108.0,7.15,4.65,2000,,0.0,,,,False,False
Josh Williams,DT,75,282,4.9,30.5,,111.0,7.22,4.25,2000,WillJo30,11.0,Indianapolis Colts,4.0,122.0,True,True
Antonio Wilson,OLB,74,245,4.56,,11.0,,,,2000,WilsAn20,2.0,Minnesota Vikings,4.0,106.0,True,True
Cedric Woodard,DT,74,290,5.21,30.5,23.0,109.0,,,2000,WoodCe20,8.0,Baltimore Ravens,6.0,191.0,True,True
Brian Young,DE,74,278,4.94,29.5,27.0,106.0,7.2,4.47,2000,YounBr20,13.0,St. Louis Rams,5.0,139.0,True,True
Keith Adams,OLB,71,219,4.82,,24.0,104.0,,,2001,AdamKe20,5.0,Tennessee Titans,7.0,232.0,True,True
Hakim Akbar,FS,72,210,4.55,,,,,,2001,AkbaHa20,0.0,New England Patriots,5.0,163.0,True,True
Will Allen-01,CB,70,192,4.44,39.5,14.0,121.0,6.78,3.9,2001,AlleWi20,18.0,New York Giants,1.0,22.0,True,True
Brian Allen-01,OLB,72,238,4.65,,25.0,,,,2001,AlleBr21,7.0,St. Louis Rams,3.0,83.0,True,True
Adam Archuleta,SS,72,211,4.46,,31.0,,,,2001,ArchAd20,18.0,St. Louis Rams,1.0,20.0,True,True
Rodney Bailey,DE,75,283,5.1,,,,,,2001,BailRo21,5.0,Pittsburgh Steelers,6.0,181.0,True,True
Idrees Bashir,FS,74,206,4.56,40.0,22.0,126.0,7.14,4.2,2001,BashId20,14.0,Indianapolis Colts,2.0,37.0,True,True
Gary Baxter,CB,74,204,4.53,37.5,,122.0,7.39,4.21,2001,BaxtGa20,12.0,Baltimore Ravens,2.0,62.0,True,True
Monty Beisel,DE,76,270,4.83,34.5,25.0,110.0,7.32,4.28,2001,BeisMo20,3.0,Kansas City Chiefs,4.0,107.0,True,True
Marcus Bell-02,DT,73,319,5.32,,17.0,98.0,8.07,4.71,2001,BellMa20,8.0,Arizona Cardinals,4.0,123.0,True,True
Kendrell Bell,ILB,73,234,4.64,38.5,24.0,124.0,7.25,4.5,2001,BellKe20,31.0,Pittsburgh Steelers,2.0,39.0,True,True
Cory Bird,SS,70,217,4.6,,22.0,,,,2001,BirdCo20,4.0,Indianapolis Colts,3.0,91.0,True,True
Randy Black,SS,72,205,4.74,35.5,,115.0,7.14,4.2,2001,,0.0,,,,False,False
Harold Blackmon,CB,71,210,4.54,37.0,17.0,121.0,7.03,4.28,2001,BlacHa20,1.0,Seattle Seahawks,7.0,210.0,True,True
Willie Blade,DT,75,316,4.93,,,,,,2001,BladWi20,8.0,Dallas Cowboys,3.0,93.0,True,True
Al Blades,SS,73,209,4.56,,,,,,2001,,0.0,,,,False,False
Fred Booker,CB,69,193,4.65,,,,,,2001,BookFr20,1.0,,,,False,True
Kyle Vanden Bosch,DE,76,270,4.75,36.5,26.0,119.0,6.82,4.08,2001,VandKy99,11.0,Arizona Cardinals,2.0,34.0,True,True
James Boyd,SS,71,207,4.59,32.5,,117.0,7.29,4.24,2001,BoydJa20,2.0,Jacksonville Jaguars,3.0,94.0,True,True
Roylin Bradley,OLB,73,243,4.67,34.0,19.0,116.0,7.16,4.28,2001,,0.0,,,,False,False
Kenny Bryant,CB,71,190,4.65,37.5,10.0,117.0,7.5,4.15,2001,,0.0,,,,False,False
Derrick Burgess,DE,74,264,4.92,40.0,24.0,125.0,7.85,,2001,BurgDe99,11.0,Philadelphia Eagles,3.0,63.0,True,True
Jerametrius Butler,CB,70,173,4.57,36.0,11.0,121.0,7.22,4.4,2001,ButlJe20,9.0,St. Louis Rams,5.0,145.0,True,True
Cecil Caldwell,DT,73,268,4.93,,,,,,2001,,0.0,,,,False,False
Terrence Carroll,SS,72,212,4.63,,,,,,2001,,0.0,,,,False,False
Robert Carswell,FS,72,214,4.59,34.0,21.0,106.0,7.14,4.18,2001,CarsRo20,1.0,San Diego Chargers,7.0,244.0,True,True
Andre Carter,DE,76,249,4.84,38.5,20.0,132.0,,4.24,2001,CartAn20,22.0,San Francisco 49ers,1.0,7.0,True,True
Quinton Caver,ILB,76,227,4.67,37.5,23.0,118.0,7.66,4.25,2001,CaveQu20,2.0,Philadelphia Eagles,2.0,55.0,True,True
Derrick Chambers,DT,76,299,4.98,,32.0,,,,2001,,0.0,,,,False,False
Patrick Chukwurah,OLB,74,238,4.77,40.0,24.0,119.0,7.34,4.21,2001,ChukPa20,4.0,Minnesota Vikings,5.0,157.0,True,True
Nate Clements,CB,71,209,4.38,,,,,,2001,ClemNa99,21.0,Buffalo Bills,1.0,21.0,True,True
Tay Cody,CB,69,181,4.55,,11.0,,,,2001,CodyTa20,4.0,San Diego Chargers,3.0,67.0,True,True
Jarrod Cooper,SS,72,222,4.45,41.5,,130.0,6.87,3.9,2001,CoopJa20,2.0,Carolina Panthers,5.0,143.0,True,True
Chris Cooper,DE,77,272,4.95,35.5,24.0,114.0,7.12,4.21,2001,CoopCh20,10.0,Oakland Raiders,6.0,184.0,True,True
Rodney Crayton,CB,68,178,4.6,35.5,13.0,118.0,7.25,4.4,2001,,0.0,,,,False,False
Rick Crowell,OLB,75,242,5.03,31.5,19.0,109.0,7.54,4.35,2001,,0.0,Miami Dolphins,6.0,188.0,True,False
Ennis Davis,DT,76,302,5.1,27.5,23.0,99.0,7.98,4.87,2001,,0.0,,,,False,False
Anthony Denman,ILB,73,239,4.76,,,,,,2001,DenmAn20,2.0,Jacksonville Jaguars,7.0,213.0,True,True
Tony Dixon,SS,73,213,4.63,37.0,17.0,117.0,7.38,,2001,DixoTo20,6.0,Dallas Cowboys,2.0,56.0,True,True
Jason Doering,FS,71,202,4.73,,,,7.07,4.12,2001,DoerJa20,5.0,Indianapolis Colts,6.0,193.0,True,True
Eric Downing,DT,75,302,5.23,,27.0,,,,2001,DownEr20,7.0,Kansas City Chiefs,3.0,75.0,True,True
Patrick Dyson,CB,71,192,4.55,31.5,,114.0,,,2001,,0.0,,,,False,False
Andre Dyson,CB,70,179,4.4,,,119.0,,,2001,DysoAn20,19.0,Tennessee Titans,2.0,60.0,True,True
Nijrell Eason,CB,73,201,4.59,34.5,19.0,119.0,,,2001,EasoNi21,0.0,,,,False,True
Ron Edwards,DT,75,293,4.86,,,,,,2001,EdwaRo20,9.0,Buffalo Bills,3.0,76.0,True,True
Mario Fatafehi,DT,74,295,5.29,,,,,,2001,FataMa20,6.0,Arizona Cardinals,5.0,133.0,True,True
Jamar Fletcher,CB,69,180,4.48,,,,,,2001,FletJa20,4.0,Miami Dolphins,1.0,26.0,True,True
Shawn Forte,FS,73,204,4.54,,20.0,,,,2001,,0.0,,,,False,False
Curtis Fuller,FS,70,186,4.45,36.0,18.0,114.0,7.2,4.21,2001,FullCu20,3.0,Seattle Seahawks,4.0,127.0,True,True
Setema Gali,DE,76,251,4.88,,,,,,2001,,0.0,,,,False,False
Randy Garner,DE,76,277,4.77,,,,,,2001,,0.0,,,,False,False
Derrick Gibson,SS,74,218,4.45,,17.0,,,,2001,GibsDe21,10.0,Oakland Raiders,1.0,28.0,True,True
Jason Glenn,OLB,73,236,4.94,36.0,14.0,115.0,7.16,4.31,2001,GlenJa20,4.0,Detroit Lions,6.0,173.0,True,True
Kenneth Grant,CB,70,204,4.53,39.0,,115.0,7.15,4.34,2001,,0.0,,,,False,False
DeLawrence Grant,DE,75,280,4.77,,,,,,2001,GranDe20,9.0,Oakland Raiders,3.0,89.0,True,True
Morlon Greenwood,OLB,72,237,4.69,33.5,21.0,112.0,7.62,4.08,2001,GreeMo20,16.0,Miami Dolphins,3.0,88.0,True,True
Corey Hall,FS,75,198,4.5,36.5,14.0,127.0,,,2001,HallCo20,0.0,Atlanta Falcons,7.0,215.0,True,True
Casey Hampton,DT,73,314,5.25,,34.0,,,,2001,HampCa00,23.0,Pittsburgh Steelers,1.0,19.0,True,True
Shaunard Harts,SS,72,200,4.56,34.5,12.0,119.0,7.14,,2001,HartSh20,6.0,Kansas City Chiefs,7.0,212.0,True,True
Edgerton Hartwell,ILB,73,250,4.86,36.5,18.0,114.0,7.64,4.56,2001,,0.0,,,,False,False
Reggie Hayward,DE,77,255,4.91,41.0,21.0,127.0,7.43,4.43,2001,HaywRe20,7.0,Denver Broncos,3.0,87.0,True,True
Jamie Henderson,CB,73,202,4.48,40.5,10.0,125.0,6.9,4.12,2001,HendJa20,3.0,New York Jets,4.0,101.0,True,True
Anthony Henry,CB,73,198,4.6,41.0,15.0,126.0,6.9,4.2,2001,HenrAn20,15.0,Cleveland Browns,4.0,97.0,True,True
Anthony Herron,DE,75,280,5.16,36.0,26.0,114.0,7.58,4.43,2001,HerrAn21,0.0,,,,False,True
Renaldo Hill,CB,71,178,4.68,35.5,10.0,116.0,7.07,4.18,2001,HillRe20,10.0,Arizona Cardinals,7.0,202.0,True,True
Sedrick Hodge,OLB,76,244,4.49,32.0,21.0,120.0,,4.09,2001,HodgSe20,12.0,New Orleans Saints,3.0,70.0,True,True
Menson Holloway,DE,74,284,4.9,34.5,19.0,111.0,7.54,4.43,2001,,0.0,,,,False,False
Rashad Holman,CB,71,186,4.58,42.0,6.0,129.0,7.09,3.85,2001,HolmRa20,4.0,San Francisco 49ers,6.0,179.0,True,True
Willie Howard,DT,75,295,4.94,,23.0,,,,2001,HowaWi20,1.0,Minnesota Vikings,2.0,57.0,True,True
John Howell,FS,72,204,4.64,37.0,14.0,121.0,6.87,4.12,2001,HoweJo21,4.0,Tampa Bay Buccaneers,4.0,117.0,True,True
Orlando Huff,OLB,74,245,4.7,,16.0,,,,2001,HuffOr20,7.0,Seattle Seahawks,4.0,104.0,True,True
William James,CB,72,197,4.51,38.5,13.0,120.0,,,2001,,0.0,,,,False,False
Michael Jameson,FS,71,186,4.5,34.5,9.0,118.0,7.13,4.2,2001,JameMi20,3.0,Cleveland Browns,6.0,165.0,True,True
Kris Jenkins,DT,77,318,5.19,31.0,33.0,108.0,7.85,4.4,2001,JenkKr00,39.0,Carolina Panthers,2.0,44.0,True,True
Ligarius Jennings,CB,69,202,4.67,34.0,11.0,120.0,7.07,4.03,2001,JennLi20,1.0,,,,False,True
Bhawoh Jue,CB,72,199,4.54,34.5,,113.0,7.21,4.27,2001,JuexBh20,6.0,Green Bay Packers,3.0,71.0,True,True
Rod Kelly,DE,77,254,4.93,28.5,20.0,114.0,7.93,4.55,2001,,0.0,,,,False,False
Eric Kelly,CB,70,199,4.46,36.0,15.0,120.0,7.24,4.18,2001,KellEr20,9.0,Minnesota Vikings,3.0,69.0,True,True
Ross Kolodziej,DE,75,290,4.87,34.5,25.0,111.0,7.37,4.36,2001,KoloRo20,4.0,New York Giants,7.0,230.0,True,True
Justin Kurpeikis,DE,75,252,4.97,31.5,22.0,118.0,6.82,4.1,2001,KurpJu20,0.0,,,,False,True
Damione Lewis,DT,75,293,4.9,,22.0,,,,2001,LewiDa20,8.0,St. Louis Rams,1.0,12.0,True,True
Alex Lincoln,ILB,72,251,4.77,35.0,22.0,111.0,,,2001,,0.0,San Francisco 49ers,7.0,209.0,True,False
DeAngelo Lloyd,DE,77,264,4.88,,15.0,,,,2001,,0.0,,,,False,False
Ken Lucas,CB,72,200,4.45,,,,,,2001,LucaKe20,14.0,Seattle Seahawks,2.0,40.0,True,True
Torrance Marshall,ILB,74,249,4.7,,,,,,2001,MarsTo20,6.0,Green Bay Packers,3.0,72.0,True,True
Marlon McCree,SS,71,197,4.62,38.0,10.0,117.0,7.36,4.1,2001,McCrMa20,17.0,Jacksonville Jaguars,7.0,233.0,True,True
Willie Middlebrooks,CB,74,200,4.5,,17.0,,,,2001,MiddWi20,2.0,Denver Broncos,1.0,24.0,True,True
Dwayne Missouri,DE,77,258,5.03,38.0,21.0,116.0,7.5,4.4,2001,MissDw20,0.0,Baltimore Ravens,7.0,231.0,True,True
Mario Monds,DT,75,342,5.04,28.5,,99.0,8.06,4.73,2001,MondMa20,1.0,Washington Redskins,6.0,186.0,True,True
Keon Moore,CB,71,193,4.56,37.5,10.0,119.0,7.06,4.2,2001,,0.0,,,,False,False
Zeke Moreno,ILB,74,248,4.76,,24.0,,7.1,4.31,2001,MoreZe20,9.0,San Diego Chargers,5.0,139.0,True,True
Dan Morgan,ILB,74,240,4.54,,,,,,2001,MorgDa99,16.0,Carolina Panthers,1.0,11.0,True,True
Leonard Myers,CB,70,190,4.65,37.0,13.0,120.0,7.21,4.16,2001,MyerLe20,1.0,New England Patriots,6.0,200.0,True,True
Carl Nesmith,FS,74,223,4.95,31.5,5.0,112.0,,,2001,,0.0,,,,False,False
Richard Newsome,FS,71,203,4.59,,14.0,,,,2001,NewsRi20,1.0,,,,False,True
Ifeanyi Ohalete,FS,74,221,4.64,,16.0,,,,2001,OhalIf20,12.0,,,,False,True
Saul Patu,DE,74,272,5.01,30.5,22.0,112.0,7.52,4.43,2001,,0.0,,,,False,False
Devonte Peterson,DE,75,275,5.02,,31.0,,,,2001,,0.0,,,,False,False
Jeremiah Pharms,OLB,72,257,4.91,32.5,,106.0,7.37,4.53,2001,,0.0,Cleveland Browns,5.0,134.0,True,False
Ryan Pickett,DT,74,309,5.1,,,,,,2001,PickRy20,15.0,St. Louis Rams,1.0,29.0,True,True
Carlos Polk,ILB,74,251,4.76,,,,,,2001,PolkCa20,2.0,San Diego Chargers,4.0,112.0,True,True
Tommy Polley,OLB,76,234,4.55,,,,,,2001,PollTo21,19.0,St. Louis Rams,2.0,42.0,True,True
Jamal Reynolds,DE,75,267,4.72,,,,,,2001,ReynJa20,3.0,Green Bay Packers,1.0,10.0,True,True
Karon Riley,DE,74,264,4.75,,,,,,2001,RileKa20,1.0,Chicago Bears,4.0,103.0,True,True
Shaun Rogers,DT,76,320,5.28,,,,,,2001,RogeSh99,18.0,Detroit Lions,2.0,61.0,True,True
Jace Sayler,DT,77,294,5.06,31.0,29.0,105.0,7.81,4.59,2001,SaylJa20,1.0,,,,False,True
John Schlecht,DT,72,295,4.95,31.5,27.0,101.0,7.45,4.3,2001,SchlJo20,1.0,,,,False,True
Aaron Schobel,DE,76,263,4.75,38.0,,119.0,7.16,4.03,2001,SchoAa99,21.0,Buffalo Bills,2.0,46.0,True,True
Carey Scott,CB,71,208,4.65,30.0,,113.0,7.52,4.18,2001,ScotCa20,0.0,Minnesota Vikings,6.0,189.0,True,True
Cedric Scott,DE,78,281,4.86,35.5,23.0,107.0,7.67,4.37,2001,ScotCe20,1.0,New York Giants,4.0,114.0,True,True
Anthony Sessions,OLB,72,228,4.8,,19.0,,,,2001,,0.0,,,,False,False
Richard Seymour,DT,78,299,4.95,,,,,,2001,SeymRi00,32.0,New England Patriots,1.0,6.0,True,True
Roland Seymour,DE,75,250,4.75,,,,,,2001,,0.0,,,,False,False
Rickie Simpkins,DT,75,287,5.28,29.5,,97.0,7.65,4.52,2001,,0.0,,,,False,False
Dwight Smith,CB,70,212,4.51,33.5,15.0,114.0,,,2001,SmitDw20,13.0,Tampa Bay Buccaneers,3.0,84.0,True,True
Justin Smith,DE,76,267,4.64,34.0,26.0,117.0,,,2001,SmitJu20,19.0,Cincinnati Bengals,1.0,4.0,True,True
Kenny Smith,DT,75,299,5.24,30.0,,100.0,8.0,4.8,2001,SmitKe23,8.0,New Orleans Saints,3.0,81.0,True,True
Fred Smoot,CB,71,172,4.48,,,,,,2001,SmooFr20,18.0,Washington Redskins,2.0,45.0,True,True
Brandon Spoon,ILB,74,245,4.75,35.5,33.0,110.0,7.3,4.15,2001,SpooBr20,5.0,Buffalo Bills,4.0,110.0,True,True
Markus Steele,OLB,75,232,4.62,33.0,,119.0,7.15,4.5,2001,SteeMa20,8.0,Dallas Cowboys,4.0,122.0,True,True
Daleroy Stewart,DT,75,309,4.9,33.0,,110.0,7.75,4.72,2001,StewDa20,3.0,Dallas Cowboys,6.0,171.0,True,True
Michael Stone,CB,71,191,4.51,41.0,17.0,127.0,,,2001,StonMi20,2.0,Arizona Cardinals,2.0,54.0,True,True
Marcus Stroud,DT,78,321,5.13,30.0,21.0,110.0,8.07,4.72,2001,StroMa01,22.0,Jacksonville Jaguars,1.0,13.0,True,True
Joe Tafoya,DE,76,269,4.91,33.0,28.0,111.0,7.65,4.4,2001,TafoJo20,2.0,Tampa Bay Buccaneers,7.0,234.0,True,True
Clevan Thomas,CB,69,189,4.64,36.0,,118.0,7.42,4.24,2001,,0.0,,,,False,False
Paul Toviessi,DE,78,260,4.78,33.5,,120.0,7.06,4.32,2001,,0.0,Denver Broncos,2.0,51.0,True,False
T.J. Turner,ILB,75,273,4.8,,,,,,2001,TurnT.21,0.0,New England Patriots,7.0,239.0,True,True
Fred Wakefield,DE,79,287,5.09,29.0,26.0,108.0,7.49,4.64,2001,WakeFr00,12.0,,,,False,True
Raymond Walls,CB,71,176,4.51,39.0,,124.0,,4.18,2001,WallRa20,1.0,Indianapolis Colts,5.0,152.0,True,True
David Warren,DE,74,253,4.73,,21.0,,7.53,4.46,2001,,0.0,,,,False,False
Gerard Warren,DT,76,325,5.0,,,,,,2001,WarrGe20,25.0,Cleveland Browns,1.0,3.0,True,True
Eric Westmoreland,OLB,72,236,4.63,36.5,21.0,115.0,7.47,4.21,2001,WestEr20,4.0,Jacksonville Jaguars,3.0,73.0,True,True
Emile White,SS,72,219,4.68,34.5,16.0,111.0,7.26,,2001,,0.0,,,,False,False
James Whitley,CB,70,193,4.73,39.0,9.0,118.0,7.04,4.4,2001,WhitJa21,2.0,,,,False,True
Brock Williams,CB,70,183,4.46,42.5,11.0,130.0,6.7,4.21,2001,WillBr26,1.0,New England Patriots,3.0,86.0,True,True
Jimmy Williams-01,CB,70,188,4.58,36.0,,120.0,7.12,,2001,WillJi22,4.0,Buffalo Bills,6.0,196.0,True,True
Jamie Winborn,ILB,71,229,4.63,35.5,,111.0,,,2001,WinbJa20,6.0,San Francisco 49ers,2.0,47.0,True,True
Shawn Worthen,DT,73,310,5.18,30.0,23.0,103.0,7.5,4.61,2001,WortSh20,0.0,Minnesota Vikings,4.0,130.0,True,True
Ellis Wyms,DE,75,285,4.97,28.0,,103.0,7.71,4.47,2001,WymsEl20,5.0,Tampa Bay Buccaneers,6.0,183.0,True,True
James Allen,OLB,75,240,4.62,38.0,24.0,126.0,7.59,4.21,2002,AlleJa21,9.0,New Orleans Saints,3.0,82.0,True,True
Marques Anderson,SS,71,213,4.5,39.5,18.0,127.0,,,2002,AndeMa22,14.0,Green Bay Packers,3.0,92.0,True,True
Akin Ayodele,OLB,74,257,4.81,35.0,26.0,121.0,7.0,4.12,2002,AyodAk20,20.0,Jacksonville Jaguars,3.0,89.0,True,True
Clenton Ballard,DT,74,313,5.18,26.5,24.0,93.0,7.47,4.64,2002,,0.0,,,,False,False
Justin Bannan,DT,75,300,5.0,29.0,24.0,99.0,7.31,4.24,2002,BannJu20,5.0,Buffalo Bills,5.0,139.0,True,True
Rashad Bauman,CB,68,186,4.44,39.0,10.0,118.0,,,2002,BaumRa20,2.0,Washington Redskins,3.0,79.0,True,True
Chad Beasley,DT,77,303,5.15,31.5,27.0,104.0,7.75,4.6,2002,BeasCh20,2.0,Minnesota Vikings,7.0,218.0,True,True
Kevin Bentley,OLB,72,243,4.68,39.0,23.0,120.0,6.71,3.83,2002,BentKe20,12.0,Cleveland Browns,4.0,101.0,True,True
Rocky Bernard,DT,75,294,4.96,33.0,30.0,108.0,7.43,4.41,2002,BernRo20,6.0,Seattle Seahawks,5.0,146.0,True,True
Terreal Bierria,FS,75,216,4.61,36.0,18.0,130.0,6.93,4.1,2002,BierTe20,6.0,Seattle Seahawks,4.0,120.0,True,True
Rocky Boiman,OLB,76,242,4.6,35.0,17.0,122.0,6.86,4.05,2002,BoimRo20,6.0,Tennessee Titans,4.0,133.0,True,True
Bruce Branch,CB,70,192,4.53,35.0,,119.0,7.12,4.47,2002,BranBr20,0.0,,,,False,True
Sam Brandon,FS,74,199,4.66,36.5,,127.0,,,2002,BranSa20,8.0,Denver Broncos,4.0,131.0,True,True
Jack Brewer,FS,72,194,4.59,37.0,12.0,122.0,6.9,4.24,2002,BrewJa20,2.0,,,,False,True
Raheem Brock,DE,76,257,4.93,34.0,25.0,115.0,7.09,4.23,2002,BrocRa20,16.0,Philadelphia Eagles,7.0,238.0,True,True
Sheldon Brown,CB,70,196,4.47,36.5,15.0,120.0,7.0,4.24,2002,BrowSh20,10.0,Philadelphia Eagles,2.0,59.0,True,True
Alex Brown,DE,75,260,4.74,,,,,,2002,BrowAl20,23.0,Chicago Bears,4.0,104.0,True,True
Wendell Bryant,DT,76,308,4.91,,,,,,2002,BryaWe20,4.0,Arizona Cardinals,1.0,12.0,True,True
Phillip Buchanon,CB,70,186,4.31,,,,,,2002,BuchPh20,16.0,Oakland Raiders,1.0,17.0,True,True
Courtland Bullard,OLB,75,234,4.69,36.5,,123.0,6.99,4.28,2002,BullCo20,2.0,St. Louis Rams,5.0,167.0,True,True
Jamie Burrow,ILB,73,249,4.83,30.5,18.0,102.0,7.28,4.21,2002,,0.0,,,,False,False
Rocky Calmus,OLB,75,243,4.69,,16.0,,,,2002,CalmRo20,6.0,Tennessee Titans,3.0,77.0,True,True
Chris Cash,CB,70,177,4.5,,,,,,2002,CashCh20,7.0,Detroit Lions,6.0,175.0,True,True
Jermaine Chatman,CB,71,185,4.55,35.5,,121.0,,,2002,,0.0,,,,False,False
Kenyon Coleman,DE,77,284,4.97,,32.0,,,,2002,ColeKe20,3.0,Oakland Raiders,5.0,147.0,True,True
Mike Collins-02,DT,75,298,5.03,31.5,31.0,105.0,7.52,4.46,2002,,0.0,,,,False,False
Joe Cooper,OLB,72,233,4.95,32.0,17.0,111.0,7.47,4.46,2002,,0.0,,,,False,False
Keyuo Craver,CB,71,201,4.62,31.0,13.0,123.0,,,2002,CravKe20,2.0,New Orleans Saints,4.0,125.0,True,True
Kevin Curtis-01,FS,74,212,4.53,37.5,24.0,124.0,6.75,3.88,2002,,0.0,San Francisco 49ers,4.0,127.0,True,False
Dorsett Davis,DT,77,304,5.0,31.0,30.0,109.0,7.83,4.67,2002,DaviDo23,1.0,Denver Broncos,3.0,96.0,True,True
Andra Davis,ILB,73,244,4.77,31.5,20.0,112.0,,,2002,DaviAn20,16.0,Cleveland Browns,5.0,141.0,True,True
Dan Dawson,SS,73,219,4.57,38.0,24.0,124.0,6.75,4.0,2002,,0.0,,,,False,False
Ryan Denney,DE,79,276,4.86,33.0,36.0,107.0,7.18,4.25,2002,DennRy20,12.0,Buffalo Bills,2.0,61.0,True,True
Nate Dwyer,DT,75,313,5.1,31.0,27.0,103.0,7.57,4.41,2002,,0.0,,,,False,False
Mike Echols,CB,69,190,4.35,,,,,,2002,EchoMi20,0.0,Tennessee Titans,4.0,110.0,True,True
Kalimba Edwards,DE,77,265,4.75,,,,,,2002,EdwaKa20,7.0,Detroit Lions,2.0,35.0,True,True
Justin Ena,ILB,75,247,4.71,34.0,20.0,116.0,6.78,4.11,2002,EnaxJu20,4.0,,,,False,True
Demarcus Faggins,CB,70,178,4.57,36.5,3.0,121.0,6.64,3.92,2002,FaggDe20,4.0,Houston Texans,6.0,173.0,True,True
Trev Faulk,ILB,75,241,4.9,32.0,,116.0,,,2002,FaulTr20,4.0,,,,False,True
Levar Fisher,OLB,73,233,4.67,31.0,,110.0,7.3,,2002,FishLe20,6.0,Arizona Cardinals,2.0,49.0,True,True
Larry Foote,OLB,73,231,4.83,30.0,24.0,,7.18,4.41,2002,FootLa20,12.0,Pittsburgh Steelers,4.0,128.0,True,True
Willie Ford,CB,73,195,4.57,34.0,10.0,117.0,7.25,4.33,2002,,0.0,,,,False,False
Lonnie Ford,DE,74,261,4.77,37.5,22.0,112.0,7.12,4.28,2002,,0.0,,,,False,False
Eddie Freeman,DT,77,310,4.91,34.5,32.0,111.0,7.85,4.81,2002,FreeEd20,1.0,Kansas City Chiefs,2.0,43.0,True,True
Dwight Freeney,DE,73,266,4.48,,28.0,,,,2002,FreeDw00,29.0,Indianapolis Colts,1.0,11.0,True,True
Scott Fujita,OLB,77,248,4.64,42.0,20.0,122.0,7.09,4.21,2002,FujiSc20,17.0,Kansas City Chiefs,5.0,143.0,True,True
LaVar Glover,CB,69,177,4.59,37.0,11.0,117.0,7.18,4.29,2002,GlovLa20,0.0,Pittsburgh Steelers,7.0,212.0,True,True
Andre Goodman,CB,70,182,4.36,,,,,,2002,,0.0,,,,False,False
Charles Grant,DE,75,282,4.69,31.0,24.0,118.0,7.69,4.39,2002,GranCh21,20.0,New Orleans Saints,1.0,25.0,True,True
Bobby Gray,SS,72,209,4.66,,24.0,112.0,,,2002,GrayBo20,6.0,Chicago Bears,5.0,140.0,True,True
Jarvis Green,DE,75,272,4.87,31.0,,109.0,7.52,4.25,2002,GreeJa21,10.0,New England Patriots,4.0,126.0,True,True
Sean Guthrie,DE,76,269,4.88,,28.0,,,,2002,,0.0,,,,False,False
Carlos Hall,DE,76,259,4.67,40.0,20.0,129.0,6.97,4.19,2002,HallCa20,16.0,Tennessee Titans,7.0,240.0,True,True
Alan Harper,DT,74,295,5.27,30.5,,104.0,,4.64,2002,HarpAl20,1.0,New York Jets,4.0,121.0,True,True
Quentin Harris,FS,72,216,4.61,36.5,14.0,120.0,7.59,4.34,2002,HarrQu20,4.0,,,,False,True
Napoleon Harris,OLB,75,253,4.55,34.0,27.0,115.0,7.15,4.44,2002,HarrNa20,16.0,Oakland Raiders,1.0,23.0,True,True
Tyreo Harrison,ILB,74,238,4.87,40.0,,118.0,7.24,,2002,HarrTy20,1.0,Philadelphia Eagles,6.0,198.0,True,True
Albert Haynesworth,DT,78,320,5.09,,,,,,2002,HaynAl20,13.0,Tennessee Titans,1.0,15.0,True,True
Jason Hebert,FS,71,190,4.63,35.5,15.0,118.0,7.12,3.88,2002,,0.0,,,,False,False
John Henderson,DT,79,308,4.87,27.5,24.0,110.0,7.71,4.66,2002,HendJo99,29.0,Jacksonville Jaguars,1.0,9.0,True,True
Charles Hill,DT,74,293,5.06,33.5,23.0,113.0,7.37,4.36,2002,HillCh20,1.0,Houston Texans,3.0,83.0,True,True
Chris Hope,FS,72,210,4.58,,28.0,113.0,,,2002,HopeCh21,10.0,Pittsburgh Steelers,3.0,94.0,True,True
Abdual Howard,SS,72,209,4.64,,,120.0,,,2002,,0.0,,,,False,False
Grant Irons,DE,78,267,4.96,40.5,19.0,119.0,7.27,4.38,2002,IronGr20,2.0,,,,False,True
Ron Israel,SS,72,213,4.6,,20.0,121.0,,,2002,IsraRo20,0.0,,,,False,True
Bobby Jackson,SS,72,216,4.68,34.5,,125.0,7.01,4.16,2002,,0.0,,,,False,False
Quentin Jammer,CB,72,204,4.49,36.0,18.0,124.0,,,2002,JammQu20,14.0,San Diego Chargers,1.0,5.0,True,True
Joseph Jefferson,CB,71,205,4.39,39.5,8.0,121.0,6.84,4.01,2002,,0.0,,,,False,False
Bradley Jennings,ILB,75,255,4.96,,,,,,2002,,0.0,,,,False,False
Dennis Johnson,DE,77,258,4.82,35.5,17.0,119.0,7.21,4.36,2002,JohnDe22,5.0,Arizona Cardinals,3.0,98.0,True,True
Eric Joyce,CB,69,192,4.53,40.5,11.0,115.0,6.81,3.97,2002,JoycEr20,0.0,,,,False,True
Brett Keisel,DE,77,279,4.89,33.5,26.0,107.0,7.28,4.51,2002,KeisBr20,5.0,Pittsburgh Steelers,7.0,242.0,True,True
Stephon Kelly,SS,75,212,4.62,32.5,15.0,117.0,7.26,4.1,2002,,0.0,,,,False,False
Antwan Lake,DE,76,288,5.08,,27.0,,,,2002,LakeAn20,3.0,,,,False,True
Ben Leber,OLB,75,244,4.62,32.5,20.0,114.0,6.75,4.25,2002,LebeBe20,18.0,San Diego Chargers,3.0,71.0,True,True
Michael Lewis,SS,73,211,4.6,36.5,16.0,122.0,6.96,4.14,2002,LewiMi99,19.0,Philadelphia Eagles,2.0,58.0,True,True
D.D. Lewis,ILB,73,235,4.7,33.5,24.0,114.0,,,2002,LewiD.21,10.0,,,,False,True
Andre Lott,CB,70,194,4.48,36.5,15.0,119.0,7.1,4.01,2002,LottAn20,4.0,Washington Redskins,5.0,159.0,True,True
Omare Lowe,CB,73,196,4.58,35.5,12.0,118.0,6.65,3.97,2002,LoweOm20,0.0,Miami Dolphins,5.0,161.0,True,True
Wesly Mallard,SS,74,221,4.49,41.0,22.0,122.0,6.81,4.07,2002,MallWe20,2.0,New York Giants,6.0,188.0,True,True
Marquand Manuel,SS,72,209,4.52,,18.0,,,,2002,ManuMa20,5.0,Cincinnati Bengals,6.0,181.0,True,True
Jon McGraw,SS,75,208,4.5,39.5,13.0,126.0,6.51,3.92,2002,McGrJo21,5.0,New York Jets,2.0,57.0,True,True
Mel Mitchell,FS,73,220,4.55,35.0,15.0,128.0,7.0,4.15,2002,MitcMe20,3.0,New Orleans Saints,5.0,150.0,True,True
Quincy Monk,ILB,75,250,4.82,33.5,26.0,113.0,7.48,4.38,2002,MonkQu20,1.0,New York Giants,7.0,245.0,True,True
Derrius Monroe,DE,76,269,4.56,31.5,25.0,111.0,7.38,4.51,2002,,0.0,,,,False,False
Brandon Moore-01,OLB,73,239,4.61,36.5,23.0,113.0,,,2002,,0.0,,,,False,False
Brandon Moore-02,DT,75,293,5.26,25.5,32.0,96.0,7.84,4.64,2002,MoorBr20,13.0,,,,False,True
Willie Offord,SS,74,215,4.61,35.0,22.0,117.0,,,2002,OffoWi20,4.0,Minnesota Vikings,3.0,70.0,True,True
Tony Okanlawon,CB,70,185,4.67,38.0,16.0,118.0,7.37,4.39,2002,OkanTo20,0.0,,,,False,True
Will Overstreet,DE,75,259,4.65,32.5,21.0,116.0,7.37,4.31,2002,OverWi20,1.0,Atlanta Falcons,3.0,80.0,True,True
Anton Palepoi,DE,75,279,4.81,33.5,24.0,114.0,7.46,4.27,2002,PaleAn20,4.0,Seattle Seahawks,2.0,60.0,True,True
Julius Peppers,DE,78,283,4.74,,,,,,2002,PeppJu99,30.0,Carolina Panthers,1.0,2.0,True,True
Jermaine Petty,ILB,75,261,4.74,33.5,20.0,116.0,,4.34,2002,,0.0,,,,False,False
Jermaine Phillips,FS,73,214,4.66,31.5,18.0,115.0,,,2002,PhilJe20,11.0,Tampa Bay Buccaneers,5.0,157.0,True,True
Monsanto Pope,DT,75,295,5.25,,,,,,2002,PopeMo20,14.0,Denver Broncos,7.0,231.0,True,True
Pig Prather,SS,72,200,4.48,,,,,,2002,,0.0,,,,False,False
Saleem Rasheed,ILB,75,229,4.66,,26.0,,,,2002,RashSa20,3.0,San Francisco 49ers,3.0,69.0,True,True
Ed Reed,FS,71,201,4.57,,,,,,2002,ReedEd00,33.0,Baltimore Ravens,1.0,24.0,True,True
Kris Richard,CB,71,186,4.47,39.5,10.0,120.0,,4.15,2002,RichKr20,2.0,Seattle Seahawks,3.0,85.0,True,True
Nick Rogers,OLB,74,251,4.73,36.0,22.0,117.0,7.02,4.19,2002,RogeNi20,8.0,Minnesota Vikings,6.0,177.0,True,True
Derek Ross,CB,71,197,4.56,,17.0,118.0,,,2002,RossDe20,7.0,Dallas Cowboys,3.0,75.0,True,True
Mike Rumph,CB,74,205,4.47,,,,,,2002,RumpMi20,7.0,San Francisco 49ers,1.0,27.0,True,True
Greg Scott,DE,76,268,4.9,32.5,26.0,110.0,7.5,4.61,2002,ScotGr20,0.0,Washington Redskins,7.0,234.0,True,True
Josh Shaw-01,DT,75,279,5.08,,22.0,,,,2002,ShawJo20,1.0,San Francisco 49ers,5.0,172.0,True,True
Lito Sheppard,CB,70,194,4.47,37.5,11.0,120.0,,,2002,ShepLi99,20.0,Philadelphia Eagles,1.0,26.0,True,True
Rick Sherrod,FS,74,192,4.62,37.0,,119.0,7.09,4.11,2002,,0.0,,,,False,False
Billy Silva,ILB,75,244,4.68,,,,,,2002,,0.0,,,,False,False
Ryan Sims,DT,76,311,5.09,,27.0,,,,2002,SimsRy20,12.0,Kansas City Chiefs,1.0,6.0,True,True
Bobby Sippio,CB,75,214,4.69,37.0,12.0,123.0,6.78,4.2,2002,SippBo00,0.0,,,,False,True
Raonall Smith,OLB,74,244,4.53,42.0,26.0,125.0,7.1,4.11,2002,SmitRa20,6.0,Minnesota Vikings,2.0,38.0,True,True
Steve Smith-02,SS,73,193,4.62,30.5,,110.0,7.0,4.22,2002,SmitSt21,0.0,Jacksonville Jaguars,7.0,246.0,True,True
John Stamper,DE,76,265,4.98,36.5,24.0,112.0,7.35,4.22,2002,StamJo21,0.0,Tampa Bay Buccaneers,6.0,193.0,True,True
Connor Stephens,DE,76,256,4.89,36.5,20.0,119.0,7.5,4.55,2002,,0.0,,,,False,False
Dominique Stevenson,OLB,72,231,4.53,32.5,23.0,110.0,,,2002,StevDo21,2.0,Buffalo Bills,7.0,260.0,True,True
Jashon Sykes,OLB,75,236,4.68,34.5,23.0,116.0,7.25,4.34,2002,SykeJa20,5.0,,,,False,True
Ben Taylor,ILB,74,236,4.83,35.5,19.0,120.0,6.56,4.09,2002,TaylBe20,7.0,Cleveland Browns,4.0,111.0,True,True
Bryan Thomas,DE,76,266,4.47,34.5,33.0,,,,2002,ThomBr21,11.0,New York Jets,1.0,22.0,True,True
Kevin Thomas-01,CB,71,180,4.64,35.0,10.0,122.0,,,2002,ThomKe22,5.0,Buffalo Bills,6.0,176.0,True,True
Robert Thomas-01,OLB,72,229,4.51,34.0,21.0,116.0,7.21,4.1,2002,ThomRo20,14.0,St. Louis Rams,1.0,31.0,True,True
Lamont Thompson,FS,73,220,4.59,33.5,12.0,120.0,,,2002,ThomLa21,7.0,Cincinnati Bengals,2.0,41.0,True,True
Josh Thornhill,ILB,74,243,4.69,36.5,27.0,121.0,7.15,4.19,2002,ThorJo20,0.0,,,,False,True
David Thornton,OLB,74,236,4.62,35.5,26.0,117.0,6.93,4.09,2002,ThorDa20,15.0,Indianapolis Colts,4.0,106.0,True,True
Larry Tripplett,DT,74,305,4.93,30.0,,102.0,,4.36,2002,TripLa20,11.0,Indianapolis Colts,2.0,42.0,True,True
Lenny Walls,CB,76,192,4.67,37.0,7.0,120.0,,,2002,WallLe20,9.0,,,,False,True
Anthony Weaver,DT,75,296,4.95,32.5,24.0,109.0,7.37,4.31,2002,WeavAn20,24.0,Baltimore Ravens,2.0,52.0,True,True
Dante Wesley,CB,73,211,4.43,35.0,15.0,116.0,7.25,4.22,2002,WeslDa20,4.0,Carolina Panthers,4.0,100.0,True,True
Stylez White,DE,75,268,4.88,31.5,20.0,114.0,7.4,4.36,2002,,0.0,,,,False,False
Chad Williams,SS,69,207,4.58,36.5,20.0,121.0,6.96,,2002,WillCh20,6.0,Baltimore Ravens,6.0,209.0,True,True
Roe Williams,CB,71,204,4.53,38.0,23.0,123.0,,,2002,,0.0,,,,False,False
Roy Williams-01,SS,72,219,4.53,30.5,13.0,115.0,,,2002,WillRo03,30.0,Dallas Cowboys,1.0,8.0,True,True
Tank Williams,FS,74,222,4.46,38.5,19.0,125.0,6.78,3.93,2002,WillTa20,16.0,Tennessee Titans,2.0,45.0,True,True
Coy Wire,SS,72,209,4.56,38.5,28.0,120.0,6.62,3.87,2002,WireCo20,9.0,Buffalo Bills,3.0,97.0,True,True
Will Witherspoon,OLB,73,231,4.68,38.0,25.0,122.0,7.09,4.21,2002,WithWi20,22.0,Carolina Panthers,3.0,73.0,True,True
Chris Young,SS,72,210,4.63,38.5,23.0,121.0,,,2002,YounCh20,2.0,Denver Broncos,7.0,228.0,True,True
Khalid Abdullah,OLB,74,227,4.61,36.5,26.0,126.0,7.13,4.25,2003,AbduKh20,1.0,Cincinnati Bengals,5.0,136.0,True,True
Anthony Adams,DT,72,299,5.13,30.5,,109.0,7.68,4.59,2003,AdamAn20,13.0,San Francisco 49ers,2.0,57.0,True,True
Nnamdi Asomugha,CB,74,213,4.45,37.5,16.0,124.0,,,2003,AsomNn20,8.0,Oakland Raiders,1.0,31.0,True,True
Rod Babers,CB,69,192,4.43,37.0,15.0,127.0,6.83,4.07,2003,,0.0,,,,False,False
Boss Bailey,OLB,75,233,4.58,42.0,,135.0,,,2003,BailBo20,18.0,Detroit Lions,2.0,34.0,True,True
Korey Banks,CB,70,188,4.58,,15.0,,,,2003,,0.0,,,,False,False
Tully Banta-Cain,DE,74,264,4.79,,25.0,,,,2003,BantTu20,4.0,New England Patriots,7.0,239.0,True,True
Nick Barnett,OLB,74,236,4.67,34.5,32.0,123.0,7.0,4.08,2003,BarnNi20,25.0,Green Bay Packers,1.0,29.0,True,True
Solomon Bates,ILB,73,243,4.89,30.0,19.0,112.0,7.23,4.34,2003,BateSo20,2.0,Seattle Seahawks,4.0,135.0,True,True
Julian Battle,CB,74,205,4.45,,,,,,2003,BattJu20,2.0,Kansas City Chiefs,3.0,92.0,True,True
Colin Branch,FS,72,203,4.4,36.0,22.0,119.0,,,2003,BranCo20,10.0,Carolina Panthers,4.0,119.0,True,True
Tyler Brayton,DE,78,277,4.73,34.0,25.0,116.0,7.14,4.31,2003,BrayTy20,15.0,Oakland Raiders,1.0,32.0,True,True
Lance Briggs,ILB,73,242,4.75,33.0,25.0,113.0,,,2003,BrigLa99,35.0,Chicago Bears,3.0,68.0,True,True
Mark Brown,ILB,72,238,4.82,37.5,,121.0,7.37,4.21,2003,BrowMa22,8.0,,,,False,True
Chris Brown-03,FS,72,195,4.59,35.5,15.0,126.0,7.05,4.13,2003,BrowCh25,0.0,,,,False,True
Nick Burley,DE,76,243,4.83,32.0,26.0,108.0,7.73,4.57,2003,,0.0,,,,False,False
Curry Burns,SS,72,216,4.56,36.0,19.0,120.0,7.04,4.16,2003,BurnCu20,1.0,Houston Texans,7.0,217.0,True,True
Chris Clemons-01,OLB,75,236,4.68,35.0,18.0,116.0,7.48,4.66,2003,ClemCh23,5.0,,,,False,True
Colin Cole,DT,74,309,5.22,31.0,29.0,103.0,7.85,4.75,2003,ColeCo20,7.0,,,,False,True
Torrie Cox,CB,69,181,4.55,32.0,,119.0,6.98,4.2,2003,CoxxTo21,4.0,Tampa Bay Buccaneers,6.0,205.0,True,True
Angelo Crowell,ILB,72,236,4.73,32.5,25.0,,7.08,4.29,2003,CrowAn20,7.0,Buffalo Bills,3.0,94.0,True,True
Sammy Davis,CB,72,186,4.42,40.0,19.0,131.0,7.01,,2003,DaviSa21,11.0,San Diego Chargers,1.0,30.0,True,True
Mike Doss,SS,70,207,4.45,,,,,,2003,DossMi20,15.0,Indianapolis Colts,2.0,58.0,True,True
Charles Drake,FS,73,205,4.52,,20.0,,,,2003,,0.0,New York Giants,7.0,240.0,True,False
Nick Eason,DT,75,301,5.17,,29.0,102.0,,,2003,EasoNi20,2.0,Denver Broncos,4.0,114.0,True,True
Drayton Florence,CB,72,198,4.39,35.0,18.0,124.0,,,2003,FlorDr20,9.0,San Diego Chargers,2.0,46.0,True,True
Anthony Floyd,FS,69,202,4.6,33.5,19.0,117.0,7.09,4.2,2003,FloyAn20,2.0,,,,False,True
Lawrence Flugence,ILB,73,239,4.87,34.0,23.0,106.0,7.4,4.36,2003,,0.0,,,,False,False
Aubrayo Franklin,DT,73,307,5.2,27.0,,100.0,,4.79,2003,FranAu20,3.0,Baltimore Ravens,5.0,146.0,True,True
Antonio Garay,DE,75,295,4.9,,,,,,2003,GaraAn20,1.0,Cleveland Browns,6.0,195.0,True,True
Kevin Garrett,CB,69,194,4.32,35.0,,129.0,6.9,3.96,2003,GarrKe20,2.0,St. Louis Rams,5.0,172.0,True,True
Tony Gilbert,ILB,72,251,4.86,27.5,19.0,109.0,,,2003,GilbTo20,3.0,Arizona Cardinals,6.0,210.0,True,True
Jason Goss,CB,70,183,4.58,32.5,15.0,117.0,7.46,4.31,2003,GossJa20,0.0,,,,False,True
Cie Grant,OLB,72,228,4.68,,,,,,2003,GranCi20,0.0,New Orleans Saints,3.0,86.0,True,True
Jamaal Green,DE,74,272,4.78,35.5,27.0,119.0,,,2003,GreeJa20,1.0,Philadelphia Eagles,4.0,131.0,True,True
Cornelius Green,DE,75,243,4.81,,,,,,2003,,0.0,,,,False,False
Brandon Green,DE,74,267,4.78,32.0,19.0,105.0,7.23,4.32,2003,GreeBr20,4.0,Jacksonville Jaguars,6.0,176.0,True,True
DeJuan Groce,CB,70,192,4.49,36.0,18.0,118.0,6.82,4.0,2003,GrocDe20,9.0,St. Louis Rams,4.0,107.0,True,True
Mario Haggan,ILB,75,252,4.88,33.0,21.0,110.0,7.55,4.46,2003,HaggMa20,3.0,Buffalo Bills,7.0,228.0,True,True
Ken Hamlin,FS,74,209,4.61,33.0,16.0,117.0,6.8,3.92,2003,HamlKe20,16.0,Seattle Seahawks,2.0,42.0,True,True
Omari Hand,DE,76,267,4.85,,34.0,,,,2003,HandOm20,0.0,,,,False,True
Byron Hardmon,ILB,73,232,4.76,32.5,17.0,115.0,7.55,4.41,2003,,0.0,,,,False,False
Gerald Hayes,ILB,73,238,4.75,30.5,,107.0,7.57,4.35,2003,HayeGe20,10.0,Arizona Cardinals,3.0,70.0,True,True
Michael Haynes,DE,76,281,4.87,30.5,23.0,109.0,,,2003,HaynMi20,8.0,Chicago Bears,1.0,14.0,True,True
E.J. Henderson,ILB,73,245,4.8,,20.0,,,,2003,HendE.20,12.0,Minnesota Vikings,2.0,40.0,True,True
Victor Hobson,ILB,72,252,4.86,33.0,29.0,117.0,7.26,4.33,2003,HobsVi20,14.0,New York Jets,2.0,53.0,True,True
Terrence Holt,FS,74,208,4.55,34.5,13.0,122.0,6.99,4.03,2003,HoltTe20,7.0,Detroit Lions,5.0,137.0,True,True
Raymond House,DE,74,277,5.08,32.0,20.0,120.0,7.55,4.36,2003,,0.0,,,,False,False
Aaron Hunt,DE,74,267,4.86,30.0,24.0,106.0,7.68,4.52,2003,,0.0,Denver Broncos,6.0,194.0,True,False
Alonzo Jackson,DE,76,266,4.86,37.0,14.0,114.0,7.69,4.5,2003,JackAl23,2.0,Pittsburgh Steelers,2.0,59.0,True,True
Bradie James,ILB,74,242,4.71,32.5,,113.0,7.53,4.54,2003,JameBr20,13.0,Dallas Cowboys,4.0,103.0,True,True
Todd Johnson,FS,73,206,4.56,33.5,19.0,117.0,7.01,4.19,2003,JohnTo20,10.0,Chicago Bears,4.0,100.0,True,True
Jarret Johnson,DT,75,284,5.07,28.5,21.0,107.0,7.72,4.58,2003,JohnJa23,11.0,Baltimore Ravens,4.0,109.0,True,True
William Joseph,DT,77,308,5.18,,29.0,,,,2003,JoseWi20,9.0,New York Giants,1.0,25.0,True,True
Cato June,SS,72,218,4.61,35.0,,113.0,,,2003,JuneCa99,19.0,Indianapolis Colts,6.0,198.0,True,True
Chris Kelsay,DE,76,273,4.75,36.5,23.0,121.0,,,2003,KelsCh21,14.0,Buffalo Bills,2.0,48.0,True,True
Jimmy Kennedy,DT,76,322,5.2,,,,,,2003,KennJi21,7.0,St. Louis Rams,1.0,12.0,True,True
Terrence Kiel,SS,71,204,4.46,38.0,16.0,127.0,6.88,3.96,2003,KielTe20,15.0,San Diego Chargers,2.0,62.0,True,True
Kenny King,DE,75,281,4.95,35.0,25.0,114.0,7.5,4.37,2003,KingKe20,1.0,Arizona Cardinals,5.0,141.0,True,True
Dan Klecko,DT,71,283,4.94,33.5,26.0,111.0,7.52,4.43,2003,KlecDa20,2.0,New England Patriots,4.0,117.0,True,True
Tron LaFavor,DT,74,290,5.08,28.0,26.0,106.0,,,2003,LaFaTr20,0.0,Chicago Bears,5.0,171.0,True,True
James Lee,DT,76,327,4.98,30.0,23.0,106.0,7.78,4.69,2003,LeexJa21,1.0,Green Bay Packers,5.0,147.0,True,True
Michael Lehan,CB,72,196,4.48,34.5,13.0,119.0,6.95,4.15,2003,LehaMi20,4.0,Cleveland Browns,5.0,152.0,True,True
Norman LeJeune,SS,72,200,4.65,33.5,11.0,115.0,7.42,4.21,2003,LeJeNo20,0.0,Philadelphia Eagles,7.0,244.0,True,True
Matt Leonard,DT,75,305,4.97,26.0,30.0,95.0,7.53,4.56,2003,LeonMa20,0.0,,,,False,True
Rien Long,DT,78,302,5.1,,,105.0,,,2003,LongRi20,5.0,Tennessee Titans,4.0,126.0,True,True
Jeremy Loyd,OLB,74,235,4.64,34.0,17.0,114.0,6.9,4.15,2003,LoydJe20,1.0,,,,False,True
Brian Mance,CB,70,189,4.58,32.5,18.0,115.0,,,2003,,0.0,,,,False,False
Ricky Manning,CB,69,185,4.52,36.5,12.0,117.0,7.11,4.17,2003,MannRi20,15.0,Carolina Panthers,3.0,82.0,True,True
Eric Manning,DT,73,303,5.05,28.5,26.0,107.0,7.77,4.66,2003,,0.0,,,,False,False
Terrance Martin,DT,75,299,5.15,,30.0,,,,2003,MartTe20,1.0,,,,False,True
Rashean Mathis,FS,73,202,4.45,38.5,22.0,123.0,7.09,4.17,2003,,0.0,,,,False,False
LaMarcus McDonald,ILB,73,227,4.99,31.0,,110.0,7.6,4.44,2003,,0.0,,,,False,False
Jerome McDougle,DE,74,264,4.67,34.0,,117.0,7.28,4.58,2003,McDoJe20,3.0,Philadelphia Eagles,1.0,15.0,True,True
Terrence McGee,CB,70,201,4.57,37.0,15.0,126.0,6.88,4.09,2003,McGeTe99,28.0,Buffalo Bills,4.0,111.0,True,True
Bryant McNeal,DE,76,248,4.88,34.5,22.0,117.0,,,2003,,0.0,Denver Broncos,4.0,128.0,True,False
Hanik Milligan,FS,74,201,4.52,36.5,9.0,130.0,7.11,4.18,2003,MillHa99,5.0,San Diego Chargers,6.0,188.0,True,True
Kawika Mitchell,ILB,73,253,4.69,37.0,25.0,117.0,7.32,4.24,2003,MitcKa20,15.0,Kansas City Chiefs,2.0,47.0,True,True
Clint Mitchell,DE,79,257,4.93,34.5,16.0,115.0,7.36,4.39,2003,,0.0,Denver Broncos,7.0,227.0,True,False
Rashad Moore,DT,75,324,5.1,,,,,,2003,MoorRa21,10.0,Seattle Seahawks,6.0,183.0,True,True
Langston Moore,DT,73,303,5.04,32.0,29.0,104.0,7.64,4.29,2003,MoorLa20,6.0,Cincinnati Bengals,6.0,174.0,True,True
Eddie Moore,OLB,72,237,4.71,,,,,,2003,MoorEd20,3.0,Miami Dolphins,2.0,49.0,True,True
Kindal Moorehead,DE,74,285,5.0,32.0,22.0,104.0,7.71,4.57,2003,MoorKi20,10.0,Carolina Panthers,5.0,145.0,True,True
Michael Nattiel,OLB,72,228,4.65,30.0,,106.0,7.49,4.39,2003,,0.0,,,,False,False
Terence Newman,CB,70,189,4.37,41.0,,136.0,6.88,3.83,2003,NewmTe20,23.0,Dallas Cowboys,1.0,5.0,True,True
Donnie Nickey,FS,74,220,4.65,33.5,17.0,119.0,7.08,4.16,2003,NickDo20,4.0,Tennessee Titans,5.0,154.0,True,True
Joe Odom,OLB,73,241,4.6,,26.0,,,,2003,OdomJo20,6.0,Chicago Bears,6.0,191.0,True,True
Calvin Pace,DE,76,269,4.79,33.0,,115.0,,,2003,PaceCa20,8.0,Arizona Cardinals,1.0,18.0,True,True
Derek Pagel,FS,73,208,4.57,35.5,25.0,115.0,6.87,4.08,2003,PageDe20,1.0,New York Jets,5.0,140.0,True,True
Antwan Peek,OLB,75,246,4.65,37.0,21.0,125.0,7.07,4.35,2003,PeekAn20,9.0,Houston Texans,3.0,67.0,True,True
Kenny Peterson,DE,75,298,4.8,,,,,,2003,PeteKe21,4.0,Green Bay Packers,3.0,79.0,True,True
Terry Pierce,ILB,73,251,4.78,27.5,28.0,,,,2003,PierTe20,1.0,Denver Broncos,2.0,51.0,True,True
Shurron Pierson,DE,74,243,4.63,39.0,,128.0,,,2003,PierSh20,1.0,Oakland Raiders,4.0,129.0,True,True
Willie Pile,FS,74,206,4.57,38.0,14.0,125.0,6.77,4.21,2003,PileWi20,3.0,Kansas City Chiefs,7.0,252.0,True,True
Troy Polamalu,SS,70,206,4.4,,,,,,2003,PolaTr99,28.0,Pittsburgh Steelers,1.0,16.0,True,True
Cory Redding,DE,76,279,4.88,,24.0,,,,2003,ReddCo20,15.0,Detroit Lions,3.0,66.0,True,True
Terrell Roberts,CB,69,203,4.63,34.0,18.0,117.0,7.12,4.26,2003,RobeTe20,2.0,,,,False,True
Dewayne Robertson,DT,73,317,5.15,,,,,,2003,RobeDe20,20.0,New York Jets,1.0,4.0,True,True
Terrence Robinson,ILB,72,240,4.95,33.5,19.0,116.0,7.62,4.36,2003,RobiTe20,1.0,,,,False,True
Asante Samuel,CB,71,185,4.49,35.5,9.0,120.0,6.95,4.14,2003,SamuAs20,12.0,New England Patriots,4.0,120.0,True,True
Antwoine Sanders,FS,74,202,4.54,37.5,14.0,128.0,7.44,4.45,2003,,0.0,Baltimore Ravens,7.0,258.0,True,False
Lauvale Sape,DT,74,297,5.21,31.5,,111.0,7.73,4.72,2003,SapeLa20,1.0,Buffalo Bills,6.0,187.0,True,True
Gerome Sapp,SS,72,216,4.64,36.5,,112.0,7.13,4.3,2003,SappGe20,4.0,Baltimore Ravens,6.0,182.0,True,True
Bryan Scott,SS,73,219,4.6,,13.0,,,,2003,ScotBr20,14.0,Atlanta Falcons,2.0,55.0,True,True
Ian Scott,DT,74,312,5.16,28.5,28.0,99.0,8.12,5.0,2003,ScotIa20,15.0,Chicago Bears,4.0,116.0,True,True
Scott Shanle,OLB,74,245,4.72,31.0,20.0,111.0,7.27,4.32,2003,ShanSc20,7.0,St. Louis Rams,7.0,251.0,True,True
Clifton Smith,ILB,74,253,4.88,,,,,,2003,SmitCl20,0.0,,,,False,True
Jake Sprague,DT,74,274,4.97,,26.0,,,,2003,,0.0,,,,False,False
Donald Strickland,CB,70,187,4.53,35.5,16.0,121.0,6.98,4.04,2003,StriDo20,5.0,Indianapolis Colts,3.0,90.0,True,True
Terrell Suggs,DE,75,262,4.84,,,,,,2003,SuggTe99,26.0,Baltimore Ravens,1.0,10.0,True,True
Johnathan Sullivan,DT,75,313,5.1,,,,,,2003,SullJo23,10.0,New Orleans Saints,1.0,6.0,True,True
Chaun Thompson,OLB,74,240,4.58,35.5,29.0,123.0,7.01,4.22,2003,ThomCh23,15.0,Cleveland Browns,2.0,52.0,True,True
Charles Tillman,CB,73,207,4.49,40.0,12.0,131.0,7.05,3.89,2003,TillCh20,16.0,Chicago Bears,2.0,35.0,True,True
Pisa Tinoisamoa,OLB,72,231,4.65,34.5,19.0,111.0,6.97,4.07,2003,TinoPi20,20.0,St. Louis Rams,2.0,43.0,True,True
Marcus Trufant,CB,71,199,4.38,39.0,11.0,127.0,6.87,4.32,2003,TrufMa20,21.0,Seattle Seahawks,1.0,11.0,True,True
B.J. Tucker,CB,70,188,4.34,35.0,16.0,123.0,7.25,4.2,2003,TuckB.20,0.0,Dallas Cowboys,6.0,178.0,True,True
Demetrin Veal,DE,74,288,5.24,,26.0,111.0,,,2003,VealDe20,4.0,Atlanta Falcons,7.0,238.0,True,True
Matt Walters,DE,76,272,4.9,,30.0,,,,2003,WaltMa20,1.0,New York Jets,5.0,150.0,True,True
Shane Walton,CB,71,184,4.67,31.0,11.0,109.0,7.05,4.29,2003,WaltSh20,0.0,St. Louis Rams,5.0,170.0,True,True
Ty Warren,DT,77,307,5.1,,27.0,,,,2003,WarrTy20,17.0,New England Patriots,1.0,13.0,True,True
Cliff Washburn,DE,77,275,5.03,27.0,22.0,109.0,8.59,4.82,2003,,0.0,,,,False,False
Dennis Weathersby,CB,73,204,4.38,38.0,9.0,125.0,7.14,4.13,2003,WeatDe20,0.0,Cincinnati Bengals,4.0,98.0,True,True
DeWayne White,DE,74,273,4.76,33.0,22.0,112.0,7.22,4.32,2003,WhitDe20,9.0,Tampa Bay Buccaneers,2.0,64.0,True,True
Keyon Whiteside,ILB,72,229,4.8,29.0,27.0,111.0,7.32,4.34,2003,WhitKe20,0.0,Indianapolis Colts,5.0,162.0,True,True
Matt Wilhelm,ILB,76,245,4.8,,,,,,2003,WilhMa20,3.0,San Diego Chargers,4.0,112.0,True,True
Jimmy Wilkerson,DE,75,271,4.91,34.5,29.0,114.0,7.45,4.4,2003,WilkJi20,4.0,Kansas City Chiefs,6.0,189.0,True,True
Andrew Williams,DE,74,263,4.7,32.0,29.0,113.0,7.53,4.47,2003,WillAn20,1.0,San Francisco 49ers,3.0,89.0,True,True
Kevin Williams,DE,77,304,4.81,30.0,23.0,112.0,7.66,5.04,2003,WillKe98,24.0,Minnesota Vikings,1.0,9.0,True,True
Eugene Wilson,CB,70,192,4.48,38.0,15.0,122.0,7.18,4.05,2003,WilsEu20,19.0,New England Patriots,2.0,36.0,True,True
Andre Woolfolk,CB,73,197,4.47,35.5,10.0,128.0,6.78,3.96,2003,WoolAn20,5.0,Tennessee Titans,1.0,28.0,True,True
Thomas Wright,SS,73,201,4.76,36.0,13.0,114.0,7.42,4.41,2003,,0.0,,,,False,False
Nathaniel Adibi,DE,75,254,4.65,33.0,,118.0,,4.36,2004,,0.0,Pittsburgh Steelers,5.0,145.0,True,False
Roc Alexander,CB,71,185,4.35,39.5,,125.0,6.97,4.23,2004,AlexRo21,2.0,,,,False,True
Will Allen-02,FS,72,202,4.58,,,,,,2004,AlleWi21,10.0,Tampa Bay Buccaneers,4.0,111.0,True,True
Jared Allen-01,DE,78,265,4.72,33.0,13.0,120.0,7.11,4.34,2004,,0.0,,,,False,False
Marcell Allmond,CB,72,209,4.59,38.0,21.0,123.0,7.37,4.34,2004,,0.0,,,,False,False
Tim Anderson,DT,75,307,5.01,,,,,,2004,AndeTi20,7.0,Buffalo Bills,3.0,74.0,True,True
Matthias Askew,DT,77,308,5.2,27.0,20.0,101.0,7.55,4.42,2004,AskeMa20,0.0,Cincinnati Bengals,4.0,114.0,True,True
Jason Babin,DE,75,260,4.62,34.0,28.0,121.0,7.03,4.14,2004,BabiJa20,12.0,Houston Texans,1.0,27.0,True,True
Rashad Baker,FS,70,204,4.5,36.0,21.0,117.0,7.19,4.12,2004,BakeRa21,3.0,,,,False,True
Dave Ball,DE,77,277,5.07,,24.0,,,,2004,BallDa20,1.0,San Diego Chargers,5.0,133.0,True,True
Ryon Bingham,DT,75,303,5.09,30.0,33.0,109.0,7.44,4.38,2004,BingRy20,4.0,San Diego Chargers,7.0,204.0,True,True
Colby Bockwoldt,OLB,74,230,4.6,34.0,14.0,112.0,7.12,4.05,2004,BockCo20,12.0,New Orleans Saints,7.0,240.0,True,True
Ryan Boschetti,DT,76,306,5.06,29.5,,110.0,7.41,4.27,2004,BoscRy20,3.0,,,,False,True
Michael Boulware,OLB,74,225,4.5,,,,6.89,3.92,2004,BoulMi20,17.0,Seattle Seahawks,2.0,53.0,True,True
Jon Bradley,DT,73,306,5.09,26.5,19.0,104.0,7.88,4.85,2004,BradJo20,3.0,,,,False,True
Greg Brooks,CB,71,177,4.45,,,,,,2004,BrooGr20,0.0,Cincinnati Bengals,6.0,183.0,True,True
Rufus Brown,CB,69,187,4.43,33.0,15.0,124.0,7.24,4.44,2004,BrowRu21,0.0,,,,False,True
Tony Bua,SS,71,209,4.67,36.0,15.0,120.0,6.75,4.08,2004,BuaxTo20,1.0,Miami Dolphins,5.0,160.0,True,True
Josh Buhl,OLB,71,204,4.73,29.0,,114.0,7.26,4.32,2004,,0.0,,,,False,False
Darrell Campbell,DT,76,302,5.18,33.0,25.0,111.0,7.63,4.66,2004,,0.0,,,,False,False
Dietrich Canterberry,DT,75,308,5.35,,26.0,,,,2004,,0.0,,,,False,False
Ahmad Carroll,CB,70,195,4.34,41.0,15.0,128.0,,,2004,CarrAh20,13.0,Green Bay Packers,1.0,25.0,True,True
Jordan Carstens,DT,77,305,5.0,28.5,28.0,106.0,8.35,4.8,2004,CarsJo20,9.0,,,,False,True
Ahmad Childress,DT,78,351,5.28,22.0,,86.0,8.75,4.94,2004,,0.0,,,,False,False
Brandon Chillar,OLB,75,253,4.71,33.0,23.0,115.0,,4.08,2004,ChilBr20,11.0,St. Louis Rams,4.0,130.0,True,True
Jared Clauss,DT,77,294,4.95,,23.0,,,,2004,ClauJa20,2.0,Tennessee Titans,7.0,230.0,True,True
Cols Colas,OLB,72,233,4.58,34.5,22.0,118.0,,,2004,,0.0,,,,False,False
Ricardo Colclough,CB,71,194,4.49,39.5,8.0,127.0,,,2004,ColcRi20,2.0,Pittsburgh Steelers,2.0,38.0,True,True
Erik Coleman,FS,70,200,4.64,35.5,16.0,117.0,7.03,4.14,2004,ColeEr21,19.0,New York Jets,5.0,143.0,True,True
Marquis Cooper,OLB,75,223,4.55,36.5,25.0,121.0,7.02,4.12,2004,CoopMa21,2.0,Tampa Bay Buccaneers,3.0,79.0,True,True
Jorge Cordova,ILB,73,241,4.65,35.5,22.0,,7.25,4.16,2004,CordJo20,1.0,Jacksonville Jaguars,3.0,86.0,True,True
Kentrell Curry,FS,73,201,4.6,34.5,17.0,127.0,,,2004,,0.0,,,,False,False
Karlos Dansby,OLB,75,251,4.58,,,,,,2004,DansKa20,22.0,Arizona Cardinals,2.0,33.0,True,True
Rod Davis,ILB,74,239,4.76,,,114.0,7.2,4.02,2004,DaviRo21,3.0,Minnesota Vikings,5.0,155.0,True,True
Curtis DeLoatch,CB,74,214,4.5,35.5,10.0,120.0,6.97,4.42,2004,DeLoCu20,7.0,,,,False,True
Mondre Dickerson,DT,76,316,5.12,27.0,29.0,106.0,8.34,,2004,,0.0,,,,False,False
Daryl Dixon,FS,70,195,4.77,35.5,15.0,118.0,,,2004,,0.0,,,,False,False
Darnell Dockett,DT,75,297,5.0,31.0,26.0,105.0,,,2004,DockDa20,23.0,Arizona Cardinals,3.0,64.0,True,True
Vontez Duff,CB,71,203,4.53,35.0,13.0,120.0,6.94,4.03,2004,,0.0,Houston Texans,6.0,170.0,True,False
Glenn Earl,SS,73,222,4.65,,20.0,,,,2004,EarlGl20,10.0,Houston Texans,4.0,122.0,True,True
Dwan Edwards,DT,75,313,5.12,28.0,25.0,105.0,7.59,4.68,2004,EdwaDw20,3.0,Baltimore Ravens,2.0,51.0,True,True
Deandre' Eiland,FS,71,202,4.53,35.0,17.0,113.0,7.19,4.27,2004,,0.0,,,,False,False
Kevin Emanuel,DE,76,251,4.84,31.0,21.0,108.0,7.86,4.49,2004,,0.0,,,,False,False
Brandon Everage,FS,72,194,4.55,,,,,,2004,,0.0,,,,False,False
Ryan Fowler,ILB,75,250,4.8,37.5,35.0,118.0,7.19,4.19,2004,FowlRy20,4.0,,,,False,True
Keyaron Fox,OLB,74,227,4.65,,28.0,,,,2004,FoxxKe20,4.0,Kansas City Chiefs,3.0,93.0,True,True
Chris Gamble,CB,73,198,4.52,,,,,,2004,GambCh20,24.0,Carolina Panthers,1.0,28.0,True,True
Rich Gardner,CB,71,199,4.46,36.5,11.0,123.0,6.91,3.91,2004,GardRi20,2.0,Tennessee Titans,3.0,92.0,True,True
Gilbert Gardner,OLB,73,229,4.65,,,,,,2004,GardGi20,7.0,Indianapolis Colts,3.0,69.0,True,True
Robert Geathers,DE,75,271,4.84,33.5,24.0,112.0,,,2004,GeatRo21,11.0,Cincinnati Bengals,4.0,117.0,True,True
Roderick Green,DE,74,245,4.7,34.5,21.0,129.0,7.26,4.04,2004,GreeRo20,4.0,Baltimore Ravens,5.0,153.0,True,True
Jabari Greer,CB,70,178,4.5,36.5,7.0,126.0,,,2004,GreeJa22,3.0,,,,False,True
DeAngelo Hall,CB,70,202,4.34,,,,,,2004,HallDe99,25.0,Atlanta Falcons,1.0,8.0,True,True
Jonathan Harrell,OLB,73,242,4.73,,27.0,,,,2004,,0.0,,,,False,False
Claude Harriott,DE,76,252,4.69,30.5,25.0,118.0,7.44,4.25,2004,,0.0,,,,False,False
Tommie Harris,DT,74,295,4.78,,29.0,,,,2004,HarrTo99,34.0,Chicago Bears,1.0,14.0,True,True
Bryan Hickman,OLB,72,231,4.68,32.5,26.0,106.0,7.38,4.0,2004,,0.0,,,,False,False
Marquise Hill,DE,79,305,5.12,29.0,23.0,106.0,,,2004,HillMa21,0.0,New England Patriots,2.0,63.0,True,True
Cedric Hilliard,DT,73,307,5.17,29.0,26.0,110.0,8.22,4.75,2004,,0.0,,,,False,False
Isaac Hilton,DE,75,267,4.57,36.5,31.0,123.0,7.99,4.48,2004,,0.0,,,,False,False
T.J. Hollowell,OLB,72,235,4.64,33.5,,117.0,7.14,4.09,2004,HollT.20,0.0,,,,False,True
Von Hutchins,CB,70,185,4.46,34.5,11.0,115.0,7.05,4.06,2004,HutcVo20,2.0,Indianapolis Colts,6.0,173.0,True,True
Leon Joe,OLB,72,230,4.49,39.0,30.0,,,,2004,JoexLe20,3.0,Chicago Bears,4.0,112.0,True,True
Trevor Johnson,DE,77,260,4.8,35.5,23.0,110.0,7.06,4.08,2004,JohnTr21,0.0,New York Jets,7.0,234.0,True,True
Tank Johnson,DT,75,304,4.69,34.0,31.0,114.0,7.56,4.6,2004,JohnTa20,11.0,Chicago Bears,2.0,47.0,True,True
Spencer Johnson,DT,75,286,5.06,30.0,19.0,111.0,7.78,4.53,2004,JohnSp20,6.0,,,,False,True
Shawn Johnson,DE,76,269,4.87,,,,,,2004,,0.0,,,,False,False
Landon Johnson,OLB,74,227,4.65,37.5,20.0,120.0,7.0,4.08,2004,JohnLa20,17.0,Cincinnati Bengals,3.0,96.0,True,True
Sean Jones,FS,73,218,4.63,36.5,,122.0,7.19,,2004,JoneSe20,15.0,Cleveland Browns,2.0,59.0,True,True
Maurice Jones,OLB,73,249,4.71,35.5,26.0,118.0,7.16,4.21,2004,,0.0,,,,False,False
Randy Jordan,CB,73,178,4.59,33.5,,115.0,7.34,4.21,2004,,0.0,,,,False,False
Tommy Kelly,DE,78,294,4.87,25.0,24.0,105.0,7.79,4.45,2004,KellTo21,14.0,,,,False,True
Niko Koutouvides,ILB,74,244,4.71,30.5,,108.0,6.98,3.88,2004,KoutNi20,4.0,Seattle Seahawks,4.0,116.0,True,True
Travis Laboy,DE,75,263,4.69,35.5,35.0,126.0,7.01,4.07,2004,LaBoTr20,10.0,Tennessee Titans,2.0,42.0,True,True
Chad Lavalais,DT,73,303,5.09,,,,,,2004,LavaCh20,9.0,Atlanta Falcons,5.0,142.0,True,True
Teddy Lehman,OLB,73,240,4.55,34.5,26.0,113.0,6.91,4.06,2004,LehmTe20,8.0,Detroit Lions,2.0,37.0,True,True
Rodney Leisle,DT,75,309,5.15,,31.0,,,,2004,LeisRo20,2.0,New Orleans Saints,5.0,139.0,True,True
Jeremy LeSueur,CB,72,197,4.53,35.0,,116.0,,,2004,LeSuJe20,0.0,Denver Broncos,3.0,85.0,True,True
Keith Lewis,FS,72,204,4.6,37.0,11.0,121.0,7.28,4.07,2004,LewiKe20,6.0,San Francisco 49ers,6.0,198.0,True,True
Alex Lewis-01,OLB,72,227,4.78,34.5,25.0,121.0,7.06,4.28,2004,LewiAl20,4.0,Detroit Lions,5.0,140.0,True,True
Bobby McCray,DE,78,255,4.62,33.5,27.0,,,,2004,McCrBo20,16.0,Jacksonville Jaguars,7.0,249.0,True,True
DeMarco McNeil,DT,73,310,5.32,,,,,,2004,,0.0,,,,False,False
Caleb Miller,ILB,75,224,4.66,34.5,23.0,120.0,6.85,3.93,2004,MillCa20,9.0,Cincinnati Bengals,3.0,80.0,True,True
Lewis Moore,OLB,73,234,4.68,,,,,,2004,,0.0,,,,False,False
Gabe Nyenhuis,DE,75,269,4.74,39.0,25.0,124.0,6.92,4.03,2004,,0.0,,,,False,False
Antwan Odom,DE,78,274,4.71,37.0,21.0,114.0,7.3,4.44,2004,OdomAn20,9.0,Tennessee Titans,2.0,57.0,True,True
Igor Olshansky,DT,77,315,4.96,33.5,41.0,110.0,7.61,4.41,2004,OlshIg20,16.0,San Diego Chargers,2.0,35.0,True,True
Uyi Osunde,DE,75,252,4.75,,33.0,,,,2004,,0.0,,,,False,False
Arnold Parker,SS,74,213,4.54,35.5,18.0,120.0,6.98,4.12,2004,,0.0,,,,False,False
Shaun Phillips,DE,75,255,4.78,33.0,,114.0,6.95,4.23,2004,PhilSh20,11.0,San Diego Chargers,4.0,98.0,True,True
Will Poole,CB,70,194,4.47,,16.0,,,,2004,PoolWi20,1.0,Miami Dolphins,4.0,102.0,True,True
Kendyll Pope,OLB,73,226,4.7,,,118.0,,4.26,2004,PopeKe20,0.0,Indianapolis Colts,4.0,107.0,True,True
Derrick Pope,OLB,71,230,4.71,,24.0,106.0,,,2004,PopeDe20,7.0,Miami Dolphins,7.0,222.0,True,True
Etric Pruitt,FS,72,197,4.57,39.5,,116.0,7.15,4.0,2004,PruiEt20,0.0,Atlanta Falcons,6.0,186.0,True,True
Chad Pugh,DT,75,321,5.38,25.0,19.0,98.0,8.17,4.85,2004,,0.0,,,,False,False
Keiwan Ratliff,CB,70,194,4.56,,11.0,,,,2004,RatlKe20,6.0,Cincinnati Bengals,2.0,49.0,True,True
Dexter Reid,FS,71,203,4.56,,,,,,2004,ReidDe20,4.0,New England Patriots,4.0,113.0,True,True
Robert Reynolds,ILB,75,251,4.76,32.5,18.0,116.0,7.17,3.94,2004,ReynRo20,2.0,Tennessee Titans,5.0,165.0,True,True
Lawrence Richardson,CB,69,194,4.62,31.0,8.0,112.0,,,2004,,0.0,,,,False,False
Greg Richmond,OLB,73,233,4.73,,17.0,,,,2004,,0.0,,,,False,False
Constantin Ritzmann,DE,75,259,4.97,29.0,24.0,108.0,7.39,4.48,2004,RitzCo20,0.0,,,,False,True
Dunta Robinson,CB,71,186,4.34,36.0,15.0,120.0,6.97,3.75,2004,RobiDu20,18.0,Houston Texans,1.0,10.0,True,True
Stanford Samuels,CB,70,193,4.58,,,,,,2004,,0.0,,,,False,False
Bob Sanders,SS,68,204,4.35,41.5,15.0,128.0,6.7,3.91,2004,SandBo99,16.0,Indianapolis Colts,2.0,44.0,True,True
Bo Schobel,DE,77,271,4.8,32.5,25.0,109.0,6.94,4.38,2004,SchoBo20,3.0,Tennessee Titans,4.0,103.0,True,True
Stuart Schweigert,FS,74,218,4.47,38.0,18.0,124.0,6.68,3.89,2004,SchwSt20,11.0,Oakland Raiders,3.0,67.0,True,True
Guss Scott,SS,70,204,4.46,39.0,20.0,124.0,,,2004,ScotGu20,1.0,New England Patriots,3.0,95.0,True,True
Darrion Scott,DE,75,289,4.81,36.5,,118.0,,4.32,2004,ScotDa20,15.0,Minnesota Vikings,3.0,88.0,True,True
Richard Seigler,ILB,74,244,4.86,,25.0,,,,2004,SeigRi20,0.0,San Francisco 49ers,4.0,127.0,True,True
Jason Shivers,FS,72,201,4.51,36.0,19.0,128.0,,,2004,ShivJa20,0.0,St. Louis Rams,5.0,158.0,True,True
Jeff Shoate,CB,70,189,4.62,36.0,12.0,121.0,7.0,3.88,2004,ShoaJe20,0.0,Denver Broncos,5.0,152.0,True,True
Andrew Shull,DE,77,265,4.9,30.5,16.0,107.0,7.46,4.28,2004,,0.0,,,,False,False
Junior Siavii,DT,76,344,5.16,24.5,31.0,93.0,7.93,4.84,2004,SiavJu20,3.0,Kansas City Chiefs,2.0,36.0,True,True
Antonio Smith,DE,75,274,5.03,33.0,24.0,108.0,,4.75,2004,SmitAn22,11.0,Arizona Cardinals,5.0,135.0,True,True
Daryl Smith,OLB,74,234,4.67,,24.0,,,,2004,SmitDa24,26.0,Jacksonville Jaguars,2.0,39.0,True,True
Keith Smith-02,CB,71,201,4.48,36.5,12.0,116.0,,,2004,SmitKe20,5.0,Detroit Lions,3.0,73.0,True,True
Will Smith,DE,75,275,4.6,,,,,,2004,SmitWi99,20.0,New Orleans Saints,1.0,18.0,True,True
Isaac Sopoaga,DT,74,317,4.97,30.5,42.0,99.0,7.79,4.66,2004,SopoIs20,7.0,San Francisco 49ers,4.0,104.0,True,True
Cody Spencer,ILB,74,242,4.65,34.5,27.0,116.0,6.94,4.08,2004,SpenCo20,3.0,Oakland Raiders,6.0,182.0,True,True
Randy Starks,DT,75,314,5.08,29.5,27.0,102.0,,,2004,StarRa20,14.0,Tennessee Titans,3.0,71.0,True,True
Larry Stevens,DE,74,241,4.86,,,,,,2004,StevLa20,1.0,,,,False,True
Derrick Strait,CB,71,196,4.52,,,,,,2004,StraDe20,3.0,New York Jets,3.0,76.0,True,True
Billy Strother,OLB,72,241,4.68,33.0,,112.0,7.41,4.15,2004,StroBi20,0.0,,,,False,True
Greg Taplin,DE,77,267,5.09,33.0,,115.0,,,2004,,0.0,,,,False,False
Sean Taylor,FS,74,230,4.51,,,,,,2004,TaylSe20,24.0,Washington Redskins,1.0,5.0,True,True
Craig Terrill,DT,74,290,5.21,26.5,28.0,100.0,7.39,4.1,2004,TerrCr20,3.0,Seattle Seahawks,6.0,189.0,True,True
Dontarrious Thomas,OLB,74,241,4.57,38.5,26.0,129.0,,4.0,2004,ThomDo21,7.0,Minnesota Vikings,2.0,48.0,True,True
Joey Thomas,CB,73,195,4.44,38.5,17.0,122.0,6.82,3.88,2004,ThomJo21,3.0,Green Bay Packers,3.0,70.0,True,True
Chris Thompson-01,CB,72,189,4.5,35.0,12.0,117.0,7.09,4.14,2004,ThomCh24,1.0,Jacksonville Jaguars,5.0,150.0,True,True
Bruce Thornton,CB,70,197,4.5,37.5,,122.0,,,2004,ThorBr21,4.0,Dallas Cowboys,4.0,121.0,True,True
Deryck Toles,OLB,72,224,4.58,37.0,24.0,112.0,7.12,4.23,2004,,0.0,,,,False,False
Reggie Torbor,DE,74,254,4.65,34.0,16.0,120.0,7.48,4.46,2004,TorbRe20,9.0,New York Giants,4.0,97.0,True,True
Daryl Towns,OLB,72,224,4.57,37.0,,112.0,7.15,4.25,2004,,0.0,,,,False,False
Marcus Tubbs,DT,76,321,5.05,32.5,29.0,105.0,,,2004,TubbMa20,9.0,Seattle Seahawks,1.0,23.0,True,True
Sean Tufts,OLB,76,242,4.61,34.5,21.0,118.0,6.94,3.94,2004,TuftSe20,1.0,Carolina Panthers,6.0,196.0,True,True
Kenechi Udeze,DE,75,281,4.77,,,,,,2004,UdezKe20,13.0,Minnesota Vikings,1.0,20.0,True,True
Nathan Vasher,CB,70,177,4.49,,,,,,2004,VashNa99,26.0,Chicago Bears,4.0,110.0,True,True
Khaleed Vaughn,DE,76,281,5.0,31.5,14.0,113.0,7.38,4.35,2004,VaugKh20,0.0,,,,False,True
Jonathan Vilma,ILB,72,233,4.61,,,,,,2004,VilmJo99,26.0,New York Jets,1.0,12.0,True,True
Michael Waddell,CB,71,187,4.31,37.5,14.0,121.0,6.84,4.03,2004,WaddMi20,3.0,Tennessee Titans,4.0,124.0,True,True
Matt Ware,FS,74,209,4.54,,15.0,,,,2004,WareMa20,3.0,Philadelphia Eagles,3.0,89.0,True,True
Donnell Washington,DT,77,332,5.0,31.0,34.0,109.0,7.8,4.88,2004,,0.0,,,,False,False
Rashad Washington,FS,74,223,4.61,34.0,14.0,116.0,7.06,4.02,2004,WashRa20,2.0,New York Jets,7.0,236.0,True,True
Courtney Watson,OLB,73,237,4.56,36.5,22.0,114.0,7.39,4.35,2004,WatsCo20,7.0,New Orleans Saints,2.0,60.0,True,True
Vince Wilfork,DT,73,323,5.08,,36.0,,,,2004,WilfVi20,19.0,New England Patriots,1.0,21.0,True,True
Corey Williams,DT,76,313,5.18,28.0,25.0,106.0,7.97,4.55,2004,WillCo21,9.0,Green Bay Packers,6.0,179.0,True,True
D.J. Williams-01,OLB,73,250,4.55,,,,,,2004,WillD.20,26.0,Denver Broncos,1.0,17.0,True,True
Demorrio Williams,OLB,73,232,4.52,37.0,16.0,125.0,7.02,4.11,2004,WillDe22,16.0,Atlanta Falcons,4.0,101.0,True,True
Madieu Williams,FS,72,193,4.48,,18.0,125.0,,,2004,WillMa20,13.0,Cincinnati Bengals,2.0,56.0,True,True
Quintin Williams,FS,71,207,4.6,37.0,21.0,122.0,7.28,4.09,2004,WillQu20,0.0,,,,False,True
Virgil Williams,SS,73,196,4.66,,11.0,,,,2004,,0.0,,,,False,False
Gibril Wilson,SS,72,197,4.47,,15.0,120.0,,,2004,WilsGi20,18.0,New York Giants,5.0,136.0,True,True
Marcus Winn,SS,72,223,4.86,,21.0,,,,2004,,0.0,,,,False,False
Jeff Womble,DT,73,313,5.38,28.0,18.0,,,,2004,,0.0,,,,False,False
Dexter Wynn,CB,69,175,4.49,39.0,13.0,123.0,6.7,3.9,2004,WynnDe20,3.0,Philadelphia Eagles,6.0,192.0,True,True
Hamza Abdullah,SS,74,214,,39.0,18.0,114.0,6.94,,2005,AbduHa20,4.0,Tampa Bay Buccaneers,7.0,231.0,True,True
Lorenzo Alexander,DT,74,289,5.12,29.5,28.0,106.0,7.53,4.55,2005,AlexLo99,5.0,,,,False,True
O.J. Atogwe,FS,71,219,4.52,,22.0,,,,2005,AtogO.20,14.0,St. Louis Rams,3.0,66.0,True,True
Adrian Awasom,DE,76,279,4.93,32.5,23.0,107.0,7.57,4.4,2005,AwasAd20,1.0,,,,False,True
Jonathan Babineaux,DT,74,286,4.87,29.5,21.0,109.0,7.7,4.57,2005,BabiJo20,12.0,Atlanta Falcons,2.0,59.0,True,True
Ronald Bartell,CB,73,211,4.37,35.5,21.0,,,,2005,BartRo20,9.0,St. Louis Rams,2.0,50.0,True,True
Jordan Beck,OLB,74,233,4.6,41.0,25.0,128.0,7.11,4.1,2005,BeckJo20,2.0,Atlanta Falcons,3.0,90.0,True,True
Justin Beriault,FS,75,204,4.52,39.5,14.0,132.0,6.92,3.8,2005,,0.0,Dallas Cowboys,6.0,208.0,True,False
Atari Bigby,SS,71,214,4.57,35.0,19.0,112.0,7.0,4.1,2005,BigbAt20,7.0,,,,False,True
Darryl Blackstock,OLB,75,247,4.7,39.0,25.0,126.0,7.05,4.29,2005,BlacDa20,4.0,Arizona Cardinals,3.0,95.0,True,True
Michael Boley,OLB,75,236,4.56,34.0,,113.0,7.08,4.12,2005,BoleMi20,20.0,Atlanta Falcons,5.0,160.0,True,True
Jamaal Brimmer,SS,73,216,4.8,32.0,16.0,113.0,7.78,4.63,2005,,0.0,,,,False,False
Brandon Browner,CB,75,221,4.63,36.5,13.0,123.0,7.2,4.24,2005,BrowBr00,19.0,,,,False,True
Anthony Bryant,DT,75,337,5.06,31.5,23.0,106.0,7.8,4.68,2005,BryaAn20,1.0,Tampa Bay Buccaneers,6.0,178.0,True,True
Josh Bullocks,FS,72,209,4.46,37.5,,118.0,7.09,4.08,2005,BullJo20,17.0,New Orleans Saints,2.0,40.0,True,True
Tim Bulman,DT,75,294,4.91,32.5,35.0,115.0,7.23,4.2,2005,BulmTi20,3.0,,,,False,True
Kevin Burnett,OLB,75,239,4.58,36.0,20.0,130.0,,,2005,BurnKe20,5.0,Dallas Cowboys,2.0,42.0,True,True
Vincent Burns,DE,72,267,4.84,35.0,25.0,122.0,7.24,4.41,2005,,0.0,Indianapolis Colts,3.0,92.0,True,False
Larry Burt,DT,74,304,5.36,28.0,22.0,98.0,8.03,4.72,2005,,0.0,,,,False,False
James Butler,FS,74,213,4.51,40.5,16.0,127.0,7.1,3.98,2005,ButlJa20,8.0,,,,False,True
Chris Canty,DE,79,279,4.98,,,,,,2005,CantCh21,16.0,Dallas Cowboys,4.0,132.0,True,True
Jerome Carter,SS,71,220,4.47,35.0,21.0,121.0,7.18,4.04,2005,CartJe20,3.0,St. Louis Rams,4.0,117.0,True,True
Luis Castillo,DT,75,303,4.79,34.5,32.0,112.0,,,2005,CastLu20,16.0,San Diego Chargers,1.0,28.0,True,True
Ryan Claridge,OLB,74,254,4.78,,,,,,2005,,0.0,,,,False,False
Shaun Cody,DT,76,293,5.05,,34.0,,,,2005,CodySh20,5.0,Detroit Lions,2.0,37.0,True,True
Dan Cody,DE,77,254,4.75,,,,,,2005,CodyDa20,0.0,Baltimore Ravens,2.0,53.0,True,True
Trent Cole,OLB,74,236,4.7,,,,,,2005,ColeTr20,25.0,Philadelphia Eagles,5.0,146.0,True,True
Eric Coleman,DT,77,288,5.12,33.0,27.0,118.0,7.42,4.71,2005,,0.0,,,,False,False
Nick Collins,CB,71,206,4.36,40.0,11.0,118.0,6.94,4.16,2005,CollNi20,17.0,Green Bay Packers,2.0,51.0,True,True
Sean Considine,FS,72,212,4.5,37.0,19.0,117.0,7.09,3.92,2005,ConsSe20,8.0,Philadelphia Eagles,4.0,102.0,True,True
Atcheson Conway,SS,70,219,4.9,32.0,14.0,108.0,7.38,4.1,2005,,0.0,,,,False,False
Roger Cooper,OLB,74,239,4.75,35.5,19.0,118.0,7.28,4.33,2005,,0.0,,,,False,False
Channing Crowder,ILB,74,252,4.71,,,,,,2005,CrowCh20,18.0,Miami Dolphins,3.0,70.0,True,True
Markus Curry,CB,71,181,4.59,35.0,12.0,117.0,7.04,3.89,2005,CurrMa20,0.0,,,,False,True
Travis Daniels,CB,73,194,4.54,35.0,,120.0,6.95,3.97,2005,DaniTr20,11.0,Miami Dolphins,4.0,104.0,True,True
Thomas Davis,FS,73,230,4.6,36.5,,115.0,7.09,3.97,2005,DaviTh20,17.0,Carolina Panthers,1.0,14.0,True,True
Jim Davis,DE,75,277,4.75,34.0,,111.0,7.11,4.23,2005,DaviJi20,0.0,,,,False,True
Chauncey Davis,DE,74,273,4.8,37.0,22.0,118.0,7.66,4.44,2005,DaviCh22,12.0,Atlanta Falcons,4.0,128.0,True,True
Adell Duckett,DE,75,270,4.93,34.5,14.0,105.0,7.75,4.35,2005,,0.0,,,,False,False
Clifford Dukes,DE,75,268,4.95,31.5,28.0,,,,2005,,0.0,,,,False,False
Abraham Elimimian,CB,70,190,4.62,39.0,14.0,121.0,,4.05,2005,,0.0,,,,False,False
Atiyyah Ellison,DT,76,305,5.07,27.5,25.0,103.0,8.0,4.79,2005,ElliAt00,0.0,Carolina Panthers,3.0,89.0,True,True
Ben Emanuel,FS,75,213,4.57,,21.0,,,,2005,EmanBe20,3.0,Carolina Panthers,5.0,171.0,True,True
Jamar Enzor,OLB,72,243,4.75,,21.0,,,,2005,EnzoJa20,0.0,,,,False,True
Liam Ezekiel,ILB,72,249,4.81,34.5,36.0,118.0,7.27,4.12,2005,EzekLi20,0.0,,,,False,True
Diamond Ferri,SS,70,223,4.59,35.5,20.0,111.0,7.15,4.14,2005,FerrDi00,0.0,,,,False,True
Ronald Fields,DT,74,313,5.24,27.0,,102.0,8.01,4.68,2005,FielRo20,5.0,San Francisco 49ers,5.0,137.0,True,True
Alfred Fincher,ILB,73,238,4.68,31.5,25.0,112.0,7.69,4.45,2005,FincAl20,2.0,New Orleans Saints,3.0,82.0,True,True
Dustin Fox,FS,71,191,4.43,43.5,7.0,,,,2005,FoxxDu20,0.0,Minnesota Vikings,3.0,80.0,True,True
Domonique Foxworth,CB,71,184,4.34,41.0,14.0,125.0,6.78,3.89,2005,FoxwDo20,7.0,Denver Broncos,3.0,97.0,True,True
Aaron Francisco,FS,74,211,4.74,35.0,17.0,113.0,6.96,4.07,2005,FranAa20,4.0,,,,False,True
Simon Fraser,DE,78,288,5.0,28.0,23.0,106.0,7.54,4.43,2005,FrasSi20,6.0,,,,False,True
Andre Frazier,DE,77,234,4.66,38.0,19.0,124.0,7.09,4.12,2005,FrazAn20,3.0,,,,False,True
Vincent Fuller,FS,73,189,4.44,,,,,,2005,FullVi20,4.0,Tennessee Titans,4.0,108.0,True,True
George Gause,DE,77,275,4.68,,,,,,2005,,0.0,,,,False,False
Johnathan Goddard,OLB,72,238,4.67,35.0,27.0,107.0,7.48,4.14,2005,,0.0,,,,False,False
Michael Goolsby,ILB,75,249,4.85,29.5,,112.0,7.31,4.36,2005,,0.0,,,,False,False
Eric Green,CB,71,198,4.52,38.0,,120.0,,3.9,2005,GreeEr20,9.0,Arizona Cardinals,3.0,75.0,True,True
Boomer Grigsby,ILB,72,249,4.6,35.5,32.0,112.0,7.1,,2005,GrigBo20,2.0,Kansas City Chiefs,5.0,138.0,True,True
Matt Grootegoed,SS,71,218,4.76,31.5,22.0,111.0,7.17,4.26,2005,GrooMa20,0.0,,,,False,True
Tyjuan Hagler,OLB,72,236,4.59,35.5,35.0,124.0,7.21,4.07,2005,HaglTy20,6.0,Indianapolis Colts,5.0,173.0,True,True
Jason Harmon,FS,71,209,4.7,37.0,23.0,118.0,7.61,4.1,2005,,0.0,,,,False,False
Marques Harris,OLB,73,231,4.71,40.5,22.0,117.0,7.19,4.07,2005,HarrMa20,5.0,,,,False,True
Anttaj Hawthorne,DT,75,321,5.23,27.0,21.0,100.0,8.0,4.69,2005,HawtAn20,1.0,Oakland Raiders,6.0,175.0,True,True
Kelvin Hayden,CB,70,197,4.45,34.0,17.0,111.0,6.87,3.9,2005,HaydKe20,10.0,Indianapolis Colts,2.0,60.0,True,True
Jovan Haye,DE,74,284,4.74,34.0,33.0,110.0,7.38,4.35,2005,HayeJo20,12.0,Carolina Panthers,6.0,189.0,True,True
Leroy Hill,ILB,73,229,4.65,34.0,25.0,116.0,7.23,4.1,2005,HillLe20,20.0,Seattle Seahawks,3.0,98.0,True,True
Ellis Hobbs,CB,69,192,4.45,42.0,12.0,124.0,6.8,4.07,2005,HobbEl20,19.0,New England Patriots,3.0,84.0,True,True
Alphonso Hodge,CB,71,203,4.44,34.0,20.0,,,3.99,2005,,0.0,,,,False,False
Terry Holley,SS,73,211,4.64,37.0,24.0,115.0,,,2005,,0.0,,,,False,False
Daven Holly,CB,70,192,4.39,39.0,15.0,115.0,7.16,4.08,2005,HollDa22,10.0,San Francisco 49ers,7.0,215.0,True,True
Kevin Huntley,DE,79,267,4.88,,,,,,2005,HuntKe21,1.0,,,,False,True
Marlin Jackson,CB,73,198,4.52,36.0,23.0,125.0,6.95,3.96,2005,JackMa22,11.0,Indianapolis Colts,1.0,29.0,True,True
Erasmus James,DE,76,266,4.81,37.5,,122.0,7.56,4.37,2005,JameEr20,6.0,Minnesota Vikings,1.0,18.0,True,True
Jason Jefferson,DT,74,310,5.1,28.5,,102.0,7.79,4.47,2005,JeffJa21,1.0,New Orleans Saints,6.0,193.0,True,True
Travis Johnson,DT,76,305,4.91,,,,,,2005,JohnTr20,10.0,Houston Texans,1.0,16.0,True,True
Derrick Johnson-01,CB,71,197,4.43,,18.0,,7.15,4.1,2005,,0.0,,,,False,False
Derrick Johnson-02,OLB,75,242,4.52,37.5,,120.0,7.2,3.87,2005,JohnDe25,22.0,Kansas City Chiefs,1.0,15.0,True,True
Adam Jones,CB,69,187,4.38,,,,,,2005,JonePa20,18.0,Tennessee Titans,1.0,6.0,True,True
Tyler King,DE,77,271,4.87,36.0,20.0,118.0,7.57,4.34,2005,,0.0,,,,False,False
Eric King,CB,68,189,4.43,,12.0,,,,2005,KingEr20,3.0,Buffalo Bills,5.0,156.0,True,True
Marcus Lawrence,ILB,74,243,4.62,34.0,19.0,121.0,7.16,4.32,2005,LawrMa20,0.0,,,,False,True
Jim Leonhard,FS,68,191,4.63,,19.0,,,,2005,LeonJi23,5.0,,,,False,True
Khari Long,DE,76,257,4.74,38.5,27.0,121.0,7.22,4.07,2005,LongKh20,0.0,Kansas City Chiefs,6.0,199.0,True,True
Andre Maddox,SS,73,205,4.46,36.5,17.0,127.0,7.33,,2005,,0.0,,,,False,False
Robert McCune,ILB,72,245,4.5,,34.0,,,,2005,McCuRo20,0.0,Washington Redskins,5.0,154.0,True,True
Bryant McFadden,CB,72,193,4.44,38.5,23.0,130.0,,4.04,2005,McFaBr20,10.0,Pittsburgh Steelers,2.0,62.0,True,True
Lynn McGruder,DT,73,307,5.01,35.5,28.0,112.0,7.71,4.42,2005,,0.0,,,,False,False
Chris McKenzie,CB,68,185,4.32,45.0,6.0,136.0,6.9,4.32,2005,McKeCh20,0.0,,,,False,True
David McMillan,DE,75,262,4.58,34.0,16.0,120.0,7.11,4.07,2005,McMiDa20,2.0,Cleveland Browns,5.0,139.0,True,True
Albert Means,DT,76,318,5.4,27.0,26.0,96.0,8.21,4.87,2005,,0.0,,,,False,False
Shawne Merriman,DE,76,272,4.64,,25.0,,,,2005,MerrSh99,32.0,San Diego Chargers,1.0,12.0,True,True
Lance Mitchell,ILB,74,247,4.85,33.5,15.0,,7.49,4.38,2005,MitcLa20,1.0,Arizona Cardinals,5.0,168.0,True,True
Mike Montgomery,DE,77,276,5.05,34.5,19.0,115.0,7.38,4.32,2005,MontMi20,3.0,Green Bay Packers,6.0,180.0,True,True
Eric Moore,DE,76,262,4.84,29.5,22.0,108.0,7.62,4.5,2005,MoorEr21,2.0,New York Giants,6.0,186.0,True,True
Kirk Morrison,ILB,73,235,4.75,,25.0,,,4.31,2005,MorrKi20,23.0,Oakland Raiders,3.0,78.0,True,True
C.J. Mosley-01,DT,74,314,5.08,27.5,27.0,100.0,8.21,4.64,2005,MoslC.20,5.0,Minnesota Vikings,6.0,191.0,True,True
Jared Newberry,OLB,73,234,4.71,,,,,,2005,,0.0,Washington Redskins,6.0,183.0,True,False
Donte Nicholson,SS,73,212,4.56,,18.0,,,,2005,NichDo20,1.0,Tampa Bay Buccaneers,5.0,141.0,True,True
Mike Patterson,DT,72,292,4.93,,26.0,,,,2005,PattMi20,23.0,Philadelphia Eagles,1.0,31.0,True,True
Martin Patterson,ILB,73,243,4.89,34.0,21.0,115.0,7.31,4.2,2005,,0.0,,,,False,False
Karl Paymah,CB,72,204,4.35,41.5,15.0,125.0,7.09,3.91,2005,PaymKa20,4.0,Denver Broncos,3.0,76.0,True,True
Antonio Perkins,CB,71,190,4.49,40.0,10.0,126.0,7.17,4.07,2005,PerkAn20,0.0,Cleveland Browns,4.0,103.0,True,True
Kenneth Pettway,OLB,75,236,4.69,32.5,22.0,114.0,7.29,4.31,2005,PettKe20,3.0,Houston Texans,7.0,227.0,True,True
David Pollack,DE,74,265,4.75,37.0,25.0,120.0,6.86,3.9,2005,PollDa20,3.0,Cincinnati Bengals,1.0,17.0,True,True
Jonathan Pollard,OLB,73,247,4.68,35.0,21.0,116.0,7.41,4.07,2005,,0.0,,,,False,False
Brodney Pool,FS,73,207,4.52,,,,,,2005,PoolBr20,12.0,Cleveland Browns,2.0,34.0,True,True
Brady Poppinga,DE,75,259,4.59,35.5,26.0,110.0,7.27,4.38,2005,PoppBr20,14.0,Green Bay Packers,4.0,125.0,True,True
Sione Pouha,DT,75,325,5.02,32.5,32.0,107.0,7.83,4.44,2005,PouhSi20,5.0,New York Jets,3.0,88.0,True,True
Lamont Reid,CB,71,195,4.53,40.5,15.0,124.0,7.18,4.28,2005,ReidLa20,1.0,,,,False,True
Kerry Rhodes,FS,74,209,4.56,42.0,12.0,123.0,6.94,4.12,2005,RhodKe20,24.0,New York Jets,4.0,123.0,True,True
Ryan Riddle,DE,74,256,4.83,,18.0,,,,2005,RiddRy20,1.0,Oakland Raiders,6.0,212.0,True,True
Derreck Robinson,DT,76,289,,34.5,27.0,114.0,7.97,4.53,2005,RobiDe21,1.0,,,,False,True
Carlos Rogers,CB,72,196,4.44,40.5,15.0,126.0,6.48,3.82,2005,RogeCa20,11.0,Washington Redskins,1.0,9.0,True,True
Antrel Rolle,CB,72,201,4.48,,15.0,,,,2005,RollAn20,10.0,Arizona Cardinals,1.0,8.0,True,True
Matt Roth,DE,76,278,4.81,32.0,26.0,112.0,7.65,4.36,2005,RothMa20,8.0,Miami Dolphins,2.0,46.0,True,True
Stanford Routt,CB,73,193,4.27,36.5,,129.0,6.63,3.9,2005,RoutSt20,8.0,Oakland Raiders,2.0,38.0,True,True
Barrett Ruud,ILB,74,241,4.75,34.5,25.0,112.0,7.22,3.94,2005,RuudBa20,15.0,Tampa Bay Buccaneers,2.0,36.0,True,True
Gerald Sensabaugh,FS,72,214,4.44,46.0,17.0,133.0,,,2005,SensGe20,7.0,Jacksonville Jaguars,5.0,157.0,True,True
Adam Seward,ILB,74,248,4.6,36.5,33.0,120.0,7.16,4.11,2005,SewaAd20,3.0,Carolina Panthers,5.0,149.0,True,True
Ernest Shazor,SS,76,228,4.65,,,,,,2005,ShazEr20,0.0,,,,False,True
Darrell Shropshire,DT,74,301,4.87,34.0,25.0,116.0,7.54,4.31,2005,ShroDa20,2.0,Atlanta Falcons,7.0,241.0,True,True
Marcus Spears,DE,76,307,5.05,,,,,,2005,SpeaMa21,18.0,Dallas Cowboys,1.0,20.0,True,True
Scott Starks,CB,68,172,4.37,43.0,13.0,137.0,6.99,3.9,2005,StarSc20,4.0,Jacksonville Jaguars,3.0,87.0,True,True
Bill Swancutt,DE,76,270,5.0,34.0,23.0,113.0,7.35,4.24,2005,SwanBi20,0.0,Detroit Lions,6.0,184.0,True,True
Lofa Tatupu,ILB,72,238,4.83,35.0,23.0,113.0,7.31,4.16,2005,TatuLo99,38.0,Seattle Seahawks,2.0,45.0,True,True
Benard Thomas,DE,76,269,4.9,30.0,27.0,108.0,8.24,4.34,2005,,0.0,,,,False,False
Odell Thurman,ILB,72,233,4.62,34.0,23.0,114.0,7.47,,2005,ThurOd20,7.0,Cincinnati Bengals,2.0,48.0,True,True
Justin Tuck,DE,77,268,4.71,,,,,,2005,,0.0,,,,False,False
Marviel Underwood,FS,70,205,4.45,38.0,19.0,118.0,7.12,4.21,2005,UndeMa20,1.0,Green Bay Packers,4.0,115.0,True,True
Jimmy Verdon,DE,75,280,5.02,29.5,18.0,105.0,7.89,4.53,2005,VerdJi20,0.0,New Orleans Saints,7.0,232.0,True,True
Kevin Vickerson,DT,77,310,5.0,32.5,,103.0,7.78,4.64,2005,VickKe99,3.0,Miami Dolphins,7.0,216.0,True,True
Cameron Wake,OLB,75,236,4.65,45.5,20.0,130.0,7.12,4.11,2005,WakeCa00,28.0,,,,False,True
Rian Wallace,OLB,74,241,4.73,35.5,10.0,112.0,7.45,3.94,2005,WallRi20,2.0,Pittsburgh Steelers,5.0,166.0,True,True
DeMarcus Ware,OLB,76,251,4.56,38.5,27.0,122.0,6.83,4.07,2005,WareDe99,33.0,Dallas Cowboys,1.0,11.0,True,True
Fabian Washington,CB,70,188,4.29,41.5,18.0,129.0,,3.91,2005,WashFa20,11.0,Oakland Raiders,1.0,23.0,True,True
Corey Webster,CB,72,199,4.5,,9.0,,,,2005,WebsCo20,9.0,New York Giants,2.0,43.0,True,True
Marquis Weeks,SS,70,216,4.56,36.5,23.0,120.0,7.46,3.89,2005,WeekMa00,0.0,,,,False,True
Jonathan Welsh,OLB,75,244,4.61,40.5,19.0,130.0,7.83,4.22,2005,WelsJo20,0.0,Indianapolis Colts,5.0,148.0,True,True
Aric Williams,CB,71,187,4.58,36.0,8.0,117.0,,,2005,,0.0,,,,False,False
Cedrick Williams,CB,70,168,4.5,35.0,13.0,121.0,7.24,4.22,2005,,0.0,,,,False,False
Darrent Williams,CB,69,176,4.3,39.0,16.0,124.0,6.97,3.96,2005,WillDa21,10.0,Denver Broncos,2.0,56.0,True,True
Stanley Wilson,CB,72,185,4.36,39.5,14.0,125.0,,,2005,WilsSt20,5.0,Detroit Lions,3.0,72.0,True,True
Jerron Wishom,CB,72,193,4.5,38.0,18.0,118.0,6.81,4.07,2005,WishJe20,0.0,,,,False,True
Cornelius Wortham,OLB,73,236,4.71,37.0,22.0,110.0,,4.38,2005,WortCo20,1.0,Seattle Seahawks,7.0,235.0,True,True
Titus Adams,DT,75,306,5.07,30.5,15.0,103.0,7.49,4.54,2006,AdamTi00,0.0,New York Jets,7.0,220.0,True,True
Darrell Adams,DE,77,277,5.0,27.0,22.0,109.0,7.91,4.76,2006,,0.0,,,,False,False
Jahmile Addae,FS,70,214,4.7,38.5,,122.0,,,2006,,0.0,,,,False,False
Victor Adeyanju,DE,76,274,4.86,32.0,22.0,112.0,7.37,4.41,2006,AdeyVi20,13.0,St. Louis Rams,4.0,113.0,True,True
Jason Allen,FS,73,209,4.39,39.5,17.0,131.0,6.75,3.81,2006,AlleJa23,6.0,Miami Dolphins,1.0,16.0,True,True
Jon Alston,OLB,73,223,4.5,40.0,30.0,132.0,6.9,4.13,2006,AlstJo20,4.0,St. Louis Rams,3.0,77.0,True,True
Sir Henry Anderson,DT,76,306,5.19,28.5,27.0,100.0,7.69,4.55,2006,,0.0,,,,False,False
Mark Anderson,DE,76,254,4.62,42.0,20.0,127.0,6.95,4.22,2006,AndeMa21,13.0,Chicago Bears,5.0,159.0,True,True
James Anderson,OLB,75,229,4.59,41.0,,121.0,6.67,4.07,2006,AndeJa21,4.0,Carolina Panthers,3.0,88.0,True,True
Willie Andrews,SS,69,193,4.43,36.5,7.0,124.0,6.99,4.27,2006,AndrWi20,3.0,New England Patriots,7.0,229.0,True,True
Charles Bennett,DE,76,258,4.7,33.5,19.0,115.0,7.48,4.52,2006,BennCh21,0.0,Tampa Bay Buccaneers,7.0,241.0,True,True
Antoine Bethea,FS,71,203,4.39,36.5,19.0,127.0,6.99,4.11,2006,BethAn20,20.0,Indianapolis Colts,6.0,207.0,True,True
Darnell Bing,SS,74,227,4.53,34.0,17.0,120.0,7.25,4.07,2006,BingDa00,0.0,Oakland Raiders,4.0,101.0,True,True
Will Blackmon,CB,72,198,4.47,41.0,,133.0,6.67,4.23,2006,BlacWi20,6.0,Green Bay Packers,4.0,115.0,True,True
Greg Blue,FS,74,216,4.57,37.5,16.0,120.0,,,2006,BlueGr20,1.0,Minnesota Vikings,5.0,149.0,True,True
McKinley Boykin,DT,73,289,5.01,30.5,30.0,109.0,,4.75,2006,BoykMc99,0.0,,,,False,True
Trent Bray,ILB,73,231,4.9,32.0,18.0,109.0,7.15,4.41,2006,,0.0,,,,False,False
Darrell Brooks,FS,72,198,4.61,36.5,7.0,125.0,6.97,4.36,2006,,0.0,,,,False,False
Manaia Brown,DT,75,301,5.1,34.5,21.0,111.0,7.63,4.47,2006,,0.0,,,,False,False
Copeland Bryan,DE,76,253,4.9,33.0,16.0,117.0,7.11,4.3,2006,BryaCo99,3.0,,,,False,True
Daniel Bullocks,SS,72,212,4.38,38.0,18.0,124.0,6.91,4.16,2006,BullDa20,7.0,Detroit Lions,2.0,40.0,True,True
Brodrick Bunkley,DT,75,306,5.01,32.5,44.0,113.0,,,2006,BunkBr20,19.0,Philadelphia Eagles,1.0,14.0,True,True
Bobby Carpenter,OLB,74,256,4.65,,,,,,2006,CarpBo20,3.0,Dallas Cowboys,1.0,18.0,True,True
Barry Cofield,DT,76,304,4.95,34.0,35.0,105.0,7.43,4.35,2006,CofiBa20,20.0,New York Giants,4.0,124.0,True,True
Antonio Cromartie,CB,74,208,4.47,38.0,18.0,132.0,,,2006,CromAn20,21.0,San Diego Chargers,1.0,19.0,True,True
Marcus Demps,FS,72,198,4.7,31.0,17.0,117.0,6.91,4.09,2006,,0.0,,,,False,False
Will Derting,ILB,72,247,4.74,,,,,,2006,,0.0,,,,False,False
Tim Dobbins,ILB,73,246,4.59,35.5,23.0,110.0,7.25,4.39,2006,DobbTi20,8.0,San Diego Chargers,5.0,151.0,True,True
Reed Doughty,FS,72,209,4.65,37.0,15.0,121.0,6.66,4.17,2006,DougRe20,5.0,Washington Redskins,6.0,173.0,True,True
Kader Drame,DT,77,290,5.25,30.5,17.0,108.0,8.12,,2006,,0.0,,,,False,False
Elvis Dumervil,DE,71,257,4.75,,30.0,,,,2006,DumeEl20,14.0,Denver Broncos,4.0,126.0,True,True
Dusty Dvoracek,DT,75,306,5.01,34.0,31.0,110.0,7.62,4.35,2006,DvorDu99,6.0,Chicago Bears,3.0,73.0,True,True
Ray Edwards,DE,77,273,4.81,39.0,30.0,114.0,7.71,4.57,2006,EdwaRa21,16.0,Minnesota Vikings,4.0,127.0,True,True
Keith Ellison,OLB,73,235,4.76,32.5,24.0,115.0,7.22,4.16,2006,ElliKe20,15.0,Buffalo Bills,6.0,178.0,True,True
Omar Gaither,OLB,73,234,4.78,37.0,23.0,116.0,7.31,4.28,2006,GaitOm20,19.0,Philadelphia Eagles,5.0,168.0,True,True
Chris Gocong,DE,74,263,4.7,38.5,28.0,123.0,7.05,4.08,2006,GocoCh99,18.0,Philadelphia Eagles,3.0,71.0,True,True
Kedric Golston,DT,76,300,4.88,33.0,31.0,111.0,7.6,4.45,2006,GolsKe20,15.0,Washington Redskins,6.0,196.0,True,True
Charles Gordon,CB,70,183,4.6,35.5,12.0,115.0,6.95,4.2,2006,GordCh20,4.0,,,,False,True
Marcus Green,DT,73,295,5.14,31.0,33.0,108.0,7.62,4.86,2006,GreeMa20,0.0,,,,False,True
Chad Greenway,OLB,74,242,4.76,33.5,16.0,117.0,7.0,4.22,2006,GreeCh99,26.0,Minnesota Vikings,1.0,17.0,True,True
Cedric Griffin,FS,72,199,4.51,35.5,17.0,125.0,6.84,4.1,2006,GrifCe20,16.0,Minnesota Vikings,2.0,48.0,True,True
Tamba Hali,DE,75,275,4.87,,,,,,2006,HaliTa20,24.0,Kansas City Chiefs,1.0,20.0,True,True
Parys Haralson,DE,73,253,4.8,32.0,24.0,115.0,7.37,4.26,2006,HaraPa20,10.0,San Francisco 49ers,5.0,140.0,True,True
Roman Harper,FS,72,198,4.5,,19.0,,,,2006,HarpRo21,14.0,New Orleans Saints,2.0,43.0,True,True
Chris Harrell,SS,72,209,4.7,40.5,15.0,119.0,7.02,4.12,2006,,0.0,,,,False,False
Orien Harris,DT,75,301,5.27,,25.0,,,,2006,HarrOr20,2.0,Pittsburgh Steelers,4.0,133.0,True,True
Jason Hatcher,DE,78,284,4.82,35.5,28.0,113.0,7.67,4.49,2006,HatcJa20,4.0,Dallas Cowboys,3.0,92.0,True,True
Spencer Havner,ILB,75,242,4.69,39.0,,116.0,6.81,4.07,2006,HavnSp00,1.0,,,,False,True
A.J. Hawk,OLB,73,248,4.59,40.0,24.0,115.0,6.82,3.96,2006,HawkA.20,23.0,Green Bay Packers,1.0,5.0,True,True
Chris Hawkins-01,CB,70,183,4.51,37.0,16.0,116.0,,4.18,2006,,0.0,,,,False,False
Eric Henderson,DE,74,270,4.75,,30.0,,,,2006,HendEr20,0.0,,,,False,True
Jarvis Herring,SS,71,207,4.85,36.5,15.0,116.0,7.34,4.23,2006,,0.0,,,,False,False
Tye Hill,CB,70,185,4.34,41.0,,129.0,6.63,4.01,2006,HillTy20,7.0,St. Louis Rams,1.0,15.0,True,True
Abdul Hodge,ILB,72,236,4.76,31.0,,108.0,7.09,4.3,2006,HodgAb20,2.0,Green Bay Packers,3.0,67.0,True,True
Reuben Houston,CB,72,192,4.62,41.5,21.0,127.0,,4.42,2006,,0.0,,,,False,False
Thomas Howard,OLB,75,239,4.42,39.0,21.0,124.0,6.96,4.28,2006,HowaTh20,22.0,Oakland Raiders,2.0,38.0,True,True
Oliver Hoyte,ILB,75,245,4.93,32.0,19.0,112.0,7.47,4.3,2006,HoytOl20,2.0,,,,False,True
Marcus Hudson,FS,73,194,4.55,,11.0,,,,2006,HudsMa20,3.0,San Francisco 49ers,6.0,192.0,True,True
Michael Huff,SS,72,204,4.34,40.5,21.0,125.0,,,2006,HuffMi20,15.0,Oakland Raiders,1.0,7.0,True,True
Darrell Hunter,CB,72,206,4.44,36.0,8.0,123.0,,4.11,2006,HuntDa23,0.0,,,,False,True
Clint Ingram,OLB,74,244,4.65,41.0,22.0,,7.12,4.1,2006,IngrCl20,18.0,Jacksonville Jaguars,3.0,80.0,True,True
Brian Iwuh,OLB,72,234,4.66,,20.0,,,,2006,IwuhBr20,4.0,,,,False,True
T.J. Jackson,DT,72,304,5.15,31.0,26.0,104.0,7.72,4.6,2006,JackTo20,0.0,,,,False,True
D'Qwell Jackson,ILB,72,230,4.73,37.0,19.0,116.0,7.05,4.36,2006,JackDQ20,21.0,Cleveland Browns,2.0,34.0,True,True
Julian Jenkins,DE,76,277,5.03,34.5,25.0,110.0,7.11,4.23,2006,JenkJu20,1.0,Tampa Bay Buccaneers,5.0,156.0,True,True
Tim Jennings,CB,68,185,4.32,37.5,17.0,117.0,,,2006,JennTi20,9.0,Indianapolis Colts,2.0,62.0,True,True
Kelly Jennings,CB,71,178,4.39,40.0,,120.0,,4.0,2006,JennKe20,11.0,Seattle Seahawks,1.0,31.0,True,True
Brandon Johnson,OLB,77,228,4.44,37.0,11.0,118.0,7.17,4.34,2006,JohnBr20,5.0,Arizona Cardinals,5.0,142.0,True,True
Johnny Jolly,DT,75,317,5.41,,,104.0,,,2006,JollJo20,11.0,Green Bay Packers,6.0,183.0,True,True
Johnathan Joseph,CB,71,193,4.31,37.0,15.0,123.0,6.92,4.23,2006,JoseJo20,13.0,Cincinnati Bengals,1.0,24.0,True,True
Freddy Keiaho,ILB,71,224,4.68,36.0,15.0,113.0,7.01,4.12,2006,KeiaFr20,14.0,Indianapolis Colts,3.0,94.0,True,True
Charlton Keith,OLB,76,237,4.78,30.5,12.0,109.0,7.03,4.36,2006,,0.0,,,,False,False
William Kershaw,OLB,75,240,4.63,37.0,21.0,111.0,6.95,4.17,2006,KersWi20,0.0,,,,False,True
Mathias Kiwanuka,DE,78,266,4.7,32.0,17.0,120.0,7.27,4.13,2006,KiwaMa20,18.0,New York Giants,1.0,32.0,True,True
Mike Kudla,DE,74,265,4.72,37.0,45.0,114.0,7.21,4.45,2006,,0.0,,,,False,False
Ryan LaCasse,DE,74,257,4.62,34.0,34.0,113.0,7.25,4.3,2006,LaCaRy20,1.0,Baltimore Ravens,7.0,219.0,True,True
Dawan Landry,SS,73,220,4.64,37.5,18.0,124.0,,4.27,2006,LandDa21,13.0,Baltimore Ravens,5.0,146.0,True,True
Manny Lawson,OLB,77,241,4.43,39.5,23.0,124.0,6.9,4.18,2006,LawsMa20,11.0,San Francisco 49ers,1.0,22.0,True,True
Josh Lay,CB,72,197,4.48,40.5,16.0,120.0,,,2006,,0.0,,,,False,False
Jonathan Lewis,DT,73,309,4.97,33.5,24.0,111.0,7.4,4.4,2006,LewiJo22,0.0,Arizona Cardinals,6.0,177.0,True,True
Calvin Lowry,SS,71,200,4.54,36.0,15.0,120.0,7.16,4.2,2006,LowrCa20,7.0,Tennessee Titans,4.0,102.0,True,True
Jesse Mahelona,DT,72,311,5.37,,,,,,2006,MaheJe20,1.0,Tennessee Titans,5.0,169.0,True,True
Antonio Malone,CB,72,200,4.59,34.0,10.0,111.0,7.05,4.1,2006,,0.0,,,,False,False
Danieal Manning,CB,71,202,4.48,39.0,17.0,123.0,7.23,4.07,2006,MannDa21,16.0,Chicago Bears,2.0,42.0,True,True
Richard Marshall,CB,71,189,4.42,37.0,12.0,129.0,6.65,4.16,2006,MarsRi20,12.0,Carolina Panthers,2.0,58.0,True,True
Derrick Martin,CB,70,202,4.5,40.0,17.0,127.0,6.72,3.95,2006,MartDe22,3.0,Baltimore Ravens,6.0,208.0,True,True
Marcus Maxey,CB,73,198,4.48,41.5,14.0,129.0,,,2006,MaxeMa20,0.0,Kansas City Chiefs,5.0,154.0,True,True
Dee McCann,CB,71,197,4.53,40.5,,122.0,7.35,4.38,2006,,0.0,Detroit Lions,6.0,179.0,True,False
John McCargo,DT,73,302,5.15,30.5,25.0,110.0,7.79,4.48,2006,McCaJo22,2.0,Buffalo Bills,1.0,26.0,True,True
Stanley McClover,DE,74,262,4.7,39.0,19.0,114.0,7.87,4.5,2006,McClSt20,1.0,Carolina Panthers,7.0,237.0,True,True
Tim McGarigle,ILB,73,242,4.73,38.0,,118.0,7.09,4.07,2006,McGaTi99,1.0,St. Louis Rams,7.0,221.0,True,True
Rocky McIntosh,OLB,74,237,4.62,41.5,18.0,119.0,,,2006,McInRo20,18.0,Washington Redskins,2.0,35.0,True,True
Gerrick McPhearson,CB,70,196,4.42,41.5,18.0,129.0,,,2006,,0.0,New York Giants,7.0,232.0,True,False
Vincent Meeks,SS,71,210,4.85,33.0,11.0,112.0,,,2006,,0.0,,,,False,False
Jeremy Mincey,DE,75,259,4.76,33.5,27.0,116.0,6.99,4.25,2006,MincJe99,5.0,New England Patriots,6.0,191.0,True,True
DeMario Minter,CB,71,190,4.52,38.5,10.0,131.0,6.87,4.1,2006,,0.0,Cleveland Browns,5.0,152.0,True,False
Terna Nande,OLB,72,232,4.51,39.0,41.0,124.0,6.97,4.11,2006,NandTe20,0.0,Tennessee Titans,5.0,137.0,True,True
Javon Nanton,DE,75,250,4.8,28.5,22.0,108.0,,,2006,,0.0,,,,False,False
Khalid Naziruddin,CB,69,185,4.64,38.5,17.0,119.0,,,2006,,0.0,,,,False,False
Haloti Ngata,DT,76,338,5.13,31.5,37.0,110.0,7.95,4.65,2006,NgatHa20,31.0,Baltimore Ravens,1.0,12.0,True,True
A.J. Nicholson,OLB,73,252,4.88,,25.0,116.0,7.37,4.43,2006,NichA.20,0.0,Cincinnati Bengals,5.0,157.0,True,True
Rob Ninkovich,DE,75,260,4.91,34.5,23.0,116.0,6.96,4.18,2006,NinkRo20,0.0,New Orleans Saints,5.0,135.0,True,True
Melvin Oliver,DE,75,276,5.08,,,,,,2006,OlivMe20,6.0,San Francisco 49ers,6.0,197.0,True,True
Chijioke Onyenegecha,CB,73,215,4.55,34.5,16.0,118.0,,,2006,,0.0,,,,False,False
Babatunde Oshinowo,DT,74,304,5.27,32.0,33.0,105.0,7.87,4.54,2006,OshiBa20,0.0,Cleveland Browns,6.0,181.0,True,True
Jarrad Page,SS,72,239,4.63,38.0,,127.0,6.68,4.14,2006,PageJa20,15.0,Kansas City Chiefs,7.0,228.0,True,True
Kai Parham,ILB,75,256,4.98,35.0,30.0,116.0,7.35,4.33,2006,,0.0,,,,False,False
Domata Peko,DT,75,307,5.27,28.5,25.0,103.0,7.69,4.49,2006,PekoDo20,16.0,Cincinnati Bengals,4.0,123.0,True,True
Charlie Peprah,SS,71,206,4.66,37.5,15.0,119.0,6.81,4.09,2006,PeprCh20,2.0,New York Giants,5.0,158.0,True,True
Anwar Phillips,CB,72,193,4.6,,,,,,2006,PhilAn21,0.0,,,,False,True
David Pittman,CB,71,182,4.44,36.0,14.0,128.0,,4.23,2006,PittDa99,1.0,Baltimore Ravens,3.0,87.0,True,True
Bernard Pollard,SS,74,224,4.57,36.5,,131.0,,,2006,PollBe20,13.0,Kansas City Chiefs,2.0,54.0,True,True
Matthew Rice,DE,76,271,4.89,,,,7.6,4.34,2006,,0.0,,,,False,False
Freddie Roach,ILB,74,257,4.93,34.0,,111.0,7.49,4.42,2006,,0.0,,,,False,False
Dale Robinson,ILB,72,231,4.76,33.0,18.0,108.0,7.29,4.3,2006,,0.0,,,,False,False
Frostee Rucker,DE,75,267,4.88,29.5,,110.0,,,2006,RuckFr99,6.0,Cincinnati Bengals,3.0,91.0,True,True
DeMeco Ryans,OLB,73,236,4.65,39.0,23.0,129.0,7.19,4.17,2006,RyanDe20,24.0,Houston Texans,2.0,33.0,True,True
Nate Salley,FS,74,216,4.63,40.0,14.0,123.0,6.79,4.15,2006,SallNa20,2.0,Carolina Panthers,4.0,121.0,True,True
Anthony Schlegel,ILB,72,250,4.88,32.0,21.0,111.0,7.41,4.38,2006,SchlAn20,2.0,New York Jets,3.0,76.0,True,True
Kevin Simon,OLB,70,235,4.89,28.0,26.0,103.0,7.69,4.32,2006,,0.0,Washington Redskins,7.0,250.0,True,False
Ko Simpson,FS,73,209,4.45,40.5,11.0,122.0,7.09,4.17,2006,SimpKo20,11.0,Buffalo Bills,4.0,105.0,True,True
Ernie Sims,OLB,71,231,4.5,41.0,25.0,125.0,7.31,4.22,2006,SimsEr20,18.0,Detroit Lions,1.0,9.0,True,True
Dwayne Slay,FS,75,216,4.78,32.5,,112.0,,,2006,,0.0,,,,False,False
Anthony Smith,FS,72,194,4.71,41.0,18.0,125.0,6.75,4.35,2006,SmitAn21,9.0,Pittsburgh Steelers,3.0,83.0,True,True
Eric Smith,SS,73,209,4.63,40.0,21.0,127.0,6.89,4.1,2006,SmitEr22,6.0,New York Jets,3.0,97.0,True,True
LeKevin Smith,DT,75,316,4.97,30.5,30.0,109.0,7.93,4.92,2006,,0.0,,,,False,False
Montavious Stanley,DT,74,313,5.12,29.0,,106.0,8.06,4.6,2006,StanMo20,4.0,Dallas Cowboys,6.0,182.0,True,True
Darryl Tapp,DE,74,252,4.83,33.0,27.0,109.0,7.31,4.48,2006,TappDa20,18.0,Seattle Seahawks,2.0,63.0,True,True
Anthony Trucks,OLB,73,233,4.76,37.0,22.0,125.0,7.0,4.14,2006,,0.0,,,,False,False
Stephen Tulloch,ILB,71,241,4.84,33.5,27.0,113.0,7.19,4.15,2006,TullSt20,12.0,Tennessee Titans,4.0,116.0,True,True
Cameron Vaughn,OLB,76,235,4.65,32.0,17.0,117.0,7.24,4.22,2006,,0.0,,,,False,False
John Walker,CB,72,205,4.62,40.0,,125.0,,4.16,2006,,0.0,,,,False,False
Scott Ware,SS,73,218,4.7,37.0,15.0,115.0,7.05,4.25,2006,,0.0,,,,False,False
Pat Watkins,FS,77,211,4.42,41.0,14.0,133.0,,,2006,WatkPa20,6.0,Dallas Cowboys,5.0,138.0,True,True
Gabe Watson,DT,75,339,5.27,25.0,36.0,96.0,8.28,4.8,2006,WatsGa20,10.0,Arizona Cardinals,4.0,107.0,True,True
Dee Webb,CB,71,183,4.41,36.5,,121.0,,,2006,WebbDe20,1.0,Jacksonville Jaguars,7.0,236.0,True,True
Donte Whitner,SS,70,204,4.4,40.0,18.0,132.0,,,2006,WhitDo20,16.0,Buffalo Bills,1.0,8.0,True,True
Gerris Wilkinson,ILB,75,233,4.66,39.0,19.0,122.0,7.21,4.17,2006,WilkGe20,5.0,New York Giants,3.0,96.0,True,True
Jamar Williams,OLB,72,236,4.59,37.0,,120.0,7.03,4.29,2006,WillJa21,3.0,Chicago Bears,4.0,120.0,True,True
Jimmy Williams-02,CB,74,213,4.44,,,,,,2006,WillJi23,4.0,Atlanta Falcons,2.0,37.0,True,True
Leon Williams,ILB,75,245,4.54,,25.0,,,,2006,WillLe20,8.0,Cleveland Browns,4.0,110.0,True,True
Mario Williams,DE,79,295,4.7,40.5,35.0,120.0,7.19,4.36,2006,WillMa22,25.0,Houston Texans,1.0,1.0,True,True
Kamerion Wimbley,DE,76,248,4.61,38.5,24.0,129.0,6.97,4.48,2006,WimbKa20,23.0,Cleveland Browns,1.0,13.0,True,True
Rodrique Wright,DT,77,300,5.08,32.0,31.0,110.0,7.84,4.51,2006,WrigRo99,4.0,Miami Dolphins,7.0,226.0,True,True
Claude Wroten,DT,74,302,5.08,,,,,,2006,WrotCl20,2.0,St. Louis Rams,3.0,68.0,True,True
Justin Wyatt,CB,69,189,4.72,,14.0,,,,2006,,0.0,,,,False,False
James Wyche,DE,77,262,4.63,33.0,27.0,116.0,7.75,4.51,2006,WychJa00,0.0,Jacksonville Jaguars,7.0,213.0,True,True
Ashton Youboty,CB,72,189,4.44,,,,,,2006,YoubAs20,4.0,Buffalo Bills,3.0,70.0,True,True
Alan Zemaitis,CB,73,194,4.57,,,,,,2006,,0.0,Tampa Bay Buccaneers,4.0,122.0,True,False
Jon Abbate,ILB,70,231,5.0,38.5,26.0,115.0,7.12,4.33,2007,,0.0,,,,False,False
Victor Abiamiri,DE,76,267,4.8,,25.0,,,,2007,AbiaVi99,5.0,Philadelphia Eagles,2.0,57.0,True,True
Gaines Adams,DE,77,258,4.64,35.0,,119.0,7.17,4.36,2007,AdamGa99,18.0,Tampa Bay Buccaneers,1.0,4.0,True,True
Ikaika Alama-Francis,DE,77,280,4.85,,,,,,2007,AlamIk99,2.0,Detroit Lions,2.0,58.0,True,True
Rufus Alexander,OLB,73,228,4.79,35.0,25.0,117.0,7.06,4.3,2007,AlexRu20,0.0,Minnesota Vikings,6.0,176.0,True,True
Gerald Alexander,FS,72,210,4.51,41.0,15.0,124.0,7.24,4.21,2007,AlexGe99,10.0,Detroit Lions,2.0,61.0,True,True
Jay Alford,DT,75,304,5.17,25.5,,103.0,7.81,4.83,2007,AlfoJa99,4.0,New York Giants,3.0,81.0,True,True
Jamaal Anderson,DE,77,288,4.75,,,,,,2007,AndeJa98,17.0,Atlanta Falcons,1.0,8.0,True,True
Antwan Applewhite,DE,75,250,4.73,35.0,25.0,115.0,7.5,4.36,2007,ApplAn99,7.0,,,,False,True
Anthony Arline,CB,74,199,4.43,34.5,12.0,124.0,7.02,4.46,2007,,0.0,,,,False,False
Baraka Atkins,DE,76,271,4.69,33.0,22.0,111.0,,,2007,AtkiBa99,2.0,Seattle Seahawks,4.0,120.0,True,True
Travarous Bain,CB,72,182,4.43,,10.0,,,,2007,,0.0,,,,False,False
Antwan Barnes,OLB,73,240,4.43,35.0,31.0,122.0,7.29,4.32,2007,BarnAn99,3.0,Baltimore Ravens,4.0,134.0,True,True
Dan Bazuin,DE,75,266,4.77,30.0,25.0,109.0,7.09,4.75,2007,,0.0,Chicago Bears,2.0,62.0,True,False
Jon Beason,OLB,72,237,4.72,,19.0,111.0,,,2007,BeasJo99,39.0,Carolina Panthers,1.0,25.0,True,True
Fred Bennett,CB,73,196,4.46,38.5,17.0,125.0,6.67,4.3,2007,BennFr99,8.0,Houston Texans,4.0,123.0,True,True
Larry Birdine,DE,76,261,5.02,32.0,21.0,107.0,7.47,4.76,2007,,0.0,,,,False,False
Desmond Bishop,ILB,74,239,4.78,,33.0,,,,2007,BishDe99,5.0,Green Bay Packers,6.0,192.0,True,True
Quincy Black,OLB,74,240,4.42,41.5,24.0,124.0,6.86,4.34,2007,BlacQu99,9.0,Tampa Bay Buccaneers,3.0,68.0,True,True
H.B. Blades,ILB,71,236,4.69,,22.0,,,,2007,BladH.99,7.0,Washington Redskins,6.0,179.0,True,True
Tyron Brackenridge,CB,71,189,4.67,,,,,,2007,BracTy99,4.0,,,,False,True
Stewart Bradley,OLB,76,254,4.72,35.5,28.0,112.0,7.29,4.17,2007,BradSt99,17.0,Philadelphia Eagles,3.0,87.0,True,True
Alan Branch,DT,78,324,5.07,27.5,33.0,107.0,,,2007,BranAl99,3.0,Arizona Cardinals,2.0,33.0,True,True
Tarell Brown,CB,71,190,4.45,33.5,17.0,111.0,7.0,4.37,2007,BrowTa99,6.0,San Francisco 49ers,5.0,147.0,True,True
Larry Brown,DT,75,297,5.2,27.0,22.0,108.0,7.67,4.81,2007,,0.0,,,,False,False
Kareem Brown,DT,76,290,5.38,26.5,,96.0,,,2007,BrowKa99,0.0,New England Patriots,4.0,127.0,True,True
Mkristo Bruce,DE,78,268,5.0,29.0,21.0,106.0,7.38,4.8,2007,BrucMk20,0.0,,,,False,True
Noland Burchette,DE,74,259,4.73,,15.0,,,,2007,,0.0,,,,False,False
Prescott Burgess,OLB,75,240,4.82,32.5,19.0,106.0,7.01,4.31,2007,BurgPr99,3.0,Baltimore Ravens,6.0,207.0,True,True
Adam Carriker,DE,78,296,4.9,33.5,33.0,110.0,7.06,4.18,2007,CarrAd99,18.0,St. Louis Rams,1.0,13.0,True,True
Zach Catanese,FS,74,225,4.6,,24.0,,,,2007,,0.0,,,,False,False
Jeremy Clark-01,DT,74,309,5.02,29.0,29.0,104.0,7.78,4.82,2007,ClarJe01,0.0,,,,False,True
Michael Coe,CB,73,190,4.53,35.0,17.0,122.0,6.78,4.31,2007,CoexMi99,1.0,Indianapolis Colts,5.0,173.0,True,True
Joe Cohen,DT,74,313,5.1,26.0,34.0,,,,2007,CoheJo00,1.0,San Francisco 49ers,4.0,135.0,True,True
Duane Coleman,CB,69,199,4.57,35.5,18.0,120.0,7.18,4.51,2007,,0.0,,,,False,False
Tim Crowder,DE,76,272,4.69,30.5,32.0,111.0,7.28,4.32,2007,CrowTi99,6.0,Denver Broncos,2.0,56.0,True,True
Quinton Culberson,OLB,73,236,4.77,29.5,18.0,113.0,,,2007,CulbQu99,5.0,,,,False,True
Craig Dahl,SS,74,216,4.55,35.0,17.0,122.0,6.69,4.26,2007,DahlCr99,11.0,,,,False,True
Jessie Daniels,SS,71,216,4.54,,25.0,,,,2007,,0.0,,,,False,False
Buster Davis-02,ILB,69,239,4.64,31.0,24.0,104.0,7.28,4.37,2007,DaviBu99,2.0,Arizona Cardinals,3.0,69.0,True,True
A.J. Davis,CB,70,193,4.56,,16.0,,,,2007,,0.0,Detroit Lions,4.0,105.0,True,False
Victor DeGrate,DE,75,249,4.77,,19.0,,,,2007,,0.0,,,,False,False
Zak DeOssie,ILB,77,250,4.58,34.5,26.0,122.0,6.89,4.22,2007,DeOsZa99,5.0,New York Giants,4.0,116.0,True,True
Justin Durant,ILB,73,230,4.51,36.0,25.0,121.0,6.77,4.09,2007,DuraJu99,16.0,Jacksonville Jaguars,2.0,48.0,True,True
Quintin Echols,DT,73,328,5.4,,25.0,,,,2007,,0.0,,,,False,False
Earl Everett,OLB,74,238,4.73,32.0,19.0,113.0,,,2007,,0.0,,,,False,False
Jacob Ford,DE,76,249,4.65,,19.0,,,,2007,FordJa99,9.0,Tennessee Titans,6.0,204.0,True,True
Eric Frampton,SS,71,204,4.61,34.5,10.0,122.0,6.84,4.17,2007,FramEr99,3.0,Oakland Raiders,5.0,165.0,True,True
C.J. Gaddis,FS,71,203,4.45,36.5,20.0,121.0,7.28,4.3,2007,,0.0,Philadelphia Eagles,5.0,159.0,True,False
Josh Gattis,FS,73,206,4.51,34.5,22.0,121.0,6.72,4.27,2007,GattJo99,0.0,Jacksonville Jaguars,5.0,150.0,True,True
Dashon Goldson,FS,74,205,4.6,34.5,12.0,115.0,7.37,4.46,2007,GoldDa99,11.0,San Francisco 49ers,4.0,126.0,True,True
Corey Graham,CB,72,195,4.42,,10.0,,,,2007,GrahCo99,7.0,Chicago Bears,5.0,168.0,True,True
Michael Griffin,SS,72,202,4.45,36.0,16.0,120.0,6.6,4.1,2007,GrifMi99,21.0,Tennessee Titans,1.0,19.0,True,True
Leon Hall,CB,71,193,4.39,37.5,15.0,125.0,6.5,4.07,2007,HallLe98,27.0,Cincinnati Bengals,1.0,18.0,True,True
KaMichael Hall,OLB,72,228,4.77,33.0,,111.0,7.5,4.62,2007,,0.0,,,,False,False
Justin Harrell,DT,76,300,5.04,30.5,24.0,108.0,7.63,4.79,2007,HarrJu99,2.0,Green Bay Packers,1.0,16.0,True,True
Nate Harris,OLB,72,230,4.6,32.0,26.0,107.0,7.19,4.52,2007,HarrNa98,0.0,,,,False,True
David Harris,ILB,74,243,4.59,33.0,23.0,107.0,7.25,4.29,2007,HarrDa99,32.0,New York Jets,2.0,47.0,True,True
Brandon Harrison,SS,74,227,4.58,,23.0,,,,2007,HarrBr99,3.0,Houston Texans,5.0,144.0,True,True
Justin Hickman,OLB,73,254,4.75,29.5,23.0,115.0,7.06,4.43,2007,HickJu00,1.0,,,,False,True
Chris Houston,CB,70,185,4.32,36.0,27.0,122.0,6.94,4.12,2007,HousCh99,16.0,Atlanta Falcons,2.0,41.0,True,True
Dante Hughes,CB,70,190,4.56,28.5,16.0,114.0,7.28,4.43,2007,HughDa99,2.0,Indianapolis Colts,3.0,95.0,True,True
David Irons,CB,70,190,4.44,29.5,11.0,111.0,7.18,4.3,2007,IronDa99,1.0,Atlanta Falcons,6.0,194.0,True,True
Xzavie Jackson,DE,75,278,4.92,33.0,18.0,110.0,,,2007,,0.0,,,,False,False
Tanard Jackson,FS,72,200,4.52,32.5,12.0,121.0,6.89,4.28,2007,JackTa99,22.0,Tampa Bay Buccaneers,4.0,106.0,True,True
Keith Jackson-02,DT,72,305,5.05,30.0,33.0,,7.65,4.56,2007,,0.0,St. Louis Rams,7.0,248.0,True,False
DeAndre Jackson,CB,71,193,4.48,,14.0,,,,2007,,0.0,,,,False,False
Rory Johnson,OLB,72,232,4.59,38.0,19.0,116.0,,4.07,2007,,0.0,,,,False,False
Michael Johnson-01,SS,75,205,4.62,33.0,15.0,114.0,7.04,4.32,2007,JohnMi99,15.0,New York Giants,7.0,224.0,True,True
Charles Johnson,DE,74,270,4.84,34.0,33.0,118.0,7.5,,2007,JohnCh98,6.0,Carolina Panthers,3.0,83.0,True,True
Antonio Johnson,DT,75,310,5.15,29.0,28.0,108.0,7.47,4.49,2007,JohnAn03,10.0,Tennessee Titans,5.0,152.0,True,True
Derek Landri,DT,74,288,4.96,,24.0,,,,2007,LandDe99,3.0,Jacksonville Jaguars,5.0,166.0,True,True
LaRon Landry,FS,72,213,4.35,37.5,,123.0,,,2007,LandLa99,21.0,Washington Redskins,1.0,6.0,True,True
Zach Latimer,ILB,74,237,4.78,34.0,19.0,109.0,7.27,4.45,2007,,0.0,,,,False,False
Reggie Lewis,CB,70,204,4.54,34.0,14.0,119.0,7.13,,2007,,0.0,,,,False,False
Ryan McBean,DT,76,286,4.98,28.0,27.0,108.0,7.79,4.46,2007,McBeRy99,8.0,Pittsburgh Steelers,4.0,132.0,True,True
Turk McBride,DT,74,277,4.81,31.0,27.0,108.0,7.1,4.12,2007,McBrTu99,8.0,Kansas City Chiefs,2.0,54.0,True,True
Trumaine McBride,CB,69,185,4.57,34.5,14.0,122.0,6.96,4.32,2007,McBrTr99,6.0,Chicago Bears,7.0,221.0,True,True
Marcus McCauley,CB,73,203,4.39,36.0,17.0,129.0,6.61,4.17,2007,McCaMa99,5.0,Minnesota Vikings,3.0,72.0,True,True
Ray McDonald,DE,75,276,4.88,,,,,,2007,McDoRa99,8.0,San Francisco 49ers,3.0,97.0,True,True
Brandon McDonald,CB,71,181,4.58,33.0,17.0,118.0,7.44,4.76,2007,McDoBr99,13.0,Cleveland Browns,5.0,140.0,True,True
Brandon Mebane,DT,73,309,5.15,24.0,24.0,106.0,7.94,4.65,2007,MebaBr99,19.0,Seattle Seahawks,3.0,85.0,True,True
Brandon Meriweather,FS,71,195,4.47,35.0,11.0,111.0,7.06,4.33,2007,MeriBr99,17.0,New England Patriots,1.0,24.0,True,True
Marvin Mitchell,ILB,75,249,4.87,32.0,22.0,108.0,7.29,4.25,2007,MitcMa99,4.0,New Orleans Saints,7.0,220.0,True,True
Jay Moore,DE,77,274,4.92,34.0,26.0,118.0,7.19,4.35,2007,,0.0,San Francisco 49ers,4.0,104.0,True,False
Quentin Moses,DE,77,261,4.82,32.0,17.0,115.0,7.38,4.53,2007,MoseQu99,3.0,Oakland Raiders,3.0,65.0,True,True
Jarvis Moss,DE,78,250,4.7,30.5,16.0,120.0,,,2007,MossJa99,2.0,Denver Broncos,1.0,17.0,True,True
Chinedum Ndukwe,FS,74,206,4.49,37.5,15.0,,,,2007,NdukCh99,12.0,Cincinnati Bengals,7.0,253.0,True,True
Reggie Nelson,FS,71,198,4.48,34.5,,,,,2007,NelsRe99,17.0,Jacksonville Jaguars,1.0,21.0,True,True
J.D. Nelson,FS,71,207,4.83,32.5,,111.0,7.29,4.53,2007,,0.0,,,,False,False
Stephen Nicholas,OLB,73,232,4.64,33.5,29.0,110.0,7.29,4.45,2007,NichSt99,9.0,Atlanta Falcons,4.0,109.0,True,True
Chad Nkang,SS,71,220,4.52,36.5,23.0,118.0,7.1,4.34,2007,NkanCh99,1.0,Jacksonville Jaguars,7.0,251.0,True,True
Amobi Okoye,DT,74,302,5.07,30.0,29.0,111.0,7.46,,2007,OkoyAm99,17.0,Houston Texans,1.0,10.0,True,True
Michael Okwo,ILB,71,232,4.7,35.5,20.0,121.0,7.12,4.43,2007,,0.0,Chicago Bears,3.0,94.0,True,False
Sam Olajubutu,OLB,69,227,4.77,34.5,24.0,118.0,7.33,4.34,2007,,0.0,,,,False,False
Marcus Paschal,FS,72,201,4.59,33.0,15.0,,7.31,4.72,2007,PascMa99,0.0,,,,False,True
David Patterson,DT,74,285,5.1,32.5,21.0,118.0,7.47,4.43,2007,,0.0,,,,False,False
Kevin Payne,FS,72,220,4.6,35.0,20.0,106.0,7.0,4.3,2007,PaynKe99,11.0,Chicago Bears,5.0,167.0,True,True
Leonard Peters,FS,73,210,4.8,32.5,21.0,110.0,7.49,,2007,,0.0,,,,False,False
Blair Phillips,ILB,73,243,4.84,30.5,23.0,106.0,7.01,4.48,2007,,0.0,,,,False,False
Sabby Piscitelli,SS,75,224,4.47,34.5,19.0,122.0,6.84,3.9,2007,PiscSa99,9.0,Tampa Bay Buccaneers,2.0,64.0,True,True
Quinn Pitcock,DT,74,299,4.93,34.0,,112.0,,,2007,PitcQu99,2.0,Indianapolis Colts,3.0,98.0,True,True
Chase Pittman,DE,77,270,5.03,,,,,,2007,,0.0,Cleveland Browns,7.0,213.0,True,False
Paul Posluszny,OLB,74,238,4.7,37.0,22.0,116.0,6.94,4.2,2007,PoluPa99,16.0,Buffalo Bills,2.0,34.0,True,True
Darrelle Revis,CB,71,204,4.38,,16.0,,,,2007,ReviDa99,39.0,New York Jets,1.0,14.0,True,True
Jay Richardson,DE,78,279,5.0,33.0,20.0,112.0,7.5,4.54,2007,RichJa99,13.0,Oakland Raiders,5.0,138.0,True,True
Brian Robison,DE,75,259,4.67,40.5,27.0,121.0,6.89,4.26,2007,RobiBr98,5.0,Minnesota Vikings,4.0,102.0,True,True
Aaron Ross,CB,72,193,4.44,34.0,17.0,118.0,6.67,4.15,2007,RossAa99,12.0,New York Giants,1.0,20.0,True,True
Aaron Rouse,SS,76,223,4.58,35.0,16.0,,,,2007,RousAa99,8.0,Green Bay Packers,3.0,89.0,True,True
Clifton Ryan,DT,75,310,5.12,26.5,25.0,102.0,7.49,4.69,2007,RyanCl99,13.0,St. Louis Rams,5.0,154.0,True,True
Dallas Sartz,OLB,77,235,4.71,33.5,20.0,111.0,6.85,4.13,2007,,0.0,Washington Redskins,5.0,143.0,True,False
Kenny Scott,CB,73,179,4.39,40.0,10.0,127.0,,,2007,,0.0,,,,False,False
Brandon Sharp,FS,70,194,4.58,37.5,18.0,,,,2007,,0.0,,,,False,False
Tim Shaw,OLB,73,236,4.51,36.5,26.0,116.0,7.01,4.12,2007,ShawTi99,2.0,Carolina Panthers,5.0,164.0,True,True
Brandon Siler,ILB,74,241,4.62,30.5,,109.0,7.34,,2007,SileBr99,8.0,San Diego Chargers,7.0,240.0,True,True
Juwan Simpson,OLB,74,225,4.55,34.5,15.0,123.0,7.22,4.42,2007,,0.0,,,,False,False
Bo Smith,CB,70,193,4.44,33.5,14.0,,,,2007,,0.0,,,,False,False
Kelvin Smith,ILB,74,240,4.8,32.0,26.0,110.0,7.19,4.42,2007,SmitKe97,0.0,Miami Dolphins,7.0,219.0,True,True
Ryan Smith-01,CB,70,174,4.51,,11.0,,,,2007,,0.0,Tennessee Titans,6.0,206.0,True,False
Paul Soliai,DT,76,344,5.1,29.5,,103.0,7.66,4.69,2007,SoliPa99,4.0,Miami Dolphins,4.0,108.0,True,True
Anthony Spencer,DE,75,261,4.7,32.5,30.0,112.0,7.14,4.43,2007,SpenAn99,13.0,Dallas Cowboys,1.0,26.0,True,True
Daren Stone,SS,75,218,4.58,39.0,13.0,132.0,7.13,4.44,2007,StonDa99,2.0,Atlanta Falcons,6.0,203.0,True,True
Tony Taylor,OLB,72,236,4.92,32.0,26.0,108.0,7.17,4.36,2007,TaylTo99,1.0,,,,False,True
Marcus Thomas-01,DT,75,314,5.23,,27.0,,,,2007,ThomMa99,8.0,Denver Broncos,4.0,121.0,True,True
Lawrence Timmons,OLB,73,234,4.66,35.0,25.0,123.0,6.89,4.32,2007,TimmLa99,13.0,Pittsburgh Steelers,1.0,15.0,True,True
Matt Toeaina,DT,74,307,5.11,,26.0,,,,2007,ToeaMa99,0.0,Cincinnati Bengals,6.0,187.0,True,True
Tank Tyler,DT,74,306,5.18,28.5,42.0,,,,2007,TyleTa99,9.0,Kansas City Chiefs,3.0,82.0,True,True
Jonathan Wade,CB,70,195,4.36,40.5,,126.0,7.07,4.4,2007,WadeJo99,4.0,St. Louis Rams,3.0,84.0,True,True
Justin Warren,ILB,75,245,4.85,29.5,16.0,115.0,,,2007,,0.0,,,,False,False
Anthony Waters,ILB,75,245,4.59,,25.0,,,,2007,WateAn00,2.0,San Diego Chargers,3.0,96.0,True,True
Eric Weddle,SS,71,203,4.48,33.5,11.0,113.0,6.78,4.12,2007,WeddEr99,14.0,San Diego Chargers,2.0,37.0,True,True
John Wendling,FS,73,222,4.48,38.5,22.0,129.0,6.96,4.16,2007,WendJo99,3.0,Buffalo Bills,6.0,184.0,True,True
Marvin White,FS,73,199,4.54,33.5,17.0,,,,2007,WhitMa99,8.0,Cincinnati Bengals,4.0,114.0,True,True
Chaz Williams,CB,71,196,4.68,32.5,13.0,108.0,,,2007,,0.0,,,,False,False
Patrick Willis,ILB,73,242,4.51,39.0,22.0,119.0,7.23,4.46,2007,WillPa98,49.0,San Francisco 49ers,1.0,11.0,True,True
C.J. Wilson-01,CB,73,195,4.62,37.5,,127.0,6.81,4.2,2007,WilsC.99,0.0,Carolina Panthers,7.0,226.0,True,True
Josh Wilson,CB,69,189,4.39,36.5,20.0,120.0,7.07,4.43,2007,WilsJo99,14.0,Seattle Seahawks,2.0,55.0,True,True
LaMarr Woodley,DE,73,266,4.74,,,,,,2007,WoodLa99,27.0,Pittsburgh Steelers,2.0,46.0,True,True
Abraham Wright,DE,74,242,4.9,31.0,24.0,111.0,7.2,4.46,2007,,0.0,Miami Dolphins,7.0,238.0,True,False
Eric Wright,CB,71,192,4.36,36.5,16.0,123.0,6.93,4.23,2007,WrigEr99,19.0,Cleveland Browns,2.0,53.0,True,True
C.J. Ah You,DE,76,274,4.7,36.5,26.0,108.0,7.06,4.4,2007,AhYoC.00,4.0,Buffalo Bills,7.0,239.0,True,True
Husain Abdullah,FS,72,204,4.63,32.5,16.0,115.0,7.07,,2008,AbduHu99,8.0,,,,False,True
Jamar Adams,SS,74,212,4.59,34.0,,121.0,6.9,4.49,2008,AdamJa20,0.0,,,,False,True
Xavier Adibi,OLB,74,232,4.69,30.0,,110.0,,4.47,2008,AdibXa99,4.0,Houston Texans,4.0,118.0,True,True
Steve Allen,ILB,72,236,4.87,,17.0,111.0,,,2008,,0.0,,,,False,False
Cliff Avril,OLB,75,253,4.51,32.5,27.0,117.0,6.9,4.51,2008,AvriCl99,12.0,Detroit Lions,3.0,92.0,True,True
Kentwan Balmer,DT,76,308,5.29,29.0,33.0,103.0,7.65,4.82,2008,BalmKe99,7.0,San Francisco 49ers,1.0,29.0,True,True
Dominique Barber,FS,72,210,4.68,34.0,23.0,117.0,7.08,4.34,2008,BarbDo99,5.0,Houston Texans,6.0,173.0,True,True
Josh Barrett,SS,74,223,4.34,31.5,17.0,121.0,7.07,4.27,2008,BarrJo99,3.0,Denver Broncos,7.0,220.0,True,True
Beau Bell,ILB,73,244,4.9,,25.0,,,,2008,BellBe99,0.0,Cleveland Browns,4.0,104.0,True,True
Kroy Biermann,OLB,75,246,4.85,31.5,29.0,112.0,7.08,4.56,2008,BierKr99,12.0,Atlanta Falcons,5.0,154.0,True,True
Tommy Blake,DE,75,281,4.78,,,,,,2008,,0.0,,,,False,False
Brian Bonner,SS,71,196,4.61,31.0,17.0,113.0,7.21,4.43,2008,,0.0,,,,False,False
Barry Booker,DT,76,285,5.06,,24.0,,,,2008,,0.0,,,,False,False
Alvin Bowen,OLB,73,223,4.79,34.0,15.0,119.0,7.21,4.3,2008,BoweAl99,0.0,Buffalo Bills,5.0,147.0,True,True
Zack Bowman,CB,72,197,4.39,30.5,18.0,122.0,7.1,4.21,2008,BowmZa20,8.0,Chicago Bears,5.0,142.0,True,True
Tyvon Branch,CB,71,204,4.31,34.0,19.0,120.0,,4.4,2008,BranTy99,12.0,Oakland Raiders,4.0,100.0,True,True
Titus Brown,OLB,74,246,4.82,,18.0,,,,2008,BrowTi20,1.0,,,,False,True
Red Bryant,DT,76,318,5.0,28.0,20.0,111.0,7.75,4.64,2008,BryaRe99,4.0,Seattle Seahawks,4.0,121.0,True,True
Ezra Butler,OLB,73,245,4.65,,,,,,2008,,0.0,,,,False,False
Caleb Campbell,SS,74,229,4.57,,24.0,,,,2008,CampCa00,0.0,Detroit Lions,7.0,218.0,True,True
Calais Campbell,DE,80,290,5.04,29.5,16.0,111.0,7.45,4.69,2008,CampCa99,15.0,Arizona Cardinals,2.0,50.0,True,True
Antoine Cason,CB,72,191,4.45,35.5,20.0,128.0,,4.08,2008,CasoAn99,12.0,San Diego Chargers,1.0,27.0,True,True
Simeon Castille,FS,72,195,4.63,31.5,,119.0,7.07,4.36,2008,CastSi20,1.0,,,,False,True
Joe Clermond,DE,74,249,5.15,25.5,20.0,107.0,7.61,4.73,2008,,0.0,,,,False,False
Dan Connor,ILB,74,231,4.67,,,,,,2008,ConnDa99,5.0,Carolina Panthers,3.0,74.0,True,True
Shawn Crable,OLB,77,245,4.61,28.0,29.0,111.0,7.29,4.55,2008,CrabSh99,0.0,New England Patriots,3.0,78.0,True,True
Angelo Craig,OLB,76,252,5.07,30.5,21.0,118.0,,,2008,,0.0,Cincinnati Bengals,7.0,244.0,True,False
Bruce Davis,OLB,75,252,4.78,29.0,19.0,109.0,7.34,4.47,2008,DaviBr99,0.0,Pittsburgh Steelers,3.0,88.0,True,True
Thomas DeCoud,FS,73,207,4.5,35.5,,122.0,6.85,4.27,2008,DeCoTh99,14.0,Atlanta Falcons,3.0,98.0,True,True
Quintin Demps,FS,72,206,4.39,31.5,16.0,110.0,,,2008,DempQu99,3.0,Philadelphia Eagles,4.0,117.0,True,True
Johnny Dingle,DE,73,265,4.95,,23.0,108.0,,,2008,,0.0,,,,False,False
Marcus Dixon,DE,76,292,5.2,26.0,21.0,111.0,7.58,4.67,2008,DixoMa00,7.0,,,,False,True
Jordon Dizon,OLB,72,229,4.71,30.5,,118.0,7.01,4.35,2008,DizoJo99,2.0,Detroit Lions,2.0,45.0,True,True
Glenn Dorsey,DT,73,297,5.12,,,,,,2008,DorsGl99,22.0,Kansas City Chiefs,1.0,5.0,True,True
Lionel Dotson,DT,76,296,5.38,25.0,,99.0,7.62,4.75,2008,DotsLi99,0.0,Miami Dolphins,7.0,245.0,True,True
Jo-Lonn Dunbar,ILB,72,231,4.79,27.0,19.0,112.0,,,2008,DunbJo20,9.0,,,,False,True
Sedrick Ellis,DT,72,309,5.26,26.5,34.0,105.0,7.78,4.73,2008,ElliSe99,19.0,New Orleans Saints,1.0,7.0,True,True
Chris Ellis,DE,76,263,4.71,27.0,,109.0,7.64,4.65,2008,ElliCh99,2.0,Buffalo Bills,3.0,72.0,True,True
Brandon Flowers,CB,70,189,4.55,30.0,14.0,117.0,,,2008,FlowBr99,18.0,Kansas City Chiefs,2.0,35.0,True,True
Andre Fluellen,DT,74,296,5.0,,28.0,,,,2008,FlueAn99,4.0,Detroit Lions,3.0,87.0,True,True
Wilrey Fontenot,CB,69,171,4.4,34.0,18.0,128.0,7.29,4.26,2008,FontWi99,0.0,Atlanta Falcons,7.0,212.0,True,True
Curtis Gatewood,OLB,74,248,4.72,28.5,22.0,111.0,6.9,4.22,2008,GateCu00,0.0,,,,False,True
Jeremy Geathers,DE,74,256,4.96,28.0,29.0,105.0,7.28,4.49,2008,,0.0,,,,False,False
Vernon Gholston,DE,75,266,4.65,35.5,37.0,125.0,7.12,4.4,2008,GholVe99,8.0,New York Jets,1.0,6.0,True,True
Wallace Gilberry,DE,74,268,4.98,,19.0,,,,2008,GilbWa00,6.0,,,,False,True
Charles Godfrey,CB,72,207,4.43,32.5,14.0,121.0,7.28,4.4,2008,GodfCh99,18.0,Carolina Panthers,3.0,67.0,True,True
Jonathan Goff,ILB,74,245,4.63,31.5,28.0,118.0,6.86,4.26,2008,GoffJo99,9.0,New York Giants,5.0,165.0,True,True
Tavares Gooden,ILB,73,234,4.62,35.0,22.0,118.0,,,2008,GoodTa99,7.0,Baltimore Ravens,3.0,71.0,True,True
Michael Grant,CB,70,186,4.37,30.5,14.0,116.0,7.08,4.1,2008,,0.0,,,,False,False
Larry Grant,OLB,73,235,4.76,31.5,20.0,113.0,6.77,4.22,2008,GranLa99,6.0,San Francisco 49ers,7.0,214.0,True,True
Marcus Griffin,FS,70,201,4.69,31.5,13.0,119.0,7.09,4.32,2008,,0.0,,,,False,False
Quentin Groves,OLB,75,259,4.53,29.5,30.0,120.0,7.31,4.42,2008,GrovQu99,11.0,Jacksonville Jaguars,2.0,52.0,True,True
Letroy Guion,DT,75,303,5.31,,26.0,,,,2008,GuioLe99,2.0,Minnesota Vikings,5.0,152.0,True,True
Gary Guyton,OLB,74,245,4.47,36.5,15.0,126.0,7.07,4.42,2008,GuytGa99,17.0,,,,False,True
Vince Hall,ILB,71,232,4.89,,,,,,2008,,0.0,,,,False,False
Chris Harrington,DE,76,264,4.84,,21.0,117.0,,,2008,HarrCh97,0.0,Arizona Cardinals,6.0,185.0,True,True
Marcus Harrison,DT,75,317,5.06,,26.0,,,,2008,HarrMa98,6.0,Chicago Bears,3.0,90.0,True,True
Derrick Harvey,DE,77,271,4.84,28.5,31.0,113.0,7.27,4.36,2008,HarvDe99,14.0,Jacksonville Jaguars,1.0,8.0,True,True
Nick Hayden,DT,76,291,5.14,27.0,34.0,108.0,7.55,4.54,2008,HaydNi99,7.0,Carolina Panthers,6.0,181.0,True,True
Geno Hayes,OLB,73,226,4.64,26.5,22.0,116.0,7.22,4.48,2008,HayeGe98,16.0,Tampa Bay Buccaneers,6.0,175.0,True,True
Jonathan Hefney,FS,68,190,4.52,29.0,14.0,117.0,7.1,4.44,2008,,0.0,,,,False,False
Erin Henderson,OLB,75,244,4.73,31.0,23.0,113.0,7.16,4.5,2008,HendEr99,1.0,,,,False,True
Ali Highsmith,OLB,72,230,4.95,26.5,,112.0,7.4,4.29,2008,HighAl01,2.0,,,,False,True
Louis Holmes,DE,76,263,4.84,32.5,,121.0,7.33,,2008,,0.0,,,,False,False
Chris Horton,SS,72,212,4.54,28.5,14.0,109.0,7.34,4.35,2008,HortCh99,8.0,Washington Redskins,7.0,249.0,True,True
Marcus Howard,OLB,72,237,4.45,34.5,27.0,,,,2008,HowaMa99,1.0,Indianapolis Colts,5.0,161.0,True,True
Mike Humpal,OLB,74,244,4.82,31.0,20.0,119.0,7.07,4.25,2008,HumpMi99,0.0,Pittsburgh Steelers,6.0,188.0,True,True
Jack Ikegwuonu,CB,70,194,4.44,,,,,,2008,IkegJa99,0.0,Philadelphia Eagles,4.0,131.0,True,True
Kenny Iwebema,DE,76,274,4.91,29.0,26.0,109.0,7.62,4.75,2008,IwebKe99,2.0,Arizona Cardinals,4.0,116.0,True,True
Lawrence Jackson,DE,76,271,4.82,31.0,31.0,108.0,7.08,4.4,2008,JackLa98,12.0,Seattle Seahawks,1.0,28.0,True,True
Chevis Jackson,CB,72,192,4.52,36.0,13.0,125.0,6.96,4.15,2008,JackCh99,4.0,Atlanta Falcons,3.0,68.0,True,True
Robert James,OLB,70,219,4.7,,22.0,,,,2008,JameRo99,1.0,Atlanta Falcons,5.0,138.0,True,True
Mike Jenkins,CB,70,197,4.38,34.0,18.0,117.0,7.21,4.4,2008,JenkMi99,18.0,Dallas Cowboys,1.0,25.0,True,True
Tyrell Johnson,SS,72,207,4.41,32.0,27.0,127.0,,,2008,JohnTy99,11.0,Minnesota Vikings,2.0,43.0,True,True
Curtis Johnson,OLB,75,242,4.69,26.0,25.0,,,,2008,JohnCu99,1.0,,,,False,True
Jason Jones,DE,77,273,4.76,25.5,18.0,123.0,7.29,4.32,2008,JoneJa99,11.0,Tennessee Titans,2.0,54.0,True,True
Stanford Keglar,OLB,74,239,4.58,34.0,29.0,126.0,6.7,3.98,2008,KeglSt99,2.0,Tennessee Titans,4.0,134.0,True,True
Bryan Kehl,OLB,74,242,4.67,34.0,26.0,119.0,6.88,4.23,2008,KehlBr99,6.0,New York Giants,4.0,123.0,True,True
Dennis Keyes,FS,73,205,4.59,30.5,15.0,112.0,7.25,4.41,2008,,0.0,,,,False,False
Justin King,CB,71,192,4.31,34.0,14.0,127.0,7.14,4.31,2008,KingJu99,9.0,St. Louis Rams,4.0,101.0,True,True
Kendall Langford,DE,77,287,4.95,27.0,24.0,114.0,7.72,4.69,2008,LangKe98,19.0,Miami Dolphins,3.0,66.0,True,True
Spencer Larsen,ILB,74,238,4.85,28.5,27.0,113.0,7.68,4.55,2008,LarsSp99,2.0,Denver Broncos,6.0,183.0,True,True
Trevor Laws,DT,73,304,5.09,30.5,35.0,103.0,7.37,4.49,2008,LawsTr99,5.0,Philadelphia Eagles,2.0,47.0,True,True
Pat Lee,CB,72,200,4.41,31.0,15.0,120.0,7.07,4.3,2008,,0.0,,,,False,False
Jeremy Leman,ILB,74,245,4.82,,26.0,,,,2008,,0.0,,,,False,False
Curtis Lofton,ILB,72,246,4.79,24.5,23.0,105.0,7.69,4.56,2008,LoftCu99,23.0,Atlanta Falcons,2.0,37.0,True,True
Chris Long,DE,75,272,4.75,34.0,,124.0,7.02,4.21,2008,LongCh99,18.0,St. Louis Rams,1.0,2.0,True,True
Dwight Lowery,CB,71,201,4.54,33.5,16.0,116.0,7.31,4.38,2008,LoweDw99,11.0,New York Jets,4.0,113.0,True,True
Durell Mapp,OLB,73,227,4.71,,27.0,,,,2008,,0.0,,,,False,False
Bryan Mattison,DE,75,290,5.05,24.5,26.0,112.0,7.61,4.7,2008,MattBr20,2.0,,,,False,True
Jerod Mayo,ILB,73,242,4.54,32.0,,114.0,7.31,4.29,2008,MayoJe99,30.0,New England Patriots,1.0,10.0,True,True
Jameel McClain,ILB,73,249,4.74,26.0,24.0,110.0,7.12,4.31,2008,McClJa01,11.0,,,,False,True
James McClinton,DT,72,293,5.47,21.5,23.0,97.0,7.5,4.73,2008,,0.0,,,,False,False
Leodis McKelvin,CB,70,190,4.38,33.5,17.0,121.0,7.06,4.1,2008,McKeLe99,10.0,Buffalo Bills,1.0,11.0,True,True
Justin McKinney,CB,69,188,4.53,29.5,11.0,109.0,,,2008,,0.0,,,,False,False
Phillip Merling,DE,76,276,4.73,,17.0,,,,2008,MerlPh99,5.0,Miami Dolphins,2.0,32.0,True,True
Ben Moffitt,ILB,73,234,4.58,32.5,23.0,123.0,6.75,4.21,2008,,0.0,,,,False,False
Antwaun Molden,CB,73,198,4.39,37.5,23.0,129.0,6.85,4.14,2008,MoldAn99,2.0,Houston Texans,3.0,79.0,True,True
Dre Moore,DT,76,305,4.84,28.0,31.0,105.0,7.73,4.55,2008,MoorDr99,1.0,Tampa Bay Buccaneers,4.0,115.0,True,True
DaJuan Morgan,FS,72,205,4.5,33.0,21.0,119.0,7.12,4.41,2008,MorgDa98,3.0,Kansas City Chiefs,3.0,82.0,True,True
Steve Octavien,OLB,72,238,4.67,29.5,26.0,118.0,,,2008,OctaSt00,1.0,,,,False,True
Frank Okam,DT,76,347,5.32,23.0,32.0,104.0,8.07,4.95,2008,OkamFr99,2.0,Houston Texans,5.0,151.0,True,True
Adamm Oliver,DE,76,268,4.84,,29.0,,,,2008,,0.0,,,,False,False
Chase Ortiz,DE,74,249,4.9,29.5,24.0,108.0,7.03,4.23,2008,,0.0,,,,False,False
D.J. Parker,FS,71,192,4.59,29.0,19.0,111.0,6.94,4.44,2008,,0.0,,,,False,False
Kenny Phillips,FS,74,212,4.48,32.5,19.0,121.0,6.97,4.27,2008,PhilKe99,9.0,New York Giants,1.0,31.0,True,True
Tracy Porter,CB,71,188,4.37,34.0,18.0,123.0,7.2,4.07,2008,PortTr99,12.0,New Orleans Saints,2.0,40.0,True,True
Carlton Powell,DT,74,292,5.1,22.5,23.0,108.0,7.78,4.87,2008,PoweCa98,0.0,Denver Broncos,5.0,148.0,True,True
DeMario Pressley,DT,75,301,5.09,25.5,28.0,100.0,,,2008,PresDe99,1.0,New Orleans Saints,5.0,144.0,True,True
Matterral Richardson,CB,71,194,4.64,,14.0,114.0,7.01,4.36,2008,,0.0,,,,False,False
Keith Rivers,OLB,74,241,4.54,,24.0,,,,2008,RiveKe99,16.0,Cincinnati Bengals,1.0,9.0,True,True
David Roach,FS,72,210,4.53,38.0,16.0,123.0,6.88,4.15,2008,RoacDa00,1.0,,,,False,True
Darrell Robertson,DE,76,255,4.76,,,,,,2008,,0.0,,,,False,False
Dominique Rodgers-Cromartie,CB,73,184,4.29,38.5,17.0,131.0,6.74,4.17,2008,RodgDo99,21.0,Arizona Cardinals,1.0,16.0,True,True
Ahtyba Rubin,DT,75,315,5.2,28.0,35.0,106.0,8.05,5.0,2008,RubiAh99,12.0,Cleveland Browns,6.0,190.0,True,True
Orlando Scandrick,CB,70,192,4.32,33.5,,125.0,6.83,,2008,ScanOr99,7.0,Dallas Cowboys,5.0,143.0,True,True
Glenn Sharpe,CB,72,184,4.52,37.0,15.0,,,,2008,,0.0,,,,False,False
Jamie Silva,SS,71,204,4.78,31.5,,112.0,,,2008,SilvJa99,2.0,,,,False,True
Pat Sims,DT,74,310,5.06,27.0,20.0,,,,2008,SimsPa99,13.0,Cincinnati Bengals,3.0,77.0,True,True
Bryan Smith,OLB,74,231,4.74,32.5,17.0,120.0,7.22,4.4,2008,SmitBr96,1.0,Philadelphia Eagles,3.0,80.0,True,True
Dorian Smith,DE,73,264,5.06,27.5,24.0,105.0,7.52,4.73,2008,,0.0,,,,False,False
Reggie Smith,CB,72,199,4.61,,13.0,,,,2008,SmitRe99,5.0,San Francisco 49ers,3.0,75.0,True,True
Craig Steltz,SS,73,213,4.63,,,,,,2008,StelCr99,3.0,Chicago Bears,4.0,120.0,True,True
Brandon Sumrall,CB,70,195,4.6,30.5,,123.0,6.76,4.1,2008,,0.0,,,,False,False
Aqib Talib,CB,73,202,4.44,38.0,10.0,131.0,6.82,4.22,2008,TaliAq99,15.0,Tampa Bay Buccaneers,1.0,20.0,True,True
Darnell Terrell,CB,74,203,4.46,34.0,15.0,125.0,,,2008,,0.0,,,,False,False
Terrell Thomas,CB,72,202,4.45,30.5,14.0,123.0,7.18,,2008,ThomTe99,15.0,New York Giants,2.0,63.0,True,True
Jeremy Thompson,DE,76,264,4.75,32.0,25.0,117.0,6.97,4.23,2008,ThomJe99,1.0,Green Bay Packers,4.0,102.0,True,True
DeJuan Tribble,CB,69,189,4.59,32.0,13.0,114.0,,,2008,TribDe99,0.0,San Diego Chargers,6.0,192.0,True,True
Justin Tryon,CB,69,190,4.42,32.5,21.0,119.0,7.41,4.28,2008,TryoJu99,6.0,Washington Redskins,4.0,124.0,True,True
Marcus Walker,CB,70,191,4.46,35.5,,122.0,6.8,4.07,2008,,0.0,,,,False,False
Nehemiah Warrick,FS,73,211,4.51,29.5,16.0,119.0,6.98,4.09,2008,,0.0,,,,False,False
Nick Watkins,OLB,72,223,4.77,25.0,17.0,108.0,7.97,4.72,2008,,0.0,,,,False,False
Terrence Wheatley,CB,70,187,4.37,36.5,17.0,128.0,6.74,4.17,2008,WheaTe99,1.0,New England Patriots,2.0,62.0,True,True
Philip Wheeler,ILB,74,248,4.76,31.0,24.0,118.0,7.11,4.29,2008,WheePh99,8.0,Indianapolis Colts,3.0,93.0,True,True
Jonathan Wilhite,CB,69,185,4.38,33.5,20.0,119.0,,,2008,WilhJo99,8.0,New England Patriots,4.0,129.0,True,True
Jack Williams-02,CB,69,186,4.43,35.5,19.0,121.0,6.91,,2008,WillJa96,2.0,Denver Broncos,4.0,119.0,True,True
Thomas Williams,ILB,73,238,4.86,29.5,26.0,113.0,,,2008,WillTh99,1.0,Jacksonville Jaguars,5.0,155.0,True,True
Trae Williams,CB,69,193,4.51,29.5,,110.0,,,2008,WillTr97,0.0,Jacksonville Jaguars,5.0,159.0,True,True
D.J. Wolfe,SS,71,207,4.61,28.0,,112.0,7.02,4.32,2008,,0.0,,,,False,False
Wesley Woodyard,OLB,72,227,4.51,30.0,,118.0,7.15,4.25,2008,WoodWe20,6.0,,,,False,True
Tom Zbikowski,SS,71,211,4.44,,24.0,,,,2008,ZbikTo99,6.0,Baltimore Ravens,3.0,86.0,True,True
Jonathan Zenon,CB,72,191,4.48,33.0,,,,,2008,,0.0,,,,False,False
Kevin Akins,OLB,74,218,4.73,31.5,15.0,117.0,6.78,4.15,2009,,0.0,,,,False,False
Asher Allen,CB,69,194,4.48,35.0,22.0,115.0,6.93,4.3,2009,AlleAs99,9.0,Minnesota Vikings,3.0,86.0,True,True
Stanley Arnoux,ILB,72,232,4.56,31.5,19.0,121.0,7.22,4.39,2009,ArnoSt99,1.0,New Orleans Saints,4.0,118.0,True,True
Robert Ayers,DE,75,272,4.77,29.5,18.0,102.0,7.56,4.51,2009,AyerRo99,11.0,Denver Broncos,1.0,18.0,True,True
Chris Baker-02,DT,74,326,4.94,35.5,24.0,106.0,8.06,4.9,2009,,0.0,,,,False,False
Kevin Barnes,CB,72,187,4.45,38.5,,128.0,6.72,3.96,2009,BarnKe99,3.0,Washington Redskins,3.0,80.0,True,True
Connor Barwin,OLB,76,256,4.47,40.5,21.0,128.0,6.87,4.18,2009,BarwCo99,10.0,Houston Texans,2.0,46.0,True,True
Darry Beckwith,ILB,72,242,4.63,26.5,23.0,110.0,7.39,4.5,2009,BeckDa99,0.0,,,,False,True
Michael Bennett-02,DE,75,274,4.86,31.0,24.0,110.0,,,2009,BennMi99,6.0,,,,False,True
Demonte' Bolden,DT,75,285,4.95,31.5,,109.0,7.5,4.78,2009,,0.0,,,,False,False
Ron Brace,DT,75,330,5.48,28.0,32.0,99.0,8.15,4.73,2009,BracRo99,5.0,New England Patriots,2.0,40.0,True,True
Jasper Brinkley,ILB,74,252,4.67,35.5,26.0,114.0,7.03,4.32,2009,BrinJa99,10.0,Minnesota Vikings,5.0,150.0,True,True
Everette Brown,DE,73,256,4.65,31.5,26.0,114.0,7.55,4.53,2009,BrowEv99,5.0,Carolina Panthers,2.0,43.0,True,True
Cody Brown,OLB,74,244,4.76,36.5,26.0,120.0,7.1,4.4,2009,BrowCo96,0.0,Arizona Cardinals,2.0,63.0,True,True
David Bruton,FS,74,219,4.4,41.5,19.0,132.0,6.6,4.28,2009,BrutDa99,4.0,Denver Broncos,4.0,114.0,True,True
Joe Burnett,CB,69,192,4.58,35.5,22.0,118.0,6.68,4.25,2009,BurnJo99,1.0,Pittsburgh Steelers,5.0,168.0,True,True
Victor Butler,OLB,74,248,4.72,33.0,24.0,113.0,7.21,4.4,2009,ButlVi99,4.0,Dallas Cowboys,4.0,110.0,True,True
Darius Butler,CB,70,183,4.41,43.0,,134.0,6.92,4.18,2009,ButlDa99,8.0,New England Patriots,2.0,41.0,True,True
Jairus Byrd,CB,70,207,4.68,,,,,,2009,ByrdJa99,18.0,Buffalo Bills,2.0,42.0,True,True
Ian Campbell,DE,76,265,4.99,,,109.0,6.93,4.28,2009,,0.0,,,,False,False
Don Carey,CB,71,192,4.49,,18.0,,,,2009,CareDo00,6.0,Cleveland Browns,6.0,177.0,True,True
Jonathan Casillas,OLB,73,228,4.5,,24.0,,,,2009,CasiJo99,6.0,,,,False,True
Patrick Chung,SS,71,212,4.49,34.0,25.0,119.0,,,2009,ChunPa99,9.0,New England Patriots,2.0,34.0,True,True
Chris Clemons-02,FS,72,208,4.33,37.5,19.0,127.0,7.27,4.38,2009,ClemCh97,7.0,Miami Dolphins,5.0,165.0,True,True
Emanuel Cook,SS,70,197,4.57,35.0,18.0,116.0,,,2009,CookEm99,0.0,,,,False,True
Aaron Curry,OLB,74,254,4.52,37.0,25.0,124.0,7.15,4.51,2009,CurrAa99,18.0,Seattle Seahawks,1.0,4.0,True,True
Brian Cushing,OLB,75,243,4.64,35.0,30.0,120.0,6.84,4.22,2009,CushBr99,29.0,Houston Texans,1.0,15.0,True,True
Will Davis-01,DE,74,261,4.84,33.0,27.0,115.0,7.38,4.45,2009,DaviWi99,3.0,Arizona Cardinals,6.0,204.0,True,True
Vontae Davis,CB,71,203,4.4,36.0,25.0,125.0,6.75,4.07,2009,DaviVo99,14.0,Miami Dolphins,1.0,25.0,True,True
Rulon Davis,DE,77,281,5.0,30.0,20.0,111.0,,,2009,,0.0,,,,False,False
Louis Delmas,FS,71,202,4.52,37.0,12.0,126.0,6.67,4.17,2009,DelmLo99,16.0,Detroit Lions,2.0,33.0,True,True
Pannel Egboh,DE,78,276,4.86,31.5,26.0,116.0,7.24,4.4,2009,EgboPa00,0.0,,,,False,True
Dannell Ellerbe,ILB,73,236,4.63,35.0,,118.0,7.0,4.23,2009,ElleDa99,7.0,,,,False,True
Kevin Ellison,OLB,73,227,4.75,,32.0,,,,2009,ElliKe98,4.0,San Diego Chargers,6.0,189.0,True,True
Larry English,OLB,74,255,4.74,36.0,24.0,107.0,7.26,4.38,2009,EnglLa99,4.0,San Diego Chargers,1.0,16.0,True,True
Maurice Evans,DE,73,274,4.78,29.0,17.0,107.0,7.32,4.57,2009,EvanMa99,0.0,,,,False,True
Marlon Favorite,DT,73,314,5.09,,26.0,,,,2009,,0.0,,,,False,False
Anthony Felder,ILB,74,233,4.69,,28.0,116.0,,,2009,,0.0,,,,False,False
Bradley Fletcher,CB,72,196,4.44,38.5,20.0,122.0,7.04,4.29,2009,FletBr99,11.0,St. Louis Rams,3.0,66.0,True,True
Moise Fokou,OLB,73,233,4.65,31.0,12.0,121.0,7.09,4.28,2009,FokoMo99,14.0,Philadelphia Eagles,7.0,230.0,True,True
Zack Follett,OLB,74,236,4.69,37.0,,117.0,7.31,,2009,FollZa99,2.0,Detroit Lions,7.0,235.0,True,True
Coye Francies,CB,72,185,4.63,36.0,24.0,123.0,6.81,4.24,2009,FranCo99,1.0,Cleveland Browns,6.0,191.0,True,True
Marcus Freeman,OLB,73,239,4.51,37.0,30.0,113.0,6.98,4.12,2009,,0.0,Chicago Bears,5.0,154.0,True,False
Jarron Gilbert,DE,77,288,4.81,35.5,28.0,119.0,7.7,4.56,2009,GilbJa99,0.0,Chicago Bears,3.0,68.0,True,True
Cody Glenn,OLB,72,244,4.67,,25.0,,,,2009,GlenCo99,2.0,Washington Redskins,5.0,158.0,True,True
Adrian Grady,DT,73,298,5.18,32.0,31.0,105.0,7.68,4.72,2009,GradAd99,0.0,,,,False,True
Courtney Greene,SS,72,212,4.55,34.5,21.0,116.0,7.35,4.16,2009,GreeCo99,5.0,Seattle Seahawks,7.0,245.0,True,True
Michael Hamlin,SS,74,214,4.57,37.5,17.0,117.0,7.14,4.42,2009,HamlMi99,0.0,Dallas Cowboys,5.0,166.0,True,True
Sunny Harris,DT,76,298,4.88,25.5,28.0,106.0,8.18,4.87,2009,,0.0,,,,False,False
Nic Harris,OLB,74,234,4.83,31.5,15.0,109.0,7.05,4.37,2009,HarrNi99,5.0,Buffalo Bills,5.0,147.0,True,True
Macho Harris,CB,71,198,4.46,33.5,,118.0,6.68,3.98,2009,HarrVi99,3.0,Philadelphia Eagles,5.0,157.0,True,True
Cary Harris,CB,71,187,4.66,,18.0,,,,2009,HarrCa99,1.0,Buffalo Bills,6.0,183.0,True,True
Sammie Hill,DT,76,329,5.12,28.0,27.0,109.0,7.89,4.97,2009,,0.0,,,,False,False
Stephen Hodge,OLB,72,234,4.59,35.0,22.0,115.0,7.21,4.34,2009,HodgSt99,0.0,Dallas Cowboys,6.0,197.0,True,True
Lendy Holmes,FS,72,206,4.65,32.0,16.0,112.0,7.28,4.32,2009,HolmLe99,0.0,,,,False,True
Ziggy Hood,DT,75,300,4.83,33.0,34.0,108.0,7.5,4.55,2009,HoodEv99,16.0,Pittsburgh Steelers,1.0,32.0,True,True
Brandon Hughes,CB,70,182,4.4,36.5,8.0,128.0,6.9,4.23,2009,HughBr99,2.0,San Diego Chargers,5.0,148.0,True,True
Corvey Irvin,DT,75,301,4.96,24.5,24.0,97.0,7.44,4.73,2009,IrviCo99,1.0,Carolina Panthers,3.0,93.0,True,True
Mortty Ivy,ILB,73,248,4.78,25.5,18.0,104.0,7.35,4.75,2009,IvyxMo99,1.0,,,,False,True
Tyson Jackson,DE,76,296,4.94,28.5,,102.0,7.64,4.8,2009,JackTy98,16.0,Kansas City Chiefs,1.0,3.0,True,True
Tim Jamison,DE,74,256,4.95,30.0,21.0,107.0,7.56,4.6,2009,JamiTi99,3.0,,,,False,True
Ricky Jean-Francois,DT,75,295,5.19,26.0,25.0,93.0,,,2009,JeanRi99,3.0,San Francisco 49ers,7.0,244.0,True,True
Malcolm Jenkins,CB,72,204,4.51,33.0,15.0,124.0,6.59,4.08,2009,JenkMa99,20.0,New Orleans Saints,1.0,14.0,True,True
Peria Jerry,DT,74,299,4.98,,,,,,2009,JerrPe99,5.0,Atlanta Falcons,1.0,24.0,True,True
Rashad Johnson,FS,71,203,4.49,37.0,15.0,120.0,7.09,4.23,2009,JohnRa98,6.0,Arizona Cardinals,3.0,95.0,True,True
Michael Johnson-02,DE,79,266,4.61,38.5,28.0,128.0,7.42,4.37,2009,JohnMi98,12.0,Cincinnati Bengals,3.0,70.0,True,True
D.J. Johnson,CB,73,197,4.5,32.0,7.0,116.0,7.0,4.3,2009,JohnDo99,0.0,,,,False,True
Bruce Johnson,CB,69,170,4.42,34.5,6.0,125.0,6.71,4.05,2009,JohnBr97,3.0,,,,False,True
Mitch King,DT,73,280,4.81,33.5,23.0,109.0,7.6,4.58,2009,KingMi99,0.0,,,,False,True
Terrance Knighton,DT,75,321,4.93,28.0,,103.0,7.9,4.78,2009,KnigTe99,19.0,Jacksonville Jaguars,3.0,72.0,True,True
Paul Kruger,DE,76,263,4.79,32.5,24.0,108.0,7.52,4.47,2009,KrugPa99,4.0,Baltimore Ravens,2.0,57.0,True,True
James Laurinaitis,ILB,74,244,4.72,33.0,22.0,115.0,6.93,4.24,2009,LaurJa99,26.0,St. Louis Rams,2.0,35.0,True,True
DeAndre Levy,OLB,74,236,4.56,,19.0,119.0,,,2009,LevyDe99,18.0,Detroit Lions,3.0,76.0,True,True
Keenan Lewis,CB,73,208,4.47,33.5,19.0,123.0,,,2009,LewiKe96,3.0,Pittsburgh Steelers,3.0,96.0,True,True
Alex Magee,DT,75,298,4.82,29.5,30.0,103.0,7.52,4.55,2009,MageAl99,2.0,Kansas City Chiefs,3.0,67.0,True,True
Kaluka Maiava,OLB,71,229,4.65,,30.0,110.0,6.98,4.2,2009,MaiaKa99,6.0,Cleveland Browns,4.0,104.0,True,True
Sen'Derrick Marks,DT,74,306,5.0,33.0,,,,,2009,MarkSe99,8.0,Tennessee Titans,2.0,62.0,True,True
Sherrod Martin,CB,73,198,4.43,36.0,12.0,123.0,6.6,3.98,2009,MartSh99,14.0,Carolina Panthers,2.0,59.0,True,True
Orion Martin,DE,74,262,4.7,32.0,24.0,108.0,7.9,4.63,2009,MartOr99,0.0,,,,False,True
Clay Matthews,OLB,75,240,4.58,35.5,23.0,121.0,6.9,4.18,2009,MattCl99,40.0,Green Bay Packers,1.0,26.0,True,True
Rey Maualuga,ILB,74,249,4.58,,23.0,107.0,,,2009,MauaRe99,21.0,Cincinnati Bengals,2.0,38.0,True,True
Josh Mauga,ILB,73,243,4.61,,,,,,2009,MaugJo00,3.0,,,,False,True
Aaron Maybin,DE,76,249,4.64,38.0,22.0,124.0,7.52,4.38,2009,MaybAa99,4.0,Buffalo Bills,1.0,11.0,True,True
Darcel McBath,FS,72,198,4.53,38.0,14.0,119.0,6.8,4.16,2009,McBaDa99,2.0,Denver Broncos,2.0,48.0,True,True
Marcus McClinton,FS,72,210,4.49,37.0,16.0,120.0,7.45,4.22,2009,,0.0,,,,False,False
Tyrone McKenzie,OLB,74,243,4.76,,27.0,112.0,,,2009,McKeTy99,1.0,New England Patriots,3.0,97.0,True,True
Scott McKillop,ILB,73,244,4.7,35.5,27.0,119.0,7.0,4.39,2009,McKiSc99,2.0,San Francisco 49ers,5.0,146.0,True,True
Gerald McRath,ILB,74,231,4.49,34.0,19.0,123.0,7.24,4.35,2009,McRaGe99,7.0,Tennessee Titans,4.0,130.0,True,True
Mike Mickens,CB,71,184,4.53,,,,,,2009,MickMi99,0.0,Dallas Cowboys,7.0,227.0,True,True
Roy Miller,DT,73,310,4.93,32.0,36.0,103.0,8.01,4.74,2009,MillRo99,12.0,Tampa Bay Buccaneers,3.0,81.0,True,True
Khalif Mitchell,DT,77,318,5.04,30.0,30.0,109.0,7.45,4.71,2009,MitcKh99,0.0,,,,False,True
Fili Moala,DT,76,305,5.07,30.5,25.0,100.0,,,2009,MoalFi99,12.0,Indianapolis Colts,2.0,56.0,True,True
William Moore,SS,72,221,4.49,37.0,16.0,123.0,6.81,4.26,2009,MoorWi99,12.0,Atlanta Falcons,2.0,55.0,True,True
Kyle Moore,DE,77,272,4.76,30.5,22.0,105.0,7.4,4.47,2009,MoorKy99,5.0,Tampa Bay Buccaneers,4.0,117.0,True,True
D.J. Moore-01,CB,69,192,4.56,39.5,17.0,118.0,7.01,4.28,2009,MoorDJ99,4.0,Chicago Bears,4.0,119.0,True,True
Ryan Mouton,CB,69,187,4.47,39.5,18.0,129.0,,,2009,MoutRy99,3.0,Tennessee Titans,3.0,94.0,True,True
Captain Munnerlyn,CB,68,182,4.41,37.5,19.0,121.0,7.15,4.2,2009,MunnCa99,10.0,Carolina Panthers,7.0,216.0,True,True
Troy Nolan,FS,72,206,4.58,31.5,12.0,117.0,7.06,4.3,2009,NolaTr99,5.0,Houston Texans,7.0,223.0,True,True
Brian Orakpo,DE,75,263,4.63,39.5,31.0,,,,2009,OrakBr99,26.0,Washington Redskins,1.0,13.0,True,True
Wopamo Osaisai,CB,70,197,4.44,,14.0,,,,2009,OsaiWo99,0.0,,,,False,True
Chris Owens,CB,70,181,4.44,34.5,14.0,110.0,6.93,4.16,2009,OwenCh99,8.0,Atlanta Falcons,3.0,90.0,True,True
Ryan Palmer,CB,68,190,4.54,36.5,16.0,121.0,7.12,4.29,2009,,0.0,,,,False,False
Derek Pegues,FS,70,199,4.54,36.0,23.0,119.0,7.08,4.3,2009,,0.0,,,,False,False
Jason Phillips,ILB,73,239,4.6,34.0,20.0,120.0,,4.32,2009,PhilJa99,3.0,Baltimore Ravens,5.0,137.0,True,True
Zach Potter,DE,79,279,4.9,31.0,20.0,106.0,7.75,4.48,2009,PottZa99,0.0,,,,False,True
Jerraud Powers,CB,69,188,4.43,36.5,15.0,122.0,7.09,4.08,2009,PoweJe99,14.0,Indianapolis Colts,3.0,92.0,True,True
Myron Pryor,DT,72,319,5.03,30.0,,107.0,8.16,4.75,2009,PryoMy99,1.0,New England Patriots,6.0,207.0,True,True
Glover Quin,FS,71,204,4.5,38.0,22.0,119.0,7.39,4.43,2009,QuinGl99,15.0,Houston Texans,4.0,112.0,True,True
B.J. Raji,DT,73,337,5.12,32.0,33.0,103.0,7.9,4.69,2009,RajiBJ99,18.0,Green Bay Packers,1.0,9.0,True,True
Darryl Richard,DT,74,303,5.08,25.5,17.0,,,,2009,RichDa97,0.0,New England Patriots,7.0,234.0,True,True
Lee Robinson,OLB,74,249,4.71,32.5,24.0,113.0,7.57,4.67,2009,RobiLe99,0.0,,,,False,True
Jamarca Sanford,SS,70,214,4.43,33.5,29.0,116.0,7.02,4.2,2009,SanfJa99,8.0,Minnesota Vikings,7.0,231.0,True,True
Lydell Sargeant,CB,69,190,4.48,35.0,15.0,117.0,7.0,4.21,2009,SargLy99,0.0,,,,False,True
Darell Scott,DT,75,312,4.92,30.5,29.0,107.0,8.28,4.84,2009,ScotDo99,5.0,St. Louis Rams,4.0,103.0,True,True
Matt Shaughnessy,DE,77,266,4.86,30.5,24.0,112.0,7.68,4.88,2009,ShauMa99,9.0,Oakland Raiders,3.0,71.0,True,True
Lawrence Sidbury,DE,74,266,4.53,35.0,28.0,120.0,7.46,4.43,2009,SidbLa99,4.0,Atlanta Falcons,4.0,125.0,True,True
Clint Sintim,OLB,75,256,4.75,34.5,,119.0,7.37,4.4,2009,SintCl99,2.0,New York Giants,2.0,45.0,True,True
Alphonso Smith,CB,69,193,4.47,34.0,13.0,125.0,7.09,4.38,2009,SmitAl98,8.0,Denver Broncos,2.0,37.0,True,True
DeAngelo Smith,CB,71,194,4.5,31.5,17.0,109.0,7.27,4.35,2009,SmitDe98,1.0,Dallas Cowboys,5.0,143.0,True,True
Sean Smith,CB,75,214,4.47,34.0,10.0,119.0,6.92,4.15,2009,SmitSe99,14.0,Miami Dolphins,2.0,61.0,True,True
C.J. Spillman,FS,72,197,4.45,41.5,,122.0,7.05,4.33,2009,SpilCJ99,3.0,,,,False,True
Stryker Sulak,DE,76,251,4.63,31.0,22.0,113.0,7.31,4.58,2009,,0.0,Oakland Raiders,6.0,199.0,True,False
Curtis Taylor,FS,74,209,4.49,37.5,13.0,129.0,7.25,4.23,2009,TaylCu99,1.0,San Francisco 49ers,7.0,219.0,True,True
Terrance Taylor,DT,72,306,5.08,30.0,37.0,104.0,7.78,5.06,2009,,0.0,Indianapolis Colts,4.0,136.0,True,False
Morgan Trent,CB,73,193,4.5,38.0,23.0,127.0,7.05,4.01,2009,TrenMo99,4.0,Cincinnati Bengals,6.0,179.0,True,True
Brandon Underwood,FS,73,198,4.48,36.5,16.0,125.0,7.0,4.2,2009,UndeBr99,2.0,Green Bay Packers,6.0,187.0,True,True
Chip Vaughn,SS,73,221,4.42,37.0,21.0,125.0,7.03,4.12,2009,VaugCh99,0.0,New Orleans Saints,4.0,116.0,True,True
David Veikune,DE,74,257,4.75,33.0,35.0,110.0,7.2,4.46,2009,VeikDa99,1.0,Cleveland Browns,2.0,52.0,True,True
Derek Walker,DE,76,268,4.98,37.5,24.0,115.0,7.31,4.41,2009,WalkDe98,0.0,,,,False,True
Vance Walker,DT,74,304,5.32,33.0,29.0,,,,2009,WalkVa99,5.0,Atlanta Falcons,7.0,210.0,True,True
Donald Washington,CB,72,197,4.5,45.0,9.0,135.0,6.84,4.2,2009,WashDo98,2.0,Kansas City Chiefs,4.0,102.0,True,True
Lardarius Webb,CB,70,179,4.35,36.5,15.0,121.0,6.77,4.1,2009,WebbLa99,14.0,Baltimore Ravens,3.0,88.0,True,True
Otis Wiley,SS,73,213,4.64,,,,,,2009,,0.0,,,,False,False
Brandon Williams-02,DE,74,261,4.78,33.0,,112.0,7.23,4.49,2009,WillBr95,0.0,Dallas Cowboys,4.0,120.0,True,True
Worrell Williams,ILB,71,240,4.75,35.0,23.0,111.0,,,2009,,0.0,,,,False,False
Morris Wooten,ILB,72,231,5.0,,15.0,117.0,,,2009,,0.0,,,,False,False
Jahi Word-Daniels,CB,72,197,4.59,35.5,24.0,122.0,,,2009,WordJa99,0.0,,,,False,True
DeAndre Wright,CB,71,198,4.52,34.5,17.0,122.0,7.0,4.44,2009,WrigDe99,0.0,New York Giants,6.0,200.0,True,True
Jarius Wynn,DE,75,275,4.94,31.5,19.0,107.0,7.4,4.58,2009,WynnJa99,5.0,Green Bay Packers,6.0,182.0,True,True
Rahim Alem,DE,75,251,4.75,30.5,,106.0,7.54,4.8,2010,,0.0,,,,False,False
Charles Alexander,DT,76,300,5.4,,,,,,2010,,0.0,,,,False,False
Nate Allen,FS,72,207,4.5,,16.0,,,,2010,AlleNa99,14.0,Philadelphia Eagles,2.0,37.0,True,True
Tyson Alualu,DE,74,295,4.87,35.5,21.0,116.0,7.15,4.43,2010,AluaTy99,21.0,Jacksonville Jaguars,1.0,10.0,True,True
Jonathon Amaya,FS,73,203,4.43,28.0,8.0,118.0,,,2010,AmayJo00,3.0,,,,False,True
Pat Angerer,ILB,72,235,4.71,35.0,26.0,110.0,7.04,4.29,2010,AngePa99,14.0,Indianapolis Colts,2.0,63.0,True,True
Lucien Antoine,SS,72,215,4.62,32.0,28.0,120.0,7.38,4.47,2010,,0.0,,,,False,False
Javier Arenas,CB,69,197,4.6,,,112.0,,,2010,ArenJa99,7.0,Kansas City Chiefs,2.0,50.0,True,True
Larry Asante,SS,72,212,4.62,37.5,14.0,118.0,7.0,4.17,2010,AsanLa99,0.0,Cleveland Browns,5.0,160.0,True,True
Geno Atkins,DT,73,293,4.75,33.0,34.0,117.0,7.33,4.43,2010,AtkiGe99,34.0,Cincinnati Bengals,4.0,120.0,True,True
Kevin Basped,DE,76,258,4.75,29.0,26.0,104.0,7.54,4.88,2010,,0.0,,,,False,False
Jason Beauchamp,ILB,75,244,4.89,39.5,21.0,120.0,7.1,,2010,,0.0,,,,False,False
Eric Berry,FS,72,211,4.4,43.0,19.0,130.0,6.8,4.23,2010,BerrEr99,17.0,Kansas City Chiefs,1.0,5.0,True,True
Kyle Bosworth,OLB,73,236,4.69,32.5,25.0,117.0,6.67,4.11,2010,BoswKy00,5.0,,,,False,True
Navorro Bowman,OLB,72,242,4.7,29.5,26.0,115.0,6.91,4.59,2010,BowmNa99,34.0,San Francisco 49ers,3.0,91.0,True,True
Cornelius Brown,CB,71,198,4.59,31.5,11.0,118.0,6.87,4.24,2010,BrowCo00,1.0,,,,False,True
Morgan Burnett,FS,73,209,4.51,,16.0,,,,2010,BurnMo99,13.0,Green Bay Packers,3.0,71.0,True,True
Donald Butler,ILB,73,245,4.61,,35.0,,,,2010,ButlDo99,19.0,San Diego Chargers,3.0,79.0,True,True
Crezdon Butler,CB,72,191,4.43,39.5,17.0,121.0,7.08,4.23,2010,ButlCr99,0.0,Pittsburgh Steelers,5.0,164.0,True,True
Lee Campbell,ILB,74,247,4.88,34.0,17.0,108.0,7.27,4.4,2010,,0.0,,,,False,False
Alex Carrington,DE,77,285,4.92,,26.0,,,,2010,CarrAl99,5.0,Buffalo Bills,3.0,72.0,True,True
Nolan Carroll,CB,71,204,4.42,,,,,,2010,CarrNo00,7.0,Miami Dolphins,5.0,145.0,True,True
Kam Chancellor,FS,75,231,4.62,32.0,22.0,116.0,7.36,4.41,2010,ChanKa99,16.0,Seattle Seahawks,5.0,133.0,True,True
Chris Chancellor,CB,69,177,4.49,34.0,14.0,115.0,6.85,4.07,2010,,0.0,,,,False,False
Jamar Chaney,ILB,73,242,4.54,39.0,26.0,124.0,6.9,4.29,2010,ChanJa98,12.0,Philadelphia Eagles,7.0,220.0,True,True
Barry Church,SS,73,222,4.69,36.0,19.0,121.0,6.65,4.17,2010,ChurBa99,3.0,,,,False,True
Keenan Clayton,OLB,73,229,4.59,41.5,27.0,124.0,,,2010,ClayKe99,3.0,Philadelphia Eagles,4.0,121.0,True,True
Terrence Cody,DT,76,354,5.71,20.5,,90.0,8.19,5.03,2010,CodyTe99,12.0,Baltimore Ravens,2.0,57.0,True,True
Justin Cole,OLB,75,242,4.76,34.5,22.0,117.0,7.13,4.42,2010,ColeJu00,1.0,,,,False,True
Kurt Coleman,SS,70,192,4.55,,19.0,,,,2010,ColeKu99,13.0,Philadelphia Eagles,7.0,244.0,True,True
Harry Coleman,SS,73,211,4.56,33.0,13.0,115.0,7.24,4.42,2010,,0.0,,,,False,False
Antonio Coleman,OLB,73,255,4.76,,18.0,113.0,,,2010,ColeAn01,0.0,,,,False,True
Kavell Conner,OLB,72,242,4.59,33.5,24.0,110.0,7.36,4.6,2010,ConnKa99,15.0,Indianapolis Colts,7.0,240.0,True,True
Chris Cook,CB,74,212,4.45,38.0,7.0,132.0,6.88,4.23,2010,CookCh99,6.0,Minnesota Vikings,2.0,34.0,True,True
Perrish Cox,CB,71,195,4.58,32.5,12.0,113.0,,,2010,CoxxPe99,5.0,Denver Broncos,5.0,137.0,True,True
Jermaine Cunningham,DE,75,266,4.89,,,,,,2010,CunnJe99,8.0,New England Patriots,2.0,53.0,True,True
Rennie Curran,OLB,71,235,4.75,34.5,25.0,,,,2010,CurrRe99,1.0,Tennessee Titans,3.0,97.0,True,True
Hall Davis,DE,76,271,4.84,,28.0,,,,2010,DaviHa21,0.0,St. Louis Rams,5.0,149.0,True,True
Dexter Davis,OLB,73,244,4.62,35.0,25.0,109.0,7.08,4.3,2010,DaviDe99,1.0,Seattle Seahawks,7.0,236.0,True,True
Brandon Deaderick,DT,76,314,5.08,,,,,,2010,DeadBr99,8.0,New England Patriots,7.0,247.0,True,True
Phillip Dillard,ILB,72,245,4.65,31.5,,106.0,7.16,4.43,2010,DillPh99,0.0,New York Giants,4.0,115.0,True,True
Carlos Dunlap,DE,78,277,4.68,31.5,21.0,111.0,7.21,4.61,2010,DunlCa99,9.0,Cincinnati Bengals,2.0,54.0,True,True
A.J. Edds,OLB,76,246,4.62,33.0,16.0,117.0,7.19,4.28,2010,EddsA.99,0.0,Miami Dolphins,4.0,119.0,True,True
Dominique Franks,CB,71,194,4.46,33.5,10.0,117.0,7.32,4.33,2010,FranDo99,4.0,Atlanta Falcons,5.0,135.0,True,True
Junior Galette,OLB,74,257,4.77,33.5,25.0,113.0,7.04,4.16,2010,GaleJu00,4.0,,,,False,True
Clifton Geathers,DE,79,299,4.98,36.0,26.0,112.0,7.69,,2010,GeatCl99,1.0,Cleveland Browns,6.0,186.0,True,True
Brandon Ghee,CB,72,192,4.37,37.0,15.0,127.0,6.75,4.07,2010,GheeBr99,1.0,Cincinnati Bengals,3.0,96.0,True,True
Thaddeus Gibson,OLB,74,243,4.78,32.0,32.0,115.0,6.84,4.27,2010,GibsTh99,0.0,Pittsburgh Steelers,4.0,116.0,True,True
Travis Goethel,ILB,74,240,4.81,35.0,21.0,111.0,6.93,4.54,2010,GoetTr99,1.0,Oakland Raiders,6.0,190.0,True,True
Brandon Graham,OLB,73,268,4.71,,31.0,,,,2010,GrahBr99,7.0,Philadelphia Eagles,1.0,13.0,True,True
Marshay Green,CB,69,180,4.52,35.5,,124.0,6.66,4.11,2010,GreeMa01,0.0,,,,False,True
Everson Griffen,DE,75,273,4.65,,32.0,,,,2010,GrifEv99,5.0,Minnesota Vikings,4.0,100.0,True,True
Cody Grimm,SS,71,203,4.55,35.5,11.0,117.0,6.58,,2010,GrimCo99,6.0,Tampa Bay Buccaneers,7.0,210.0,True,True
Joe Haden,CB,71,193,4.52,35.0,18.0,125.0,6.94,4.34,2010,HadeJo99,17.0,Cleveland Browns,1.0,7.0,True,True
Greg Hardy,DE,76,281,4.82,35.0,21.0,117.0,7.25,4.65,2010,HardGr99,13.0,Carolina Panthers,6.0,175.0,True,True
Chris Hawkins-02,CB,72,187,4.43,35.0,16.0,118.0,6.91,4.46,2010,HawkCh00,1.0,,,,False,True
Lamarr Houston,DT,75,305,4.84,33.5,30.0,114.0,7.61,4.71,2010,HousLa99,20.0,Oakland Raiders,2.0,44.0,True,True
Jerry Hughes,OLB,74,255,4.65,34.5,26.0,118.0,6.99,4.15,2010,HughJe99,5.0,Indianapolis Colts,1.0,31.0,True,True
Josh Hull,ILB,75,237,4.93,32.5,25.0,115.0,6.86,4.07,2010,HullJo99,2.0,St. Louis Rams,7.0,254.0,True,True
Carl Ihenacho,OLB,74,255,4.86,,20.0,,,,2010,IhenCa00,0.0,,,,False,True
Kareem Jackson,CB,70,196,4.4,37.5,13.0,118.0,6.92,4.14,2010,JackKa99,17.0,Houston Texans,1.0,20.0,True,True
Brian Jackson,CB,73,202,4.65,35.5,20.0,120.0,6.76,4.22,2010,JackBr01,1.0,,,,False,True
A.J. Jefferson,CB,72,193,4.42,44.0,7.0,126.0,6.72,4.0,2010,JeffA.00,7.0,,,,False,True
Micah Johnson,ILB,73,258,4.99,29.0,31.0,,,,2010,JohnMi01,3.0,,,,False,True
Reshad Jones,SS,73,214,4.51,39.5,24.0,118.0,7.43,4.54,2010,JoneRe99,15.0,Miami Dolphins,5.0,163.0,True,True
Chad Jones,SS,74,221,4.59,36.0,9.0,115.0,6.83,4.14,2010,,0.0,New York Giants,3.0,76.0,True,False
Arthur Jones,DT,75,301,5.04,,,,,,2010,JoneAr22,7.0,Baltimore Ravens,5.0,157.0,True,True
Linval Joseph,DT,76,328,5.09,30.0,39.0,100.0,8.12,4.71,2010,JoseLi99,14.0,New York Giants,2.0,46.0,True,True
Sergio Kindle,OLB,75,250,4.65,36.5,25.0,118.0,7.26,4.53,2010,KindSe99,0.0,Baltimore Ravens,2.0,43.0,True,True
Jammie Kirlew,DE,73,260,5.05,33.0,26.0,111.0,7.5,4.74,2010,KirlJa99,0.0,Denver Broncos,7.0,232.0,True,True
Keaton Kristick,OLB,75,234,4.7,34.0,16.0,120.0,6.96,4.21,2010,KrisKe00,0.0,,,,False,True
Brandon Lang,DE,76,266,5.0,28.5,20.0,104.0,,4.68,2010,LangBr99,1.0,,,,False,True
Simoni Lawrence,OLB,72,232,4.59,40.0,21.0,123.0,7.3,4.43,2010,,0.0,,,,False,False
Sean Lee,ILB,74,236,4.71,37.5,24.0,120.0,,,2010,LeexSe99,13.0,Dallas Cowboys,2.0,55.0,True,True
Boris Lee,ILB,72,238,4.94,32.5,27.0,112.0,,,2010,,0.0,,,,False,False
Myron Lewis,FS,74,203,4.42,37.0,10.0,126.0,,,2010,LewiMy99,1.0,Tampa Bay Buccaneers,3.0,67.0,True,True
Kendrick Lewis,FS,72,198,4.73,31.5,16.0,116.0,6.88,4.33,2010,LewiKe00,14.0,Kansas City Chiefs,5.0,136.0,True,True
Trevard Lindley,CB,71,183,4.51,38.5,9.0,116.0,6.81,4.27,2010,LindTr99,1.0,Philadelphia Eagles,4.0,105.0,True,True
Erik Lorig,DE,75,281,4.86,,,,,,2010,LoriEr99,1.0,Tampa Bay Buccaneers,7.0,253.0,True,True
Sam Maxwell,OLB,74,246,4.98,33.0,,108.0,7.37,4.52,2010,,0.0,,,,False,False
Taylor Mays,FS,75,230,4.31,41.0,24.0,125.0,,,2010,MaysTa99,6.0,San Francisco 49ers,2.0,49.0,True,True
Kyle McCarthy,SS,72,205,4.58,34.0,24.0,117.0,6.74,4.13,2010,McCaKy00,0.0,,,,False,True
Rolando McClain,ILB,75,254,4.68,,24.0,,,,2010,McClRo00,17.0,Oakland Raiders,1.0,8.0,True,True
Albert McClellan,ILB,73,247,4.75,36.5,26.0,119.0,7.24,4.21,2010,McClAl00,9.0,,,,False,True
Devin McCourty,CB,71,193,4.38,36.0,16.0,126.0,6.7,4.07,2010,McCoDe99,23.0,New England Patriots,1.0,27.0,True,True
Gerald McCoy,DT,76,295,5.04,30.5,23.0,114.0,7.32,4.48,2010,McCoGe99,18.0,Tampa Bay Buccaneers,1.0,3.0,True,True
Mike McLaughlin,ILB,72,242,4.84,38.5,29.0,114.0,6.85,4.11,2010,,0.0,,,,False,False
Sherrick McManis,CB,71,195,4.48,,,,,,2010,McMaSh99,3.0,Houston Texans,5.0,144.0,True,True
Greg Middleton,DE,75,268,4.96,38.0,,116.0,7.65,4.69,2010,,0.0,,,,False,False
Koa Misi,OLB,75,251,4.75,38.0,,127.0,7.07,4.27,2010,MisiKo99,18.0,Miami Dolphins,2.0,40.0,True,True
Earl Mitchell,DT,74,296,4.75,28.5,25.0,107.0,7.68,4.55,2010,MitcEa99,6.0,Houston Texans,3.0,81.0,True,True
Arthur Moats,OLB,72,246,4.64,36.5,24.0,122.0,7.22,4.37,2010,MoatAr00,5.0,Buffalo Bills,6.0,178.0,True,True
Joshua Moore,CB,71,188,4.5,36.5,2.0,122.0,6.74,4.07,2010,MoorJo99,0.0,Chicago Bears,5.0,141.0,True,True
Derrick Morgan,DE,75,266,4.77,34.0,,112.0,7.12,4.43,2010,MorgDe99,11.0,Tennessee Titans,1.0,16.0,True,True
Roddrick Muckelroy,OLB,74,246,4.68,31.0,19.0,110.0,7.25,4.39,2010,MuckRo99,2.0,Cincinnati Bengals,4.0,131.0,True,True
Aleric Mullins,DT,73,321,4.95,,,,,,2010,,0.0,,,,False,False
Jerome Murphy,CB,72,196,4.5,38.0,16.0,127.0,6.87,4.05,2010,MurpJe99,3.0,St. Louis Rams,3.0,65.0,True,True
Mike Neal,DT,75,294,4.87,33.0,31.0,113.0,7.53,4.53,2010,NealMi99,2.0,Green Bay Packers,2.0,56.0,True,True
Eric Norwood,OLB,73,245,4.71,36.5,,115.0,7.08,4.23,2010,NorwEr99,2.0,Carolina Panthers,4.0,124.0,True,True
Jared Odrick,DT,77,304,5.03,29.0,26.0,106.0,7.22,4.59,2010,OdriJa99,12.0,Miami Dolphins,1.0,28.0,True,True
Vince Oghobaase,DT,77,303,5.46,26.0,27.0,90.0,7.84,,2010,,0.0,,,,False,False
Jeff Owens,DT,73,304,4.97,30.0,44.0,101.0,,4.68,2010,OwenJe20,0.0,Philadelphia Eagles,7.0,243.0,True,True
Akwasi Owusu-Ansah,CB,72,207,4.32,35.5,,120.0,6.84,4.32,2010,OwusAk99,1.0,Dallas Cowboys,4.0,126.0,True,True
David Pender,CB,72,180,4.37,39.0,8.0,124.0,,,2010,PendDa00,0.0,,,,False,True
Corey Peters,DT,75,300,4.98,33.0,,98.0,7.56,4.76,2010,PeteCo00,19.0,Atlanta Falcons,3.0,83.0,True,True
Jason Pierre-Paul,DE,77,270,4.71,30.5,19.0,115.0,7.18,4.67,2010,PierJa99,26.0,New York Giants,1.0,15.0,True,True
Josh Pinkard,FS,73,214,4.58,,,,,,2010,,0.0,,,,False,False
Nick Polk,FS,71,211,4.55,38.0,14.0,121.0,,,2010,PolkNi00,0.0,,,,False,True
Brian Price,DT,73,303,5.12,28.5,34.0,96.0,,,2010,PricBr99,4.0,Tampa Bay Buccaneers,2.0,35.0,True,True
Perry Riley,OLB,73,239,4.69,35.5,,119.0,6.97,4.25,2010,RilePe00,12.0,Washington Redskins,4.0,103.0,True,True
Patrick Robinson,CB,71,190,4.46,39.0,15.0,122.0,6.78,,2010,RobiPa99,11.0,New Orleans Saints,1.0,32.0,True,True
Dennis Rogan,FS,69,185,4.73,38.0,,118.0,,4.1,2010,,0.0,,,,False,False
Myron Rolle,SS,74,215,4.59,36.0,21.0,124.0,6.94,4.15,2010,,0.0,,,,False,False
Devin Ross,CB,70,183,4.64,40.0,16.0,119.0,7.07,,2010,,0.0,,,,False,False
Jay Ross,DT,75,313,5.1,32.0,30.0,100.0,7.83,4.64,2010,RossJa00,0.0,,,,False,True
Ricky Sapp,OLB,76,252,4.65,34.0,23.0,114.0,7.29,4.41,2010,SappRi99,1.0,Philadelphia Eagles,5.0,134.0,True,True
O'Brien Schofield,OLB,74,221,4.63,,,,,,2010,SchoOB99,8.0,Arizona Cardinals,4.0,130.0,True,True
George Selvie,DE,76,252,4.93,30.5,24.0,109.0,7.48,4.63,2010,SelvGe99,4.0,St. Louis Rams,7.0,226.0,True,True
Darryl Sharpton,ILB,71,236,4.81,,24.0,,7.19,4.42,2010,SharDa01,6.0,Houston Texans,4.0,102.0,True,True
Cameron Sheffield,OLB,74,257,4.92,33.0,,115.0,7.23,4.53,2010,ShefCa99,1.0,Kansas City Chiefs,5.0,142.0,True,True
Malcolm Sheppard,DT,74,285,5.11,28.0,19.0,100.0,7.81,4.78,2010,ShepMa00,1.0,,,,False,True
D'Anthony Smith,DT,74,304,5.01,,,,,,2010,SmitDA99,1.0,Jacksonville Jaguars,3.0,74.0,True,True
Amari Spievey,CB,71,195,4.52,35.0,,116.0,,,2010,SpieAm99,12.0,Detroit Lions,3.0,66.0,True,True
Brandon Spikes,ILB,75,249,5.05,29.0,,111.0,6.97,,2010,SpikBr99,13.0,New England Patriots,2.0,62.0,True,True
Darian Stewart,SS,71,213,4.53,37.0,12.0,122.0,,4.32,2010,StewDa00,8.0,,,,False,True
Darrell Stuckey,SS,71,205,4.46,39.5,17.0,120.0,,,2010,StucDa20,2.0,San Diego Chargers,4.0,110.0,True,True
Ndamukong Suh,DT,76,307,5.03,35.5,32.0,105.0,7.21,4.44,2010,SuhxNd99,33.0,Detroit Lions,1.0,2.0,True,True
Stevenson Sylvester,OLB,74,231,4.71,,23.0,,,,2010,SylvSt99,4.0,Pittsburgh Steelers,5.0,166.0,True,True
Daniel Te'o-Nesheim,DE,75,263,4.73,37.0,29.0,121.0,6.91,4.18,2010,Teo-Da99,8.0,Philadelphia Eagles,3.0,86.0,True,True
Cam Thomas,DT,76,330,5.16,29.0,31.0,102.0,7.68,4.78,2010,ThomCa99,6.0,San Diego Chargers,5.0,146.0,True,True
Earl Thomas,CB,70,208,4.43,,21.0,113.0,,,2010,ThomEa99,32.0,Seattle Seahawks,1.0,14.0,True,True
Kevin Thomas-02,CB,72,192,4.41,34.5,19.0,126.0,6.82,4.18,2010,ThomKe99,2.0,Indianapolis Colts,3.0,94.0,True,True
Syd'Quan Thompson,CB,69,186,4.75,33.0,,117.0,6.73,4.26,2010,ThomSy99,1.0,Denver Broncos,7.0,225.0,True,True
Walter Thurmond,CB,71,189,4.53,,,,,,2010,ThurWa99,2.0,Seattle Seahawks,4.0,111.0,True,True
Adrian Tracy,OLB,75,248,4.76,35.5,20.0,110.0,7.08,4.34,2010,TracAd99,1.0,New York Giants,6.0,184.0,True,True
Nate Triplett,OLB,75,250,4.7,33.0,20.0,115.0,7.02,4.37,2010,TripNa99,0.0,Minnesota Vikings,5.0,167.0,True,True
Torell Troup,DT,75,314,5.12,29.0,34.0,98.0,7.61,4.73,2010,TrouTo00,3.0,Buffalo Bills,2.0,41.0,True,True
Alterraun Verner,CB,70,189,4.52,32.0,11.0,116.0,6.7,4.12,2010,VernAl99,14.0,Tennessee Titans,4.0,104.0,True,True
Stephan Virgil,CB,71,183,4.69,34.0,12.0,113.0,7.11,4.35,2010,,0.0,,,,False,False
Jamar Wall,CB,70,204,4.52,,15.0,,,,2010,WallJa99,0.0,Dallas Cowboys,6.0,196.0,True,True
T.J. Ward,SS,70,211,4.56,34.0,19.0,121.0,,,2010,WardT.99,16.0,Cleveland Browns,2.0,38.0,True,True
Donovan Warren,FS,71,193,4.62,,12.0,113.0,,,2010,WarrDo01,0.0,,,,False,True
Daryl Washington,OLB,74,230,4.58,31.0,17.0,114.0,,,2010,WashDa99,31.0,Arizona Cardinals,2.0,47.0,True,True
Lorenzo Washington,DT,76,291,5.21,30.0,25.0,107.0,7.4,4.68,2010,,0.0,,,,False,False
Dekoda Watson,OLB,73,240,4.55,40.0,24.0,134.0,7.06,4.11,2010,WatsDe99,6.0,Tampa Bay Buccaneers,7.0,217.0,True,True
Sean Weatherspoon,OLB,73,239,4.62,40.0,34.0,123.0,6.99,4.38,2010,WeatSe99,19.0,Atlanta Falcons,1.0,19.0,True,True
Dan Williams,DT,74,327,5.19,32.0,27.0,96.0,7.88,4.87,2010,WillDa99,14.0,Arizona Cardinals,1.0,26.0,True,True
C.J. Wilson-02,DE,75,290,4.83,33.0,32.0,116.0,,4.77,2010,WilsC.98,9.0,Green Bay Packers,7.0,230.0,True,True
E.J. Wilson,DE,74,286,4.97,29.5,23.0,,,,2010,WilsE.99,0.0,Seattle Seahawks,4.0,127.0,True,True
Kion Wilson,ILB,72,239,4.87,36.5,27.0,123.0,,4.53,2010,WilsKi00,1.0,,,,False,True
Kyle Wilson,CB,70,194,4.43,,25.0,,,,2010,WilsKy99,12.0,New York Jets,1.0,29.0,True,True
Lindsey Witten,DE,76,250,4.7,36.5,23.0,115.0,7.32,4.62,2010,,0.0,,,,False,False
Justin Woodall,SS,73,223,4.64,34.0,13.0,118.0,6.88,4.17,2010,,0.0,,,,False,False
Al Woods,DT,76,309,5.15,37.0,,109.0,7.45,4.67,2010,WoodAl99,2.0,New Orleans Saints,4.0,123.0,True,True
Corey Wootton,DE,78,270,4.92,,20.0,,,,2010,WootCo99,8.0,Chicago Bears,4.0,109.0,True,True
Jason Worilds,OLB,73,254,4.65,38.0,24.0,114.0,6.95,4.29,2010,WoriJa99,10.0,Pittsburgh Steelers,2.0,52.0,True,True
Doug Worthington,DT,77,292,5.02,,19.0,,,,2010,WortDo99,0.0,Pittsburgh Steelers,7.0,242.0,True,True
Major Wright,FS,71,206,4.44,37.5,14.0,119.0,6.95,4.36,2010,WrigMa99,13.0,Chicago Bears,3.0,75.0,True,True
Willie Young,DE,77,251,4.88,38.0,25.0,118.0,7.24,4.56,2010,YounWi99,2.0,Detroit Lions,7.0,213.0,True,True
Sam Acho,OLB,74,262,4.67,33.5,23.0,112.0,6.69,4.32,2011,AchoSa00,16.0,Arizona Cardinals,4.0,103.0,True,True
Ladi Ajiboye,DT,73,297,5.3,24.0,23.0,91.0,7.72,4.71,2011,,0.0,,,,False,False
Pierre Allen,DE,75,273,4.78,,,,,,2011,AllePi00,0.0,,,,False,True
Cortez Allen,CB,73,197,4.5,35.5,18.0,129.0,6.76,4.01,2011,AlleCo00,8.0,Pittsburgh Steelers,4.0,128.0,True,True
Prince Amukamara,CB,72,206,4.38,38.0,15.0,128.0,6.97,4.08,2011,AmukPr00,11.0,New York Giants,1.0,19.0,True,True
Marvin Austin,DT,74,309,4.84,30.5,38.0,112.0,7.33,4.4,2011,AustMa00,2.0,New York Giants,2.0,52.0,True,True
Akeem Ayers,OLB,74,254,4.81,31.0,18.0,116.0,7.49,4.28,2011,AyerAk00,19.0,Tennessee Titans,2.0,39.0,True,True
Allen Bailey,DE,75,285,4.71,36.5,27.0,117.0,7.43,4.56,2011,BailAl00,4.0,Kansas City Chiefs,3.0,86.0,True,True
Brandon Bair,DE,78,276,4.92,28.0,26.0,114.0,7.07,4.37,2011,BairBr00,2.0,,,,False,True
Christian Ballard,DE,76,283,4.75,31.5,,111.0,7.54,4.51,2011,BallCh00,3.0,Minnesota Vikings,4.0,106.0,True,True
Jeremy Beal,DE,74,262,5.14,28.5,22.0,106.0,7.19,4.46,2011,BealJe00,0.0,Denver Broncos,7.0,247.0,True,True
Nick Bellore,ILB,73,245,4.84,32.5,23.0,109.0,6.98,4.0,2011,BellNi01,5.0,,,,False,True
Ahmad Black,SS,69,184,4.7,35.5,18.0,119.0,6.85,4.2,2011,BlacAh00,3.0,Tampa Bay Buccaneers,5.0,151.0,True,True
Da'Quan Bowers,DE,75,280,4.92,,22.0,,,,2011,BoweDa00,5.0,Tampa Bay Buccaneers,2.0,51.0,True,True
Niles Brinkley,CB,69,193,4.54,33.5,15.0,120.0,7.23,,2011,,0.0,,,,False,False
Jalil Brown,CB,73,204,4.52,35.5,24.0,116.0,6.85,4.25,2011,BrowJa00,2.0,Kansas City Chiefs,4.0,118.0,True,True
Curtis Brown,CB,72,185,4.51,39.5,10.0,128.0,6.59,4.0,2011,BrowCu01,2.0,Pittsburgh Steelers,3.0,95.0,True,True
Chykie Brown,CB,71,190,4.49,36.5,,120.0,6.5,4.0,2011,BrowCh05,2.0,Baltimore Ravens,5.0,164.0,True,True
Kendric Burney,CB,69,186,4.71,32.5,14.0,112.0,,,2011,BurnKe00,0.0,,,,False,True
Brandon Burton,CB,72,190,4.5,32.0,18.0,118.0,6.93,4.07,2011,BurtBr00,1.0,Minnesota Vikings,5.0,139.0,True,True
Mario Butler,CB,72,182,4.65,30.5,,120.0,7.09,4.37,2011,ButlMa00,1.0,,,,False,True
Roc Carmichael,CB,70,192,4.41,31.0,13.0,116.0,6.69,4.06,2011,CarmRa00,0.0,,,,False,True
Quinton Carter,FS,73,208,4.57,34.5,23.0,121.0,7.05,4.06,2011,CartQu01,5.0,Denver Broncos,4.0,108.0,True,True
Chris Carter-02,OLB,73,248,4.58,36.0,27.0,114.0,6.88,4.34,2011,CartCh00,4.0,Pittsburgh Steelers,5.0,162.0,True,True
Bruce Carter,OLB,73,241,4.57,,25.0,,,,2011,CartBr00,10.0,Dallas Cowboys,2.0,40.0,True,True
Jurrell Casey,DT,73,300,5.04,27.5,26.0,101.0,7.51,4.78,2011,CaseJu00,26.0,Tennessee Titans,3.0,77.0,True,True
Chimdi Chekwa,CB,72,191,4.38,34.5,,126.0,,,2011,ChekCh00,1.0,Oakland Raiders,4.0,113.0,True,True
Ugo Chinasa,DE,77,264,4.63,28.0,22.0,117.0,7.07,4.39,2011,ChinUg00,0.0,,,,False,True
Adrian Clayborn,DE,75,281,4.78,33.0,,113.0,7.3,4.13,2011,ClayAd00,13.0,Tampa Bay Buccaneers,1.0,20.0,True,True
Chris Conte,FS,74,197,4.52,35.5,18.0,127.0,7.01,4.19,2011,ContCh00,15.0,Chicago Bears,3.0,93.0,True,True
Vance Cuff,CB,70,178,4.53,36.0,,120.0,6.91,4.09,2011,,0.0,,,,False,False
Chris Culliver,CB,72,199,4.36,38.5,,123.0,6.88,4.08,2011,CullCh00,11.0,San Francisco 49ers,3.0,80.0,True,True
Wayne Daniels,OLB,72,260,5.03,25.0,,106.0,7.81,4.68,2011,,0.0,,,,False,False
Marcell Dareus,DT,75,319,4.93,27.0,24.0,,7.83,4.62,2011,DareMa00,23.0,Buffalo Bills,1.0,3.0,True,True
Akeem Dent,ILB,73,242,4.73,37.5,24.0,123.0,,,2011,DentAk00,10.0,Atlanta Falcons,3.0,91.0,True,True
Demarcus Dobbs,DE,74,281,4.87,31.0,,107.0,7.22,4.37,2011,DobbDe00,1.0,,,,False,True
Ras-I Dowling,CB,73,198,4.4,,19.0,,,,2011,DowlRa00,1.0,New England Patriots,2.0,33.0,True,True
Demarcus Van Dyke,CB,73,176,4.28,33.5,5.0,121.0,6.97,4.09,2011,VanDDe00,3.0,Oakland Raiders,3.0,81.0,True,True
Kenrick Ellis,DT,77,346,5.19,,26.0,,,,2011,ElliKe01,8.0,New York Jets,3.0,94.0,True,True
Ricky Elmore,DE,76,255,4.88,31.5,26.0,106.0,7.25,4.32,2011,ElmoRi00,0.0,Green Bay Packers,6.0,197.0,True,True
Nick Fairley,DT,76,291,4.84,31.0,,113.0,7.14,4.56,2011,FairNi00,13.0,Detroit Lions,1.0,13.0,True,True
Mason Foster,OLB,73,245,4.75,31.0,22.0,110.0,7.14,4.45,2011,FostMa00,19.0,Tampa Bay Buccaneers,3.0,84.0,True,True
Sione Fua,DT,73,308,5.28,24.0,30.0,101.0,7.54,4.54,2011,FuaxSi00,4.0,Carolina Panthers,3.0,97.0,True,True
Marcus Gilchrist,CB,70,195,4.45,38.5,26.0,119.0,6.81,4.12,2011,GilcMa00,10.0,San Diego Chargers,2.0,50.0,True,True
DeJon Gomes,SS,71,208,4.5,31.0,13.0,110.0,,,2011,GomeDe00,5.0,Washington Redskins,5.0,146.0,True,True
John Graves,DT,75,286,5.09,28.5,29.0,114.0,7.49,4.49,2011,GravJo00,0.0,,,,False,True
Lawrence Guy,DT,76,305,4.96,29.0,28.0,,7.6,4.43,2011,GuyxLa00,4.0,Green Bay Packers,7.0,233.0,True,True
Eric Hagg,FS,73,209,4.62,34.5,18.0,121.0,6.73,4.19,2011,HaggEr00,3.0,Cleveland Browns,7.0,248.0,True,True
Brandon Harris,CB,69,191,4.46,35.5,13.0,113.0,6.77,4.12,2011,HarrBr00,2.0,Houston Texans,2.0,60.0,True,True
Mark Herzlich,OLB,76,244,4.91,32.5,29.0,112.0,7.32,4.46,2011,HerzMa00,6.0,,,,False,True
Cameron Heyward,DE,77,294,4.95,30.0,,,,,2011,HeywCa01,11.0,Pittsburgh Steelers,1.0,31.0,True,True
Will Hill,FS,73,202,4.64,31.0,,123.0,,4.19,2011,HillWi01,10.0,,,,False,True
Jermale Hines,SS,73,219,4.59,31.0,19.0,,6.9,4.21,2011,HineJe00,0.0,St. Louis Rams,5.0,158.0,True,True
Brandon Hogan,CB,70,192,4.43,,19.0,,,,2011,HogaBr00,0.0,Carolina Panthers,4.0,98.0,True,True
Doug Hogue,OLB,74,235,4.62,36.0,18.0,121.0,7.09,4.57,2011,HoguDo01,2.0,Detroit Lions,5.0,157.0,True,True
Ross Homan,OLB,73,240,4.66,35.5,32.0,111.0,7.21,4.34,2011,HomaRo00,0.0,Minnesota Vikings,6.0,200.0,True,True
Davon House,CB,72,200,4.44,33.5,14.0,109.0,6.65,4.12,2011,HousDa00,4.0,Green Bay Packers,4.0,131.0,True,True
Justin Houston,OLB,75,270,4.62,36.5,30.0,125.0,6.95,4.37,2011,HousJu00,24.0,Kansas City Chiefs,3.0,70.0,True,True
Jeremiha Hunter,OLB,72,239,4.77,31.5,20.0,116.0,,,2011,HuntJe00,0.0,,,,False,True
Nate Irving,ILB,73,240,4.74,,,,,,2011,IrviNa00,5.0,Denver Broncos,3.0,67.0,True,True
Jaiquawn Jarrett,FS,72,198,4.62,30.0,14.0,113.0,6.95,4.14,2011,JarrJa00,2.0,Philadelphia Eagles,2.0,54.0,True,True
Jarvis Jenkins,DT,76,310,5.03,26.5,17.0,98.0,7.42,4.83,2011,JenkJa01,14.0,Washington Redskins,2.0,41.0,True,True
Jeron Johnson,SS,70,212,4.51,,23.0,,,,2011,JohnJe02,1.0,,,,False,True
Greg Jones-02,ILB,72,242,4.75,31.5,21.0,117.0,7.27,4.27,2011,JoneGr02,3.0,New York Giants,6.0,185.0,True,True
Cameron Jordan,DE,76,287,4.74,31.0,25.0,117.0,7.07,4.37,2011,JordCa00,27.0,New Orleans Saints,1.0,24.0,True,True
Elijah Joseph,ILB,73,243,4.8,,,,,,2011,JoseEl02,0.0,,,,False,True
Shiloh Keo,SS,71,219,4.74,32.5,24.0,110.0,6.55,3.9,2011,KeoxSh00,7.0,Houston Texans,5.0,144.0,True,True
Ryan Kerrigan,DE,76,267,4.67,33.5,31.0,122.0,7.18,4.39,2011,KerrRy00,23.0,Washington Redskins,1.0,16.0,True,True
Karl Klug,DE,75,275,4.85,,22.0,,,,2011,KlugKa00,7.0,Tennessee Titans,5.0,142.0,True,True
Joe Lefeged,SS,72,210,4.42,36.5,18.0,122.0,6.82,4.13,2011,LefeJo00,4.0,,,,False,True
Mark LeGree,FS,71,210,4.49,31.0,21.0,116.0,6.9,4.09,2011,LegrMa00,0.0,Seattle Seahawks,5.0,156.0,True,True
Orie Lemon,ILB,73,242,4.87,30.0,27.0,113.0,7.45,4.4,2011,LemoOr00,3.0,,,,False,True
Pep Levingston,DE,75,292,4.86,29.5,,104.0,7.29,4.62,2011,,0.0,,,,False,False
Corey Liuget,DT,74,298,4.97,27.5,27.0,102.0,7.48,4.68,2011,LiugCo00,20.0,San Diego Chargers,1.0,18.0,True,True
Greg Lloyd,ILB,73,246,4.8,32.0,22.0,109.0,7.17,4.46,2011,LloyGr01,0.0,Philadelphia Eagles,7.0,237.0,True,True
Scott Lutrus,OLB,74,241,4.68,38.0,,121.0,6.89,4.09,2011,LutrSc00,0.0,,,,False,True
Curtis Marsh,CB,72,197,4.42,37.5,12.0,123.0,6.87,4.07,2011,MarsCu01,1.0,Philadelphia Eagles,3.0,90.0,True,True
Cliff Matthews,DE,75,257,4.81,32.0,17.0,112.0,7.21,4.37,2011,MattCl01,3.0,Atlanta Falcons,7.0,230.0,True,True
Casey Matthews,ILB,73,231,4.78,,13.0,,,,2011,MattCa00,5.0,Philadelphia Eagles,4.0,116.0,True,True
Byron Maxwell,CB,72,202,4.43,33.0,24.0,124.0,,,2011,MaxwBy00,6.0,Seattle Seahawks,6.0,173.0,True,True
Colin McCarthy,ILB,73,238,4.59,36.5,23.0,119.0,6.93,4.2,2011,McCaCo00,11.0,Tennessee Titans,4.0,109.0,True,True
Terrell McClain,DT,74,297,4.98,28.0,29.0,104.0,7.48,4.56,2011,McClTe00,5.0,Carolina Panthers,3.0,65.0,True,True
DeAndre McDaniel,SS,72,217,4.63,35.0,,116.0,,,2011,,0.0,,,,False,False
Andrew McGee,CB,71,195,4.71,34.0,,117.0,,,2011,,0.0,,,,False,False
Pernell McPhee,DE,75,278,4.91,28.5,20.0,107.0,7.13,4.59,2011,McPhPe00,8.0,Baltimore Ravens,5.0,165.0,True,True
Von Miller,OLB,75,246,4.42,37.0,21.0,126.0,6.7,4.06,2011,MillVo00,34.0,Denver Broncos,1.0,2.0,True,True
Bruce Miller,OLB,73,254,4.81,31.0,35.0,113.0,7.05,4.34,2011,MillBr02,5.0,San Francisco 49ers,7.0,211.0,True,True
Dontay Moch,OLB,73,248,4.4,42.0,21.0,128.0,7.09,4.38,2011,MochDo00,0.0,Cincinnati Bengals,3.0,66.0,True,True
Mike Mohamed,ILB,75,239,4.65,32.0,21.0,115.0,6.7,4.0,2011,MohaMi00,1.0,Denver Broncos,6.0,189.0,True,True
Rahim Moore,FS,72,202,4.58,35.0,11.0,115.0,6.98,3.96,2011,MoorRa00,13.0,Denver Broncos,2.0,45.0,True,True
Adrian Moten,OLB,74,228,4.53,31.0,18.0,114.0,7.05,4.21,2011,MoteAd00,1.0,,,,False,True
Jonas Mouton,OLB,73,239,4.84,31.5,,115.0,7.08,4.34,2011,MoutJo00,0.0,San Diego Chargers,2.0,61.0,True,True
Chris Neild,DT,74,319,5.06,29.0,30.0,106.0,7.56,4.46,2011,NeilCh00,2.0,Washington Redskins,7.0,253.0,True,True
Drake Nevis,DT,73,294,5.06,30.5,31.0,112.0,7.71,4.65,2011,NeviDr00,4.0,Indianapolis Colts,3.0,87.0,True,True
Cheta Ozougwu,DE,74,247,4.84,34.5,26.0,119.0,7.06,4.31,2011,OzouCh00,1.0,Houston Texans,7.0,254.0,True,True
Stephen Paea,DT,73,303,4.98,,49.0,,,,2011,PaeaSt00,13.0,Chicago Bears,2.0,53.0,True,True
Martin Parker,DT,74,303,4.95,29.0,22.0,104.0,7.56,4.57,2011,ParkMa00,0.0,,,,False,True
Johnny Patrick,CB,71,191,4.59,32.0,13.0,110.0,,4.16,2011,PatrJo00,4.0,New Orleans Saints,3.0,88.0,True,True
Patrick Peterson,CB,72,219,4.31,38.0,15.0,126.0,6.58,4.07,2011,PetePa00,48.0,Arizona Cardinals,1.0,5.0,True,True
Jerrell Powe,DT,74,335,5.25,25.0,27.0,93.0,8.17,5.06,2011,PoweJe00,1.0,Kansas City Chiefs,6.0,199.0,True,True
Robert Quinn,DE,76,265,4.62,34.0,22.0,116.0,7.13,4.4,2011,QuinRo00,25.0,St. Louis Rams,1.0,14.0,True,True
D'Aundre Reed,DE,76,261,4.84,35.5,30.0,119.0,7.24,4.32,2011,ReedD'00,0.0,Minnesota Vikings,7.0,215.0,True,True
Brooks Reed,OLB,74,263,4.65,30.5,30.0,113.0,7.11,4.28,2011,ReedBr00,19.0,Houston Texans,2.0,42.0,True,True
Justin Rogers,CB,70,180,4.45,33.0,14.0,114.0,7.21,4.2,2011,RogeJu00,4.0,Buffalo Bills,7.0,206.0,True,True
Brian Rolle,OLB,70,229,4.53,33.0,28.0,115.0,6.89,4.26,2011,RollBr00,6.0,Philadelphia Eagles,6.0,193.0,True,True
Greg Romeus,DE,77,264,4.79,,,,,,2011,RomeGr00,0.0,New Orleans Saints,7.0,226.0,True,True
Chris Rucker,CB,72,195,4.54,,10.0,,,,2011,RuckCh00,2.0,Indianapolis Colts,6.0,188.0,True,True
Kevin Rutland,CB,72,190,4.58,35.5,12.0,118.0,6.92,4.15,2011,RutlKe00,4.0,,,,False,True
Robert Sands,FS,76,217,4.53,35.0,12.0,124.0,7.03,4.06,2011,SandRo00,0.0,Cincinnati Bengals,5.0,134.0,True,True
Tyler Sash,SS,72,211,4.62,33.0,11.0,108.0,6.9,4.27,2011,SashTy00,1.0,New York Giants,6.0,198.0,True,True
Da'Norris Searcy,SS,71,223,4.55,33.0,27.0,120.0,6.87,4.09,2011,SearDa00,7.0,Buffalo Bills,4.0,100.0,True,True
Jabaal Sheard,DE,75,264,4.68,31.0,,115.0,,,2011,SheaJa00,25.0,Cleveland Browns,2.0,37.0,True,True
Kelvin Sheppard,ILB,74,250,4.7,33.5,22.0,110.0,,4.28,2011,ShepKe00,13.0,Buffalo Bills,3.0,68.0,True,True
Richard Sherman,CB,75,195,4.54,38.0,16.0,125.0,6.82,4.33,2011,SherRi00,42.0,Seattle Seahawks,5.0,154.0,True,True
Sealver Siliga,DT,74,305,5.38,29.0,29.0,100.0,7.7,4.75,2011,SiliSe00,5.0,,,,False,True
David Sims,SS,69,200,4.5,37.5,24.0,120.0,,4.28,2011,SimsDa01,1.0,,,,False,True
Buster Skrine,CB,69,186,4.37,37.0,20.0,122.0,6.44,3.9,2011,SkriBu00,9.0,Cleveland Browns,5.0,137.0,True,True
Aldon Smith,DE,76,263,4.74,34.0,20.0,118.0,7.19,4.5,2011,SmitAl04,23.0,San Francisco 49ers,1.0,7.0,True,True
D.J. Smith,OLB,71,239,4.71,31.0,20.0,104.0,7.35,4.45,2011,SmitD.00,6.0,Green Bay Packers,6.0,186.0,True,True
Derrell Smith,ILB,72,243,4.76,,,,,,2011,SmitDe02,0.0,,,,False,True
Jimmy Smith,CB,74,211,4.42,36.0,24.0,123.0,6.93,4.06,2011,SmitJi03,10.0,Baltimore Ravens,1.0,27.0,True,True
Quan Sturdivant,ILB,73,241,4.75,34.0,21.0,115.0,,4.5,2011,SturQu00,0.0,Arizona Cardinals,6.0,171.0,True,True
Jerrard Tarrant,FS,72,204,4.57,33.0,14.0,114.0,6.92,4.21,2011,,0.0,,,,False,False
Adrian Taylor,DT,75,311,5.22,,34.0,,,,2011,TaylAd00,0.0,,,,False,True
Phil Taylor,DT,75,334,5.09,29.5,31.0,100.0,7.75,4.77,2011,TaylPh00,19.0,Cleveland Browns,1.0,21.0,True,True
J.T. Thomas,OLB,73,241,4.65,30.5,23.0,114.0,7.23,4.28,2011,ThomJ.02,9.0,Chicago Bears,6.0,195.0,True,True
Josh Thomas,CB,70,191,4.46,38.5,13.0,126.0,6.99,4.15,2011,ThomJo01,7.0,Dallas Cowboys,5.0,143.0,True,True
Brandyn Thompson,CB,69,189,4.5,33.5,13.0,114.0,6.66,4.12,2011,ThomBr00,1.0,Washington Redskins,7.0,213.0,True,True
Cedric Thornton,DT,75,309,5.25,27.0,23.0,101.0,7.7,4.71,2011,ThorCe00,17.0,,,,False,True
Devon Torrence,CB,72,199,4.68,33.0,,111.0,6.95,4.09,2011,,0.0,,,,False,False
J.J. Watt,DE,77,290,4.81,37.0,34.0,120.0,6.88,4.21,2011,WattJ.00,45.0,Houston Texans,1.0,11.0,True,True
Chris White,ILB,75,240,4.65,34.0,17.0,115.0,6.95,4.25,2011,WhitCh03,3.0,Buffalo Bills,6.0,169.0,True,True
Markus White,DE,75,266,4.86,32.5,14.0,117.0,7.25,4.51,2011,WhitMa01,0.0,Washington Redskins,7.0,224.0,True,True
Colby Whitlock,DT,74,302,5.27,30.5,25.0,105.0,7.73,4.75,2011,,0.0,,,,False,False
Muhammad Wilkerson,DT,76,315,4.96,26.0,27.0,106.0,7.31,4.59,2011,WilkMu00,36.0,New York Jets,1.0,30.0,True,True
Aaron Williams,CB,72,204,4.55,37.5,18.0,127.0,6.72,4.07,2011,WillAa00,10.0,Buffalo Bills,2.0,34.0,True,True
Deunta Williams,FS,74,205,4.53,,,,,,2011,,0.0,,,,False,False
Ian Williams,DT,73,319,5.21,28.5,31.0,98.0,,4.78,2011,WillIa00,1.0,,,,False,True
Nate Williams,SS,72,211,4.68,30.5,17.0,114.0,6.98,4.15,2011,,0.0,,,,False,False
Lawrence Wilson,OLB,73,229,4.71,32.5,24.0,113.0,7.31,4.5,2011,WilsLa01,0.0,Carolina Panthers,6.0,166.0,True,True
Martez Wilson,ILB,76,250,4.42,36.0,23.0,124.0,7.04,4.28,2011,WilsMa01,3.0,New Orleans Saints,3.0,72.0,True,True
Ryan Winterswyk,DE,76,268,4.96,30.0,18.0,111.0,7.01,4.37,2011,WintRy00,0.0,,,,False,True
K.J. Wright,OLB,75,246,4.71,32.0,20.0,120.0,7.26,4.46,2011,WrigK.00,24.0,Seattle Seahawks,4.0,99.0,True,True
Shareece Wright,CB,71,185,4.41,34.5,16.0,113.0,,,2011,WrigSh00,5.0,San Diego Chargers,3.0,89.0,True,True
Emmanuel Acho,OLB,74,238,4.64,35.5,24.0,118.0,,,2012,AchoEm00,2.0,Cleveland Browns,6.0,204.0,True,True
Chas Alecxih,DT,76,296,5.31,25.5,19.0,99.0,7.74,4.62,2012,AlecCh00,0.0,,,,False,True
Frank Alexander,DE,76,270,4.8,,,,,,2012,AlexFr00,6.0,Carolina Panthers,4.0,103.0,True,True
Antonio Allen,SS,73,210,4.58,34.0,17.0,118.0,7.02,4.25,2012,AlleAn02,9.0,New York Jets,7.0,242.0,True,True
Ryan Baker,OLB,71,232,4.8,34.0,30.0,113.0,7.21,4.35,2012,,0.0,,,,False,False
Mark Barron,SS,73,213,4.54,,,,,,2012,BarrMa00,13.0,Tampa Bay Buccaneers,1.0,7.0,True,True
Bill Bentley,CB,70,182,4.42,31.5,13.0,114.0,6.99,4.5,2012,BentBi00,3.0,Detroit Lions,3.0,85.0,True,True
Jake Bequette,DE,77,274,4.75,34.0,,113.0,6.9,4.07,2012,BequJa00,0.0,New England Patriots,3.0,90.0,True,True
Justin Bethel,FS,72,200,4.52,39.5,19.0,131.0,6.79,4.3,2012,BethJu00,7.0,Arizona Cardinals,6.0,177.0,True,True
Robert Blanton,CB,73,208,4.66,34.0,12.0,116.0,6.71,3.97,2012,BlanRo00,8.0,Minnesota Vikings,5.0,139.0,True,True
Jamie Blatnick,DE,75,263,4.81,32.5,28.0,112.0,7.22,4.2,2012,,0.0,,,,False,False
Omar Bolden,CB,70,202,4.51,,24.0,,,,2012,BoldOm00,3.0,Denver Broncos,4.0,101.0,True,True
Brandon Boykin,CB,69,182,4.44,,,,,,2012,BoykBr00,7.0,Philadelphia Eagles,4.0,123.0,True,True
Nigel Bradham,OLB,74,241,4.56,37.0,24.0,121.0,7.18,4.37,2012,BradNi00,14.0,Buffalo Bills,4.0,105.0,True,True
Andre Branch,DE,76,259,4.67,32.5,19.0,120.0,7.19,4.25,2012,BranAn00,5.0,Jacksonville Jaguars,2.0,38.0,True,True
Michael Brockers,DT,77,322,5.31,26.5,,105.0,7.46,4.81,2012,BrocMi00,21.0,St. Louis Rams,1.0,14.0,True,True
Ron Brooks,CB,70,190,4.37,38.0,12.0,120.0,,,2012,BrooRo01,3.0,Buffalo Bills,4.0,124.0,True,True
Zach Brown,OLB,73,244,4.44,33.5,,116.0,,,2012,BrowZa00,14.0,Tennessee Titans,2.0,52.0,True,True
Charles Brown-02,CB,69,202,4.53,35.5,18.0,114.0,6.94,4.06,2012,,0.0,,,,False,False
Vontaze Burfict,ILB,73,248,5.0,30.0,,104.0,,,2012,BurfVo00,28.0,,,,False,True
Miles Burris,OLB,74,246,4.67,37.5,31.0,121.0,,,2012,BurrMi00,14.0,Oakland Raiders,4.0,129.0,True,True
Tank Carder,ILB,74,236,4.58,34.5,19.0,121.0,6.89,4.18,2012,CardTa00,3.0,Buffalo Bills,5.0,147.0,True,True
Sean Cattouse,SS,74,211,4.74,34.0,,114.0,6.99,4.15,2012,CattSe00,0.0,,,,False,True
Josh Chapman,DT,73,316,5.02,,,,,,2012,ChapJo00,8.0,Indianapolis Colts,5.0,136.0,True,True
Morris Claiborne,CB,71,188,4.5,34.5,,118.0,7.01,4.12,2012,ClaiMo00,9.0,Dallas Cowboys,1.0,6.0,True,True
Audie Cole,ILB,76,246,4.76,35.0,15.0,114.0,6.96,4.29,2012,ColeAu00,4.0,Minnesota Vikings,7.0,210.0,True,True
Quinton Coples,DE,78,284,4.69,31.5,25.0,109.0,7.57,4.78,2012,CoplQu00,18.0,New York Jets,1.0,16.0,True,True
Fletcher Cox,DT,76,298,4.77,26.0,30.0,103.0,7.07,4.53,2012,CoxxFl00,25.0,Philadelphia Eagles,1.0,12.0,True,True
Tyrone Crawford,DE,76,275,4.82,33.0,28.0,113.0,7.09,4.44,2012,CrawTy00,14.0,Dallas Cowboys,3.0,81.0,True,True
Jack Crawford,DE,77,274,4.74,33.0,,116.0,7.15,4.25,2012,CrawJa00,2.0,Oakland Raiders,5.0,158.0,True,True
Jared Crick,DE,76,279,4.91,31.0,,104.0,7.47,4.4,2012,CricJa00,12.0,Houston Texans,4.0,126.0,True,True
Vinny Curry,DE,75,266,4.87,32.0,,110.0,6.9,4.4,2012,CurrVi00,5.0,Philadelphia Eagles,2.0,59.0,True,True
Mike Daniels,DT,72,291,4.84,,,,,,2012,DaniMi00,11.0,Green Bay Packers,4.0,132.0,True,True
Lavonte David,OLB,73,233,4.57,36.5,19.0,119.0,7.28,4.22,2012,DaviLa00,29.0,Tampa Bay Buccaneers,2.0,58.0,True,True
Demario Davis,OLB,74,235,4.49,38.5,32.0,124.0,7.19,4.28,2012,DaviDe00,20.0,New York Jets,3.0,77.0,True,True
Alfonzo Dennard,CB,70,204,4.48,37.0,,121.0,,,2012,DennAl00,8.0,New England Patriots,7.0,224.0,True,True
Loni Fangupo,DT,73,323,5.12,31.5,36.0,99.0,7.94,4.62,2012,,0.0,,,,False,False
Antonio Fenelus,CB,68,190,4.57,32.0,20.0,109.0,6.8,4.2,2012,,0.0,,,,False,False
Jamell Fleming,CB,71,206,4.43,34.0,23.0,125.0,6.71,3.97,2012,FlemJa00,4.0,Arizona Cardinals,3.0,80.0,True,True
Darius Fleming,OLB,74,245,4.71,33.5,27.0,114.0,7.03,4.28,2012,FlemDa00,1.0,San Francisco 49ers,5.0,165.0,True,True
Marcus Forston,DT,73,301,5.05,28.0,35.0,105.0,7.64,4.79,2012,ForsMa00,0.0,,,,False,True
Justin Francis,DE,74,268,4.9,32.0,23.0,109.0,7.05,4.35,2012,FranJu00,0.0,,,,False,True
Terrence Frederick,CB,70,187,4.44,35.0,16.0,121.0,6.59,4.03,2012,FredTe00,1.0,Pittsburgh Steelers,7.0,246.0,True,True
Chris Galippo,ILB,73,241,4.73,29.5,19.0,107.0,6.9,4.1,2012,,0.0,,,,False,False
Stephon Gilmore,CB,72,190,4.38,36.0,15.0,123.0,6.61,3.94,2012,GilmSt00,15.0,Buffalo Bills,1.0,10.0,True,True
Najee Goode,ILB,72,244,4.55,35.5,,117.0,,,2012,GoodNa00,2.0,Tampa Bay Buccaneers,5.0,140.0,True,True
Winston Guy,SS,73,218,4.62,,,,,,2012,GuyxWi00,2.0,Seattle Seahawks,6.0,181.0,True,True
Trevor Guyton,DE,75,285,5.01,31.0,,105.0,7.45,4.53,2012,GuytTr00,0.0,Minnesota Vikings,7.0,219.0,True,True
Dominique Hamilton,DT,77,313,5.45,,31.0,,7.82,4.78,2012,HamiDo00,0.0,,,,False,True
Mike Harris,CB,70,188,4.52,36.0,,117.0,6.81,4.07,2012,HarrMi00,9.0,Jacksonville Jaguars,6.0,176.0,True,True
DaJohn Harris,DT,75,306,4.97,,,,,,2012,HarrDa02,0.0,,,,False,True
Cliff Harris,CB,71,175,4.61,36.0,14.0,118.0,6.79,4.19,2012,HarrCl01,0.0,,,,False,True
Casey Hayward,CB,71,192,4.47,34.0,19.0,119.0,6.76,3.9,2012,HaywCa00,6.0,Green Bay Packers,2.0,62.0,True,True
Dont'a Hightower,ILB,74,265,4.62,32.0,,,,,2012,HighDo01,21.0,New England Patriots,1.0,25.0,True,True
Jayron Hosley,CB,70,178,4.38,,11.0,,,,2012,HoslJa00,5.0,New York Giants,3.0,94.0,True,True
Jaye Howard,DT,75,301,4.78,27.5,24.0,106.0,7.32,4.47,2012,HowaJa00,7.0,Seattle Seahawks,4.0,114.0,True,True
Delano Howell,SS,71,210,4.61,33.0,21.0,120.0,6.97,4.15,2012,HoweDe00,1.0,,,,False,True
John Hughes,DT,74,309,5.32,,28.0,,,,2012,HughJo00,7.0,Cleveland Browns,3.0,87.0,True,True
Duke Ihenacho,SS,72,213,4.67,35.0,20.0,122.0,6.78,4.22,2012,IhenDu00,6.0,,,,False,True
George Iloka,FS,76,225,4.6,34.5,20.0,124.0,7.03,4.03,2012,IlokGe00,13.0,Cincinnati Bengals,5.0,167.0,True,True
Melvin Ingram,OLB,73,264,4.69,34.5,28.0,109.0,6.83,4.18,2012,IngrMe00,7.0,San Diego Chargers,1.0,18.0,True,True
Bruce Irvin,OLB,75,245,4.41,33.5,23.0,123.0,6.7,4.03,2012,IrviBr00,18.0,Seattle Seahawks,1.0,15.0,True,True
Malik Jackson,DE,77,284,4.85,28.0,25.0,105.0,7.38,4.41,2012,JackMa02,8.0,Denver Broncos,5.0,137.0,True,True
Janzen Jackson,FS,71,188,4.6,36.5,9.0,125.0,6.9,4.15,2012,,0.0,,,,False,False
Asa Jackson,CB,70,191,4.48,34.5,19.0,118.0,6.97,4.03,2012,JackAs00,2.0,Baltimore Ravens,5.0,169.0,True,True
Jamaar Jarrett,DE,77,265,4.96,30.0,21.0,114.0,,4.34,2012,,0.0,,,,False,False
Janoris Jenkins,CB,70,193,4.41,33.5,,121.0,6.95,4.13,2012,JenkJa03,21.0,St. Louis Rams,2.0,39.0,True,True
Trumaine Johnson,CB,74,204,4.5,35.5,19.0,122.0,7.2,4.15,2012,JohnTr05,11.0,St. Louis Rams,3.0,65.0,True,True
Steven Johnson,OLB,72,239,4.71,36.0,16.0,113.0,7.32,4.38,2012,JohnSt02,6.0,,,,False,True
Leonard Johnson,CB,70,196,4.62,32.0,15.0,120.0,6.96,4.15,2012,JohnLe03,9.0,,,,False,True
James-Michael Johnson,ILB,73,241,4.6,37.0,23.0,124.0,7.34,4.37,2012,JohnJa04,11.0,Cleveland Browns,4.0,120.0,True,True
Cam Johnson,DE,75,268,4.75,35.0,,105.0,7.2,4.38,2012,JohnCa01,1.0,San Francisco 49ers,7.0,237.0,True,True
Jeremy Jones,CB,69,197,4.56,31.5,20.0,116.0,7.14,4.18,2012,,0.0,,,,False,False
Chandler Jones,DE,77,266,4.77,35.0,22.0,120.0,7.07,4.38,2012,JoneCh03,22.0,New England Patriots,1.0,21.0,True,True
Coryell Judie,CB,72,194,4.45,37.0,,126.0,7.33,4.25,2012,,0.0,,,,False,False
Josh Kaddu,OLB,75,239,4.67,34.0,20.0,119.0,,,2012,KaddJo00,0.0,Miami Dolphins,5.0,155.0,True,True
Mychal Kendricks,ILB,71,239,4.44,39.5,24.0,127.0,,4.19,2012,KendMy00,19.0,Philadelphia Eagles,2.0,46.0,True,True
Dre Kirkpatrick,CB,74,186,4.5,35.0,,120.0,,,2012,KirkDr00,7.0,Cincinnati Bengals,1.0,17.0,True,True
Luke Kuechly,ILB,75,242,4.58,38.0,27.0,123.0,6.92,4.12,2012,KuecLu00,42.0,Carolina Panthers,1.0,9.0,True,True
Markus Kuhn,DT,77,299,4.87,34.5,28.0,112.0,7.43,4.41,2012,KuhnMa00,3.0,New York Giants,7.0,239.0,True,True
Travis Lewis,OLB,73,246,4.83,36.0,22.0,122.0,,,2012,LewiTr00,2.0,Detroit Lions,7.0,223.0,True,True
Ronnell Lewis,OLB,74,253,4.65,31.0,36.0,112.0,7.09,4.4,2012,LewiRo02,0.0,Detroit Lions,4.0,125.0,True,True
Brandon Lindsey,OLB,74,254,4.85,33.0,23.0,117.0,7.36,4.28,2012,,0.0,,,,False,False
Shawn Loiseau,ILB,72,244,4.74,32.5,19.0,109.0,,,2012,LoisSh00,0.0,,,,False,True
D'Anton Lynn,CB,72,206,4.71,31.5,17.0,111.0,,,2012,,0.0,,,,False,False
Terrell Manning,OLB,74,237,4.71,32.5,22.0,114.0,7.18,4.43,2012,MannTe00,0.0,Green Bay Packers,5.0,163.0,True,True
Brandon Marshall-02,OLB,73,242,4.72,30.5,28.0,108.0,7.05,4.09,2012,MarsBr01,7.0,Jacksonville Jaguars,5.0,142.0,True,True
Mike Martin,DT,73,306,4.8,33.5,36.0,113.0,7.19,4.25,2012,MartMi01,6.0,Tennessee Titans,3.0,82.0,True,True
Markelle Martin,FS,73,207,4.47,,19.0,,,,2012,MartMa00,1.0,Tennessee Titans,6.0,190.0,True,True
Jonathan Massaquoi,OLB,74,264,4.81,33.5,20.0,120.0,7.38,4.53,2012,MassJo00,6.0,Atlanta Falcons,5.0,164.0,True,True
Shea McClellin,OLB,75,260,4.62,31.5,19.0,118.0,7.07,4.33,2012,McClSh00,9.0,Chicago Bears,1.0,19.0,True,True
Kelcie McCray,SS,74,202,4.48,30.5,12.0,122.0,7.0,4.29,2012,McCrKe00,2.0,,,,False,True
Jerron McMillian,SS,71,203,4.47,36.5,17.0,120.0,6.69,4.22,2012,McMiJe00,2.0,Green Bay Packers,4.0,133.0,True,True
Caleb McSurdy,ILB,73,245,4.82,30.0,26.0,110.0,7.26,4.28,2012,McSuCa00,0.0,Dallas Cowboys,7.0,222.0,True,True
Vaughn Meatoga,DT,73,294,4.93,30.0,27.0,108.0,7.1,4.21,2012,,0.0,,,,False,False
DeQuan Menzie,CB,71,202,4.65,33.0,,116.0,,,2012,MenzDe00,0.0,Kansas City Chiefs,5.0,146.0,True,True
Whitney Mercilus,DE,76,261,4.68,32.0,27.0,118.0,7.17,4.53,2012,MercWh00,17.0,Houston Texans,1.0,26.0,True,True
Chase Minnifield,CB,70,183,4.63,,7.0,,,,2012,MinnCh00,1.0,,,,False,True
Charles Mitchell,SS,71,202,4.56,37.0,19.0,127.0,6.93,4.22,2012,MitcCh01,1.0,Atlanta Falcons,6.0,192.0,True,True
Rennie Moore,DT,75,268,5.0,30.5,21.0,109.0,,4.53,2012,,0.0,,,,False,False
Tyler Nielsen,OLB,75,238,4.63,,21.0,,7.27,4.31,2012,,0.0,,,,False,False
Josh Norman-02,CB,72,197,4.61,33.0,14.0,124.0,7.09,4.23,2012,NormJo01,9.0,Carolina Panthers,5.0,143.0,True,True
Donte Paige-Moss,DE,75,268,4.67,,26.0,,,,2012,,0.0,,,,False,False
Micah Pellerin,CB,72,194,4.52,33.0,14.0,116.0,,,2012,PellMi00,0.0,,,,False,True
Nick Perry,DE,75,271,4.55,38.5,35.0,124.0,7.25,4.66,2012,PerrNi00,8.0,Green Bay Packers,1.0,28.0,True,True
Eddie Pleasant,SS,70,211,4.53,33.5,22.0,116.0,7.12,4.28,2012,PleaEd00,2.0,,,,False,True
Dontari Poe,DT,75,346,4.89,29.5,44.0,105.0,7.9,4.56,2012,PoexDo00,30.0,Kansas City Chiefs,1.0,11.0,True,True
Tydreke Powell,DT,74,311,5.28,28.5,29.0,99.0,7.31,4.62,2012,,0.0,,,,False,False
Chaz Powell,CB,72,203,4.42,33.0,17.0,121.0,6.84,4.16,2012,PoweCh00,0.0,,,,False,True
Shaun Prater,CB,70,190,4.5,,14.0,,,,2012,PratSh00,2.0,Cincinnati Bengals,5.0,156.0,True,True
DeAndre Presley,CB,70,185,4.53,32.0,8.0,114.0,7.19,4.28,2012,,0.0,,,,False,False
Cyhl Quarles,SS,73,213,4.54,32.5,19.0,119.0,7.21,4.32,2012,QuarCy00,0.0,,,,False,True
Kheeston Randall,DT,77,293,5.0,34.0,28.0,111.0,7.49,4.84,2012,RandKh00,1.0,Miami Dolphins,7.0,215.0,True,True
Antwuan Reed,CB,70,188,4.58,36.5,14.0,124.0,,4.2,2012,,0.0,,,,False,False
Kendall Reyes,DT,76,299,4.82,34.5,36.0,113.0,7.43,4.53,2012,ReyeKe00,16.0,San Diego Chargers,2.0,49.0,True,True
Sean Richardson,SS,74,216,4.43,38.5,22.0,128.0,7.01,4.44,2012,RichSe00,1.0,,,,False,True
Travian Robertson,DT,76,302,5.12,26.0,30.0,102.0,,,2012,RobeTr00,1.0,Atlanta Falcons,7.0,249.0,True,True
Josh Robinson-01,CB,70,199,4.29,38.5,17.0,133.0,6.55,3.97,2012,RobiJo01,9.0,Minnesota Vikings,3.0,66.0,True,True
Keenan Robinson,ILB,75,242,4.72,35.5,27.0,120.0,,,2012,RobiKe01,13.0,Washington Redskins,4.0,119.0,True,True
Trenton Robinson,FS,70,195,4.46,35.0,15.0,125.0,,4.15,2012,,0.0,,,,False,False
Brett Roy,DT,75,275,5.0,30.5,32.0,108.0,7.31,4.62,2012,,0.0,,,,False,False
Coty Sensabaugh,CB,71,189,4.33,37.0,15.0,122.0,6.6,4.06,2012,SensCo00,7.0,Tennessee Titans,4.0,115.0,True,True
Derrick Shelby,DE,75,266,4.87,35.5,26.0,116.0,7.09,4.5,2012,ShelDe00,5.0,,,,False,True
Harrison Smith,SS,74,213,4.54,34.0,19.0,122.0,6.63,4.12,2012,SmitHa00,18.0,Minnesota Vikings,1.0,29.0,True,True
Jacquies Smith,DE,75,253,4.75,31.5,21.0,110.0,7.25,4.31,2012,SmitJa01,9.0,,,,False,True
Scott Solomon,DE,75,262,4.88,35.0,34.0,124.0,7.17,4.25,2012,SoloSc00,2.0,Tennessee Titans,7.0,211.0,True,True
Sean Spence,OLB,71,231,4.66,33.5,12.0,119.0,7.46,4.28,2012,SpenSe00,7.0,Pittsburgh Steelers,3.0,86.0,True,True
Ryan Steed,CB,70,195,4.64,34.0,12.0,121.0,6.94,4.22,2012,SteeRy00,0.0,,,,False,True
Devon Still,DT,77,303,5.01,29.5,26.0,,,,2012,StilDe00,3.0,Cincinnati Bengals,2.0,53.0,True,True
Nathan Stupar,OLB,74,241,4.65,31.0,21.0,116.0,6.84,4.28,2012,StupNa01,1.0,Oakland Raiders,7.0,230.0,True,True
J.R. Sweezy,DT,77,298,4.97,36.0,21.0,113.0,7.4,4.41,2012,SweeJ.00,19.0,Seattle Seahawks,7.0,225.0,True,True
Alameda Ta'amu,DT,74,348,5.3,26.0,35.0,103.0,,,2012,Ta'aAl00,3.0,Pittsburgh Steelers,4.0,109.0,True,True
Brandon Taylor,SS,71,209,4.52,33.5,,118.0,7.32,4.37,2012,TaylBr02,1.0,San Diego Chargers,3.0,73.0,True,True
Johnny Thomas,SS,70,206,4.57,35.5,20.0,123.0,7.01,4.25,2012,,0.0,,,,False,False
Phillip Thomas-01,FS,71,198,4.68,33.0,14.0,122.0,,,2012,,0.0,,,,False,False
Brandon Thompson,DT,74,314,5.2,31.0,35.0,100.0,7.97,4.71,2012,ThomBr01,6.0,Cincinnati Bengals,3.0,93.0,True,True
Christian Thompson,FS,72,211,4.42,31.5,18.0,122.0,7.33,4.13,2012,ThomCh01,0.0,Baltimore Ravens,4.0,130.0,True,True
Danny Trevathan,OLB,72,237,4.84,31.5,18.0,111.0,,,2012,TrevDa00,12.0,Denver Broncos,6.0,188.0,True,True
Christian Tupou,DT,74,289,5.38,24.0,30.0,92.0,8.07,4.87,2012,TupoCh00,0.0,,,,False,True
DeAngelo Tyson,DT,74,315,5.0,,,,,,2012,TysoDe00,6.0,Baltimore Ravens,7.0,236.0,True,True
Courtney Upshaw,DE,74,272,4.74,,22.0,,,,2012,UpshCo00,18.0,Baltimore Ravens,2.0,35.0,True,True
Olivier Vernon,DE,74,261,4.73,34.5,31.0,122.0,7.39,4.5,2012,VernOl00,17.0,Miami Dolphins,3.0,72.0,True,True
Trevin Wade,CB,70,192,4.52,34.5,18.0,116.0,6.87,4.0,2012,WadeTr00,1.0,Cleveland Browns,7.0,245.0,True,True
Corey White,SS,71,206,4.53,37.5,15.0,126.0,6.72,4.22,2012,WhitCo01,10.0,New Orleans Saints,5.0,162.0,True,True
Tahir Whitehead,OLB,73,233,4.62,37.0,21.0,124.0,7.14,4.37,2012,WhitTa00,10.0,Detroit Lions,5.0,138.0,True,True
Kyle Wilber,OLB,76,249,4.73,33.5,25.0,117.0,7.11,4.31,2012,WilbKy00,7.0,Dallas Cowboys,4.0,113.0,True,True
Billy Winn,DE,76,294,4.86,27.0,24.0,107.0,7.37,4.44,2012,WinnBi00,12.0,Cleveland Browns,6.0,205.0,True,True
Derek Wolfe,DT,77,295,4.93,33.5,33.0,108.0,7.26,4.44,2012,WolfDe00,20.0,Denver Broncos,2.0,36.0,True,True
Jerel Worthy,DT,74,308,5.0,28.5,,107.0,7.6,4.56,2012,WortJe00,3.0,Green Bay Packers,2.0,51.0,True,True
Johnny Adams,CB,70,185,4.48,,16.0,,,,2013,AdamJo02,0.0,,,,False,True
Robert Alford,CB,70,188,4.39,40.0,17.0,132.0,6.89,4.23,2013,AlfoRo00,12.0,Atlanta Falcons,2.0,60.0,True,True
Kiko Alonso,ILB,75,238,4.74,,,,,,2013,AlonKi00,11.0,Buffalo Bills,2.0,46.0,True,True
David Amerson,CB,73,205,4.44,35.5,15.0,127.0,,,2013,AmerDa00,13.0,Washington Redskins,2.0,51.0,True,True
Ziggy Ansah,DE,77,271,4.56,34.5,21.0,118.0,7.11,4.26,2013,AnsaEz00,27.0,Detroit Lions,1.0,5.0,True,True
Marc Anthony,CB,71,196,4.63,35.0,12.0,118.0,6.74,4.07,2013,AnthMa00,0.0,Baltimore Ravens,7.0,247.0,True,True
Johnthan Banks,CB,74,185,4.61,34.0,10.0,125.0,6.97,4.27,2013,BankJo00,12.0,Tampa Bay Buccaneers,2.0,43.0,True,True
T.J. Barnes,DT,78,369,5.3,22.0,25.0,97.0,8.26,4.96,2013,BarnT.00,2.0,,,,False,True
Sam Barrington,ILB,73,246,4.91,32.5,22.0,117.0,,,2013,BarrSa00,4.0,Green Bay Packers,7.0,232.0,True,True
David Bass,DE,76,262,4.84,30.5,20.0,111.0,7.07,4.33,2013,BassDa00,7.0,Oakland Raiders,7.0,233.0,True,True
Steve Beauharnais,ILB,73,240,4.84,33.0,19.0,118.0,6.99,4.2,2013,BeauSt00,0.0,New England Patriots,7.0,235.0,True,True
Jon Bostic,OLB,73,245,4.59,32.5,22.0,118.0,6.99,4.24,2013,BostJo00,8.0,Chicago Bears,2.0,50.0,True,True
Josh Boyd,DT,75,310,5.14,26.5,32.0,104.0,7.16,4.64,2013,BoydJo00,4.0,Green Bay Packers,5.0,167.0,True,True
John Boyett,FS,70,204,4.64,,27.0,,,,2013,BoyeJo00,0.0,Indianapolis Colts,6.0,192.0,True,True
Arthur Brown,OLB,72,241,4.62,,,116.0,,,2013,BrowAr00,2.0,Baltimore Ravens,2.0,56.0,True,True
Armonty Bryant,DE,76,263,4.86,31.5,,118.0,7.32,5.0,2013,BryaAr00,3.0,Cleveland Browns,7.0,217.0,True,True
Michael Buchanan,DE,77,255,4.78,33.0,22.0,113.0,6.91,4.44,2013,BuchMi00,0.0,New England Patriots,7.0,226.0,True,True
Adrian Bushell,CB,69,186,4.58,33.0,17.0,116.0,6.92,4.25,2013,BushAd00,0.0,,,,False,True
Tank Carradine,DE,76,276,4.9,,28.0,,,,2013,CarrCo00,4.0,San Francisco 49ers,2.0,40.0,True,True
Jamie Collins,OLB,75,250,4.64,41.5,19.0,139.0,7.1,4.32,2013,CollJa00,26.0,New England Patriots,2.0,52.0,True,True
Sanders Commings,CB,72,216,4.41,34.5,,117.0,7.1,4.3,2013,CommSa00,0.0,Kansas City Chiefs,5.0,134.0,True,True
Jonathan Cyprien,SS,72,217,4.64,38.5,,,,,2013,CyprJo00,16.0,Jacksonville Jaguars,2.0,33.0,True,True
Will Davis-02,CB,71,186,4.51,35.5,16.0,127.0,6.52,4.02,2013,DaviWi02,0.0,Miami Dolphins,3.0,93.0,True,True
Everett Dawkins,DT,74,292,5.06,30.0,23.0,103.0,7.61,4.88,2013,DawkEv00,0.0,Minnesota Vikings,7.0,229.0,True,True
Quinton Dial,DT,77,318,5.29,,,,,,2013,DialQu00,10.0,San Francisco 49ers,5.0,157.0,True,True
Mike Edwards,CB,69,189,4.56,36.0,14.0,124.0,6.94,4.18,2013,,0.0,,,,False,False
Lavar Edwards,DE,76,277,4.8,33.0,,119.0,7.03,4.51,2013,EdwaLa00,1.0,Tennessee Titans,5.0,142.0,True,True
Matt Elam,SS,70,208,4.43,35.5,17.0,118.0,,,2013,ElamMa00,12.0,Baltimore Ravens,1.0,32.0,True,True
Josh Evans,FS,73,207,4.58,34.5,,123.0,6.64,4.1,2013,EvanJo00,14.0,Jacksonville Jaguars,6.0,169.0,True,True
Sharrif Floyd,DT,75,297,4.92,30.0,,106.0,7.4,4.75,2013,FloySh00,13.0,Minnesota Vikings,1.0,23.0,True,True
Kwame Geathers,DT,77,342,5.44,26.5,,96.0,8.11,5.27,2013,GeatKw00,0.0,,,,False,True
William Gholston,DE,78,281,4.96,28.5,23.0,110.0,7.2,4.59,2013,GholWi00,11.0,Tampa Bay Buccaneers,4.0,126.0,True,True
Zaviar Gooden,OLB,73,234,4.47,34.0,27.0,131.0,6.71,4.18,2013,GoodZa00,3.0,Tennessee Titans,3.0,97.0,True,True
Malliciah Goodman,DE,76,276,4.87,31.5,26.0,114.0,,,2013,GoodMa01,5.0,Atlanta Falcons,4.0,127.0,True,True
Dwayne Gratz,CB,71,201,4.47,38.0,22.0,125.0,6.7,4.15,2013,GratDw00,10.0,Jacksonville Jaguars,3.0,64.0,True,True
Khaseem Greene,OLB,73,241,4.71,30.0,17.0,116.0,7.58,4.2,2013,GreeKh00,3.0,Chicago Bears,4.0,117.0,True,True
Cory Grissom,DT,73,306,5.31,27.5,22.0,97.0,7.79,4.81,2013,GrisCo00,0.0,,,,False,True
Johnathan Hankins,DT,75,320,5.31,26.0,,104.0,7.59,4.61,2013,HankJo00,11.0,New York Giants,2.0,49.0,True,True
Terry Hawthorne,CB,72,195,4.44,35.5,13.0,116.0,,,2013,HawtTe00,0.0,Pittsburgh Steelers,5.0,150.0,True,True
D.J. Hayden,CB,71,191,4.4,,,,,,2013,HaydDJ00,9.0,Oakland Raiders,1.0,12.0,True,True
Brandon Hepburn,ILB,74,240,4.68,32.0,21.0,124.0,7.4,4.55,2013,HepbBr00,0.0,Detroit Lions,7.0,245.0,True,True
Aaron Hester,CB,74,198,4.62,29.0,,112.0,7.26,4.33,2013,HestAa00,0.0,,,,False,True
Jordan Hill,DT,73,303,5.23,22.5,28.0,103.0,7.49,4.51,2013,HillJo01,6.0,Seattle Seahawks,3.0,87.0,True,True
Gerald Hodges,OLB,73,243,4.78,,22.0,119.0,,,2013,HodgGe00,10.0,Minnesota Vikings,4.0,120.0,True,True
DeVonte Holloman,OLB,73,243,4.76,33.0,15.0,113.0,7.3,4.26,2013,HollDe01,1.0,Dallas Cowboys,6.0,185.0,True,True
Montori Hughes,DT,76,329,5.23,26.5,22.0,104.0,7.85,4.7,2013,HughMo00,2.0,Indianapolis Colts,5.0,139.0,True,True
Margus Hunt,DE,80,277,4.62,34.5,38.0,121.0,7.07,4.51,2013,HuntMa00,3.0,Cincinnati Bengals,2.0,53.0,True,True
Micah Hyde,CB,72,197,4.56,33.0,12.0,121.0,6.78,4.2,2013,HydeMi00,13.0,Green Bay Packers,5.0,159.0,True,True
Tony Jefferson,FS,71,213,4.75,,16.0,,,,2013,JeffTo00,8.0,,,,False,True
John Jenkins,DT,76,346,5.21,,30.0,,,,2013,JenkJo00,10.0,New Orleans Saints,3.0,82.0,True,True
Jelani Jenkins,ILB,72,243,4.65,,27.0,,,,2013,JenkJe00,13.0,Miami Dolphins,4.0,104.0,True,True
Brandon Jenkins,DE,74,251,5.07,,18.0,,,,2013,JenkBr00,0.0,Washington Redskins,5.0,162.0,True,True
Nico Johnson,ILB,74,248,4.73,,,,,,2013,JohnNi00,3.0,Kansas City Chiefs,4.0,99.0,True,True
Keelan Johnson,SS,72,209,4.54,36.5,12.0,125.0,6.77,4.07,2013,JohnKe03,0.0,,,,False,True
Josh Johnson-02,CB,69,199,4.65,35.0,16.0,114.0,6.99,4.25,2013,JohnJo06,0.0,,,,False,True
Jarvis Jones,OLB,74,245,4.74,,,,,,2013,JoneJa05,14.0,Pittsburgh Steelers,1.0,17.0,True,True
Datone Jones,DE,76,283,4.8,31.5,29.0,112.0,7.32,4.32,2013,JoneDa03,7.0,Green Bay Packers,1.0,26.0,True,True
Chris Jones-01,DT,74,302,5.33,,30.0,,7.34,4.44,2013,JoneCh04,15.0,Houston Texans,6.0,198.0,True,True
Abry Jones,DT,75,313,5.06,26.5,30.0,101.0,,,2013,JoneAb00,4.0,,,,False,True
Dion Jordan,OLB,78,248,4.54,32.5,,122.0,7.02,4.35,2013,JordDi00,4.0,Miami Dolphins,1.0,3.0,True,True
A.J. Klein,ILB,73,250,4.66,,20.0,113.0,,,2013,KleiAJ00,10.0,Carolina Panthers,5.0,148.0,True,True
Jake Knott,OLB,74,243,4.84,,,,,,2013,KnotJa00,1.0,,,,False,True
Joe Kruger,DE,78,269,4.83,34.0,24.0,117.0,7.17,4.46,2013,KrugJo00,0.0,Philadelphia Eagles,7.0,212.0,True,True
Corey Lemonier,DE,75,255,4.6,33.0,27.0,119.0,7.14,4.4,2013,LemoCo00,3.0,San Francisco 49ers,3.0,88.0,True,True
Robert Lester,SS,73,220,4.66,33.5,,117.0,,,2013,LestRo00,0.0,,,,False,True
Kapron Lewis-Moore,DT,76,298,4.95,,,,,,2013,LewiKa00,0.0,Baltimore Ravens,6.0,200.0,True,True
Bennie Logan,DT,74,309,5.08,25.0,30.0,104.0,7.53,4.67,2013,LogaBe00,18.0,Philadelphia Eagles,3.0,67.0,True,True
Star Lotulelei,DT,74,311,5.14,,,,,,2013,LotuSt00,21.0,Carolina Panthers,1.0,14.0,True,True
John Lotulelei,OLB,71,233,4.84,35.5,25.0,117.0,6.91,4.3,2013,LotuJo00,1.0,,,,False,True
Brandon Magee,OLB,71,223,4.74,,,114.0,,,2013,MageBr00,2.0,,,,False,True
Stansly Maponga,DE,74,256,4.78,,30.0,,,,2013,MapoSt00,2.0,Atlanta Falcons,5.0,153.0,True,True
Tyrann Mathieu,CB,69,186,4.5,34.0,4.0,117.0,6.87,4.14,2013,MathTy00,17.0,Arizona Cardinals,3.0,69.0,True,True
Michael Mauti,OLB,74,243,4.83,,28.0,,,,2013,MautMi00,3.0,Minnesota Vikings,7.0,213.0,True,True
Lerentee McCray,OLB,74,250,4.74,,,,,,2013,McCrLe01,3.0,,,,False,True
Demetrius McCray,CB,73,187,4.54,36.0,4.0,126.0,7.17,4.32,2013,McCrDe00,8.0,Jacksonville Jaguars,7.0,210.0,True,True
T.J. McDonald,FS,74,219,4.59,40.0,19.0,131.0,6.89,4.2,2013,McDoTJ00,15.0,St. Louis Rams,3.0,71.0,True,True
Brad McDougald,FS,72,215,4.51,34.5,19.0,122.0,7.07,4.44,2013,,0.0,,,,False,False
Leon McFadden,CB,70,193,4.54,34.5,10.0,119.0,6.81,4.27,2013,McFaLe00,1.0,Cleveland Browns,3.0,68.0,True,True
Stacy McGee,DT,75,308,4.98,,,,,,2013,McGeSt01,7.0,Oakland Raiders,6.0,205.0,True,True
Brandon McGee,CB,71,193,4.4,33.5,14.0,119.0,6.71,4.18,2013,McGeBr00,1.0,St. Louis Rams,5.0,149.0,True,True
Rontez Miles,FS,72,203,4.62,36.5,,123.0,6.97,4.27,2013,MileRo00,1.0,,,,False,True
Dee Milliner,CB,72,201,4.37,36.0,,122.0,6.95,4.32,2013,MillDe00,6.0,New York Jets,1.0,9.0,True,True
Barkevious Mingo,OLB,76,241,4.58,37.0,,128.0,6.84,4.39,2013,MingBa00,11.0,Cleveland Browns,1.0,6.0,True,True
Kevin Minter,ILB,72,246,4.81,33.0,25.0,119.0,,,2013,MintKe00,14.0,Arizona Cardinals,2.0,45.0,True,True
Sam Montgomery,DE,75,262,4.81,34.5,,114.0,7.18,4.51,2013,MontSa00,0.0,Houston Texans,3.0,95.0,True,True
Nick Moody,OLB,73,236,4.71,,17.0,118.0,,,2013,MoodNi00,2.0,San Francisco 49ers,6.0,180.0,True,True
Sio Moore,OLB,73,245,4.65,38.0,29.0,127.0,7.49,4.31,2013,MoorSi00,12.0,Oakland Raiders,3.0,66.0,True,True
Damontre Moore,DE,76,250,4.95,35.5,12.0,122.0,,,2013,MoorDa01,4.0,New York Giants,3.0,81.0,True,True
Zeke Motta,SS,74,213,4.75,35.5,11.0,126.0,6.75,4.16,2013,MottZe00,1.0,Atlanta Falcons,7.0,244.0,True,True
Alec Ogletree,OLB,74,242,4.7,33.5,20.0,122.0,7.16,4.39,2013,OgleAl00,20.0,St. Louis Rams,1.0,30.0,True,True
Alex Okafor,DE,76,264,4.78,,21.0,,,,2013,OkafAl00,14.0,Arizona Cardinals,4.0,103.0,True,True
Sean Porter,OLB,73,229,4.75,35.0,22.0,119.0,,,2013,PortSe00,0.0,Cincinnati Bengals,4.0,118.0,True,True
Keith Pough,ILB,74,239,4.87,33.0,17.0,118.0,7.28,4.47,2013,PougKe01,0.0,,,,False,True
Ty Powell,OLB,74,249,4.64,37.0,28.0,122.0,6.98,4.4,2013,PoweTy00,1.0,Seattle Seahawks,7.0,231.0,True,True
Jordan Poyer,CB,72,191,4.54,30.5,8.0,118.0,6.87,4.18,2013,PoyeJo00,4.0,Philadelphia Eagles,7.0,218.0,True,True
Bacarri Rambo,FS,72,211,4.56,,17.0,,,,2013,RambBa00,6.0,Washington Redskins,6.0,191.0,True,True
Kevin Reddick,ILB,73,243,4.72,,23.0,113.0,,,2013,ReddKe00,1.0,,,,False,True
Greg Reid,CB,68,190,4.46,,10.0,,,,2013,,0.0,,,,False,False
Eric Reid,FS,73,213,4.53,40.5,17.0,134.0,6.99,4.22,2013,ReidEr00,20.0,San Francisco 49ers,1.0,18.0,True,True
Xavier Rhodes,CB,73,210,4.43,40.5,14.0,132.0,,,2013,RhodXa00,14.0,Minnesota Vikings,1.0,25.0,True,True
Sheldon Richardson,DT,74,294,5.02,32.0,30.0,116.0,,,2013,RichSh00,31.0,New York Jets,1.0,13.0,True,True
Nickell Robey,CB,67,169,4.53,37.5,10.0,127.0,6.74,4.09,2013,RobeNi00,8.0,,,,False,True
Logan Ryan,CB,71,191,4.56,32.5,14.0,116.0,6.69,4.06,2013,RyanLo00,13.0,New England Patriots,3.0,83.0,True,True
Etienne Sabino,OLB,74,247,4.75,,24.0,114.0,,,2013,SabiEt00,0.0,,,,False,True
Kawann Short,DT,75,299,5.08,,,,,,2013,ShorKa00,21.0,Carolina Panthers,2.0,44.0,True,True
Tharold Simon,CB,74,202,4.51,34.0,9.0,128.0,,,2013,SimoTh00,3.0,Seattle Seahawks,5.0,138.0,True,True
John Simon,OLB,73,257,4.62,,,,,,2013,SimoJo01,7.0,Baltimore Ravens,4.0,129.0,True,True
Jamoris Slaughter,SS,72,195,4.57,,,,,,2013,SlauJa00,0.0,Cleveland Browns,6.0,175.0,True,True
Darius Slay,CB,72,192,4.36,35.5,14.0,124.0,6.9,4.21,2013,SlayDa00,13.0,Detroit Lions,2.0,36.0,True,True
Quanterus Smith,DE,77,250,4.74,,,,,,2013,SmitQu00,1.0,Denver Broncos,5.0,146.0,True,True
Jared Smith,DT,75,302,5.08,32.5,28.0,115.0,7.2,4.39,2013,SmitJa02,0.0,Seattle Seahawks,7.0,241.0,True,True
Akeem Spence,DT,73,307,5.15,30.0,37.0,107.0,7.82,4.72,2013,SpenAk00,11.0,Tampa Bay Buccaneers,4.0,100.0,True,True
Damion Square,DE,74,293,5.23,,,,,,2013,SquaDa00,2.0,,,,False,True
Daimion Stafford,FS,72,221,4.69,30.5,21.0,111.0,7.06,,2013,StafDa00,4.0,Tennessee Titans,7.0,248.0,True,True
Jawanza Starling,SS,73,202,4.64,36.0,17.0,122.0,6.68,4.34,2013,StarJa01,0.0,,,,False,True
Jonathan Stewart-02,ILB,76,242,4.68,31.0,19.0,118.0,7.44,4.53,2013,StewJo01,0.0,,,,False,True
Walter Stewart,DE,76,246,4.69,,,,,,2013,StewWa01,0.0,,,,False,True
Dax Swanson,CB,70,186,4.56,33.0,15.0,122.0,,,2013,,0.0,,,,False,False
D.J. Swearinger,FS,70,208,4.67,37.0,17.0,124.0,6.7,4.11,2013,SweaDJ00,12.0,Houston Texans,2.0,57.0,True,True
Rod Sweeting,CB,71,189,4.42,37.0,11.0,124.0,,,2013,SweeRo01,1.0,,,,False,True
Bruce Taylor,ILB,73,237,5.01,30.5,19.0,115.0,7.21,4.39,2013,TaylBr03,0.0,,,,False,True
Devin Taylor,DE,79,266,4.72,35.0,14.0,128.0,6.89,4.3,2013,TaylDe00,6.0,Detroit Lions,4.0,132.0,True,True
Jamar Taylor,CB,71,192,4.39,35.0,22.0,127.0,6.82,4.06,2013,TaylJa01,4.0,Miami Dolphins,2.0,54.0,True,True
Mike Taylor,OLB,73,234,4.75,,,,,,2013,TaylMi00,0.0,,,,False,True
Manti Te'o,ILB,73,241,4.82,33.0,,113.0,7.13,4.27,2013,TeoxMa00,14.0,San Diego Chargers,2.0,38.0,True,True
Chase Thomas,OLB,75,244,4.91,32.0,18.0,113.0,7.17,4.31,2013,ThomCh02,0.0,,,,False,True
Phillip Thomas-02,FS,72,208,4.65,35.0,14.0,122.0,,,2013,ThomPh00,2.0,Washington Redskins,4.0,119.0,True,True
Shamarko Thomas,SS,69,213,4.42,40.5,28.0,133.0,,4.26,2013,ThomSh00,3.0,Pittsburgh Steelers,4.0,111.0,True,True
Desmond Trufant,CB,72,190,4.38,37.5,16.0,125.0,,3.85,2013,TrufDe00,20.0,Atlanta Falcons,1.0,22.0,True,True
Kenny Vaccaro,FS,72,214,4.63,38.0,15.0,121.0,6.78,4.06,2013,VaccKe00,15.0,New Orleans Saints,1.0,15.0,True,True
Cornelius Washington,DE,76,265,4.55,39.0,36.0,128.0,,,2013,WashCo00,1.0,Chicago Bears,6.0,188.0,True,True
B.W. Webb,CB,70,184,4.51,40.5,14.0,132.0,6.82,3.84,2013,WebbBW00,3.0,Dallas Cowboys,4.0,114.0,True,True
Kayvon Webster,CB,70,195,4.41,35.0,14.0,125.0,,,2013,WebsKa00,4.0,Denver Broncos,3.0,90.0,True,True
Bjoern Werner,DE,75,266,4.83,31.0,25.0,111.0,7.3,4.4,2013,WernBj00,10.0,Indianapolis Colts,1.0,24.0,True,True
J.J. Wilcox,SS,72,213,4.57,35.0,17.0,124.0,7.02,4.09,2013,WilcJ.00,14.0,Dallas Cowboys,3.0,80.0,True,True
Brandon Williams-03,DT,73,335,5.37,29.5,38.0,102.0,8.09,4.91,2013,WillBr02,16.0,Baltimore Ravens,3.0,94.0,True,True
Duke Williams-01,SS,71,203,4.48,37.5,13.0,126.0,,4.0,2013,WillDu00,7.0,Buffalo Bills,4.0,105.0,True,True
Jesse Williams,DT,75,323,4.94,,30.0,,,,2013,WillJe02,0.0,Seattle Seahawks,5.0,137.0,True,True
Nathan Williams,OLB,75,241,4.88,35.0,24.0,113.0,6.99,4.44,2013,,0.0,,,,False,False
Nicholas Williams,DT,76,309,4.94,33.0,28.0,111.0,7.55,4.65,2013,WillNi01,2.0,Pittsburgh Steelers,7.0,223.0,True,True
Shawn Williams,SS,72,213,4.46,36.0,25.0,120.0,7.01,4.25,2013,WillSh02,5.0,Cincinnati Bengals,3.0,84.0,True,True
Steve Williams,CB,69,181,4.42,40.5,12.0,128.0,6.89,4.1,2013,WillSt02,4.0,San Diego Chargers,5.0,145.0,True,True
Sylvester Williams,DT,75,313,5.03,26.5,27.0,102.0,7.93,4.8,2013,WillSy00,16.0,Denver Broncos,1.0,28.0,True,True
Tourek Williams,DE,75,260,4.92,33.0,25.0,112.0,,,2013,WillTo00,4.0,San Diego Chargers,6.0,179.0,True,True
Trevardo Williams,OLB,73,241,4.57,38.0,30.0,124.0,,,2013,WillTr02,0.0,Houston Texans,4.0,124.0,True,True
Earl Wolff,SS,71,209,4.44,39.0,,134.0,,4.07,2013,WolfEa00,4.0,Philadelphia Eagles,5.0,136.0,True,True
Khalid Wooten,CB,71,210,4.53,33.5,17.0,117.0,6.95,4.18,2013,WootKa00,0.0,,,,False,True
Tom Wort,ILB,72,235,4.78,31.5,21.0,111.0,7.41,4.51,2013,,0.0,,,,False,False
Blidi Wreh-Wilson,CB,73,195,4.53,36.0,14.0,128.0,6.97,4.12,2013,WrehBl00,6.0,Tennessee Titans,3.0,70.0,True,True
Mo Alexander,SS,73,220,4.5,38.0,,123.0,7.05,4.51,2014,AlexMa00,9.0,St. Louis Rams,4.0,110.0,True,True
Ricardo Allen,CB,69,187,4.61,35.5,13.0,117.0,,4.15,2014,AlleRi00,11.0,Atlanta Falcons,5.0,147.0,True,True
Jeremiah Attaochu,OLB,75,252,,,,,,,2014,AttaJe00,8.0,San Diego Chargers,2.0,50.0,True,True
Dion Bailey,FS,72,201,4.66,34.0,,113.0,6.97,4.15,2014,BailDi00,1.0,,,,False,True
Anthony Barr,OLB,77,255,4.66,34.5,15.0,119.0,6.82,4.19,2014,BarrAn00,26.0,Minnesota Vikings,1.0,9.0,True,True
Lamin Barrow,ILB,73,237,4.64,35.0,22.0,123.0,7.24,4.35,2014,BarrLa00,2.0,Denver Broncos,5.0,156.0,True,True
Deion Belue,CB,71,182,4.48,,11.0,,,,2014,BeluDe00,0.0,,,,False,True
Bene' Benwikere,CB,71,195,4.59,40.5,10.0,122.0,6.94,4.38,2014,BenwBe00,7.0,Carolina Panthers,5.0,148.0,True,True
Nat Berhe,SS,70,193,4.71,35.5,15.0,117.0,7.08,4.22,2014,BerhNa00,3.0,New York Giants,5.0,152.0,True,True
Chris Borland,ILB,71,248,4.83,31.0,27.0,114.0,7.18,4.27,2014,BorlCh00,6.0,San Francisco 49ers,3.0,77.0,True,True
Tre Boston,SS,72,204,4.58,35.0,18.0,116.0,7.04,4.31,2014,BostTr00,9.0,Carolina Panthers,4.0,128.0,True,True
Carl Bradford,OLB,73,250,4.76,37.5,23.0,122.0,7.25,4.3,2014,BradCa01,0.0,Green Bay Packers,4.0,121.0,True,True
Bashaud Breeland,CB,71,197,4.62,34.5,11.0,123.0,7.04,4.33,2014,BreeBa00,17.0,Washington Redskins,4.0,102.0,True,True
Jay Bromley,DT,75,306,5.06,33.5,26.0,106.0,7.92,4.78,2014,BromJa00,5.0,New York Giants,3.0,74.0,True,True
Terrence Brooks,FS,71,198,4.42,38.0,10.0,119.0,7.35,,2014,BrooTe00,3.0,Baltimore Ravens,3.0,79.0,True,True
Preston Brown,ILB,73,251,4.86,33.0,23.0,116.0,6.98,4.26,2014,BrowPr00,24.0,Buffalo Bills,3.0,73.0,True,True
Jonathan Brown,OLB,72,238,5.03,31.0,16.0,108.0,7.77,4.56,2014,BrowJo01,0.0,,,,False,True
Deone Bucannon,SS,73,211,4.49,36.5,19.0,125.0,6.96,4.26,2014,BucaDe00,16.0,Arizona Cardinals,1.0,27.0,True,True
Max Bullough,ILB,75,249,4.78,31.0,30.0,112.0,7.22,4.3,2014,BullMa00,4.0,,,,False,True
Ryan Carrethers,DT,73,337,5.47,26.0,32.0,88.0,7.89,4.6,2014,CarrRy00,3.0,San Diego Chargers,5.0,165.0,True,True
Travis Carrie,CB,72,206,4.49,,17.0,,,,2014,CarrTr00,9.0,Oakland Raiders,7.0,219.0,True,True
Will Clarke,DE,78,271,4.77,32.0,22.0,112.0,7.26,4.57,2014,ClarWi00,4.0,Cincinnati Bengals,3.0,88.0,True,True
Ha Ha Clinton-Dix,FS,73,208,4.58,33.0,11.0,119.0,7.16,4.16,2014,ClinHa00,20.0,Green Bay Packers,1.0,21.0,True,True
Jadeveon Clowney,DE,77,266,4.53,37.5,21.0,124.0,7.27,4.43,2014,ClowJa00,19.0,Houston Texans,1.0,1.0,True,True
Ross Cockrell,CB,72,191,4.56,36.5,10.0,122.0,7.28,4.32,2014,CockRo00,11.0,Buffalo Bills,4.0,109.0,True,True
Deandre Coleman,DT,77,314,5.12,,24.0,,,,2014,ColeDe01,0.0,,,,False,True
Aaron Colvin,CB,71,177,4.51,,,,,,2014,ColvAa00,8.0,Jacksonville Jaguars,4.0,114.0,True,True
Scott Crichton,DE,75,273,4.84,31.5,24.0,108.0,7.19,4.29,2014,CricSc00,2.0,Minnesota Vikings,3.0,72.0,True,True
Chris Davis-03,CB,70,202,4.54,,15.0,,,,2014,DaviCh05,2.0,,,,False,True
Darqueze Dennard,CB,71,199,4.52,,15.0,,,,2014,DennDa00,4.0,Cincinnati Bengals,1.0,24.0,True,True
Pierre Desir,CB,73,198,4.59,35.0,11.0,133.0,6.86,4.3,2014,DesiPi00,3.0,Cleveland Browns,4.0,127.0,True,True
Brandon Dixon,CB,71,203,4.41,32.5,17.0,117.0,7.15,4.27,2014,DixoBr00,3.0,New York Jets,6.0,195.0,True,True
Ahmad Dixon,SS,72,212,4.64,32.0,14.0,111.0,7.55,4.5,2014,DixoAh00,0.0,Dallas Cowboys,7.0,248.0,True,True
Aaron Donald,DT,73,285,4.68,32.0,35.0,116.0,7.11,4.39,2014,DonaAa00,46.0,St. Louis Rams,1.0,13.0,True,True
Jonathan Dowling,FS,75,190,4.52,33.5,8.0,118.0,7.04,4.24,2014,DowlJo00,0.0,Oakland Raiders,7.0,247.0,True,True
Kony Ealy,DE,76,273,4.92,31.0,22.0,114.0,6.83,4.45,2014,EalyKo00,10.0,Carolina Panthers,2.0,60.0,True,True
Dominique Easley,DT,74,288,4.93,,26.0,,,,2014,EaslDo00,6.0,New England Patriots,1.0,29.0,True,True
Kasim Edebali,OLB,74,253,4.79,34.5,19.0,115.0,7.2,4.35,2014,EdebKa00,4.0,,,,False,True
Justin Ellis,DT,73,334,5.27,28.0,25.0,92.0,7.81,4.75,2014,ElliJu01,13.0,Oakland Raiders,4.0,107.0,True,True
I.K. Enemkpali,DE,73,261,4.86,34.0,28.0,112.0,7.67,4.65,2014,EnemIK00,1.0,New York Jets,6.0,210.0,True,True
Antone Exum,CB,72,213,4.59,35.0,17.0,117.0,7.05,4.13,2014,ExumAn00,3.0,Minnesota Vikings,6.0,182.0,True,True
Ego Ferguson,DT,75,315,4.98,,24.0,,,,2014,FergEg00,2.0,Chicago Bears,2.0,51.0,True,True
Dee Ford,DE,74,252,,,,,,,2014,FordDe00,11.0,Kansas City Chiefs,1.0,23.0,True,True
Khairi Fortt,OLB,74,248,4.7,36.0,30.0,120.0,,,2014,FortKh00,0.0,New Orleans Saints,4.0,126.0,True,True
Kyle Fuller-01,CB,72,190,4.49,38.5,12.0,128.0,6.9,4.19,2014,FullKy00,17.0,Chicago Bears,1.0,14.0,True,True
Phillip Gaines,CB,72,193,4.38,36.5,11.0,122.0,6.62,4.04,2014,GainPh00,5.0,Kansas City Chiefs,3.0,87.0,True,True
E.J. Gaines,CB,70,190,4.44,,15.0,,,,2014,GainE.00,14.0,St. Louis Rams,6.0,188.0,True,True
James Gayle,DE,76,259,4.7,37.0,26.0,122.0,7.19,4.27,2014,GaylJa00,0.0,,,,False,True
Jeremiah George,ILB,71,234,4.91,33.0,28.0,116.0,,,2014,GeorJe01,3.0,New York Jets,5.0,154.0,True,True
Justin Gilbert,CB,72,202,4.37,35.5,20.0,126.0,6.92,,2014,GilbJu00,4.0,Cleveland Browns,1.0,8.0,True,True
Demetri Goodson,CB,71,194,4.52,37.0,11.0,123.0,6.8,4.34,2014,GoodDe00,2.0,Green Bay Packers,6.0,197.0,True,True
Ra'Shede Hageman,DT,78,310,4.92,35.5,32.0,114.0,7.87,4.5,2014,HageRa00,8.0,Atlanta Falcons,2.0,37.0,True,True
Andre Hal,CB,70,188,4.5,35.5,15.0,119.0,7.14,4.27,2014,HalxAn00,12.0,Houston Texans,7.0,216.0,True,True
Victor Hampton,CB,69,197,4.69,33.5,20.0,118.0,7.01,4.2,2014,HampVi00,0.0,,,,False,True
Taylor Hart,DE,78,281,4.92,,21.0,,,,2014,HartTa00,1.0,Philadelphia Eagles,5.0,141.0,True,True
Anthony Hitchens,OLB,72,240,4.74,31.5,23.0,116.0,7.15,4.45,2014,HitcAn00,18.0,Dallas Cowboys,4.0,119.0,True,True
Adrian Hubbard,OLB,78,257,4.69,38.5,,117.0,,,2014,HubbAd00,0.0,,,,False,True
Marqueston Huff,FS,71,196,4.49,35.5,15.0,118.0,7.26,4.19,2014,HuffMa00,4.0,Tennessee Titans,4.0,122.0,True,True
Kerry Hyder,DT,74,290,5.1,29.5,20.0,108.0,7.23,4.33,2014,HydeKe01,3.0,,,,False,True
Louis Nix III,DT,74,331,5.32,25.5,,97.0,8.29,4.94,2014,NixILo00,0.0,Houston Texans,3.0,83.0,True,True
Bennett Jackson,CB,72,195,4.51,38.0,13.0,128.0,6.75,4.0,2014,JackBe00,0.0,New York Giants,6.0,187.0,True,True
Andrew Jackson-02,ILB,73,254,4.9,,,,,,2014,JackAn02,1.0,Indianapolis Colts,6.0,203.0,True,True
Kendall James,CB,70,180,4.44,39.0,9.0,,6.81,4.19,2014,JameKe00,0.0,Minnesota Vikings,6.0,184.0,True,True
Stanley Jean-Baptiste,CB,75,218,4.61,41.5,13.0,128.0,,4.33,2014,JeanSt00,0.0,New Orleans Saints,2.0,58.0,True,True
Jackson Jeffcoat,DE,75,247,4.63,36.0,18.0,123.0,6.97,4.18,2014,JeffJa00,1.0,,,,False,True
Timmy Jernigan,DT,74,299,5.06,29.5,27.0,102.0,,4.83,2014,JernTi00,15.0,Baltimore Ravens,2.0,48.0,True,True
Dontae Johnson,CB,74,200,4.41,38.5,12.0,124.0,6.82,4.24,2014,JohnDo02,5.0,San Francisco 49ers,4.0,129.0,True,True
Anthony Johnson,DT,74,308,5.24,24.5,20.0,102.0,7.93,4.83,2014,JohnAn04,2.0,,,,False,True
Howard Jones,OLB,74,235,4.6,40.5,21.0,124.0,7.16,4.41,2014,JoneHo01,4.0,,,,False,True
DaQuan Jones,DT,76,322,5.35,27.5,25.0,101.0,7.73,4.78,2014,JoneDa04,15.0,Tennessee Titans,4.0,112.0,True,True
Christian Jones,OLB,75,240,4.68,33.5,,115.0,,,2014,JoneCh05,11.0,,,,False,True
Lamarcus Joyner,CB,68,184,4.55,37.5,14.0,124.0,7.26,4.4,2014,JoynLa00,7.0,St. Louis Rams,2.0,41.0,True,True
Devon Kennard,OLB,75,249,4.7,30.0,23.0,113.0,7.25,4.32,2014,KennDe00,13.0,New York Giants,5.0,174.0,True,True
Zach Kerr,DT,73,326,5.06,28.5,28.0,99.0,7.93,4.71,2014,KerrZa00,7.0,,,,False,True
Christian Kirksey,OLB,74,233,4.72,32.0,16.0,122.0,,,2014,KirkCh00,15.0,Cleveland Browns,3.0,71.0,True,True
Kenny Ladler,FS,72,207,4.7,36.5,24.0,127.0,,,2014,LadlKe00,0.0,,,,False,True
Demarcus Lawrence,DE,75,251,4.8,34.5,20.0,113.0,7.46,4.31,2014,LawrDe00,10.0,Dallas Cowboys,2.0,34.0,True,True
Nevin Lawson,CB,69,190,4.48,33.0,16.0,120.0,7.12,4.4,2014,LawsNe00,8.0,Detroit Lions,4.0,133.0,True,True
Isaiah Lewis,SS,70,211,4.6,36.5,15.0,122.0,7.05,4.47,2014,LewiIs00,0.0,,,,False,True
Boseko Lokombo,OLB,74,225,4.66,,,122.0,7.15,4.3,2014,LokoBo01,0.0,,,,False,True
Craig Loston,SS,73,217,4.65,32.5,12.0,119.0,7.15,4.35,2014,LostCr00,1.0,,,,False,True
Aaron Lynch,DE,77,249,4.76,,18.0,,,,2014,LyncAa00,9.0,San Francisco 49ers,5.0,150.0,True,True
Khalil Mack,OLB,75,251,4.65,40.0,23.0,128.0,7.08,4.18,2014,MackKh00,37.0,Oakland Raiders,1.0,5.0,True,True
Eathyn Manumaleuna,DT,74,296,5.16,28.0,29.0,101.0,7.78,4.61,2014,ManuEa00,0.0,,,,False,True
Cassius Marsh,DE,76,252,4.89,32.0,14.0,108.0,7.08,4.25,2014,MarsCa00,4.0,Seattle Seahawks,4.0,108.0,True,True
Kareem Martin,DE,78,272,4.72,35.5,22.0,129.0,7.2,4.33,2014,MartKa00,5.0,Arizona Cardinals,3.0,84.0,True,True
Josh Mauro,DE,78,271,5.21,32.0,21.0,116.0,7.43,4.51,2014,MaurJo00,12.0,,,,False,True
Daniel McCullers,DT,79,352,5.18,20.5,27.0,97.0,,,2014,McCuDa00,3.0,Pittsburgh Steelers,6.0,215.0,True,True
Dexter McDougle,CB,70,196,4.47,,,,,,2014,McDoDe00,1.0,New York Jets,3.0,80.0,True,True
Keith McGill,CB,75,211,4.51,39.0,,129.0,7.29,4.18,2014,McGiKe00,3.0,Oakland Raiders,4.0,116.0,True,True
Tevin Mims,DE,76,260,4.95,27.5,17.0,109.0,,,2014,MimsTe00,0.0,,,,False,True
Terrance Mitchell,CB,71,192,4.63,34.0,,117.0,6.57,4.0,2014,MitcTe00,1.0,Dallas Cowboys,7.0,254.0,True,True
Zach Moore,DE,77,269,4.84,33.5,23.0,123.0,7.41,4.46,2014,MoorZa00,1.0,New England Patriots,6.0,198.0,True,True
James Morris,ILB,73,241,4.8,34.5,18.0,117.0,6.94,4.36,2014,MorrJa01,0.0,,,,False,True
C.J. Mosley-02,ILB,74,234,4.65,35.0,,118.0,7.3,4.4,2014,MoslC.00,35.0,Baltimore Ravens,1.0,17.0,True,True
Trent Murphy,DE,77,250,4.86,35.5,19.0,118.0,6.78,4.2,2014,MurpTr00,13.0,Washington Redskins,2.0,47.0,True,True
Jonathan Newsome,OLB,75,247,4.73,34.0,21.0,117.0,7.31,4.63,2014,NewsJo00,4.0,Indianapolis Colts,5.0,166.0,True,True
Kyle Van Noy,OLB,75,243,4.71,32.5,21.0,112.0,7.22,4.2,2014,VanNKy00,7.0,Detroit Lions,2.0,40.0,True,True
Jeoffrey Pagan,DE,75,310,4.92,,,,,,2014,PagaJe00,1.0,Houston Texans,6.0,177.0,True,True
Tenny Palepoi,DT,73,298,5.1,30.5,31.0,111.0,7.67,4.53,2014,PaleTe00,4.0,,,,False,True
Kevin Pierre-Louis,OLB,72,232,4.51,39.0,28.0,128.0,6.92,4.02,2014,PierKe00,3.0,Seattle Seahawks,4.0,132.0,True,True
Ronald Powell,OLB,75,237,4.65,35.5,21.0,114.0,,,2014,PoweRo01,1.0,New Orleans Saints,5.0,169.0,True,True
Jabari Price,CB,71,200,4.45,,16.0,,7.04,4.3,2014,PricJa00,1.0,Minnesota Vikings,7.0,225.0,True,True
Calvin Pryor,FS,71,207,4.58,34.5,18.0,116.0,,,2014,PryoCa00,15.0,New York Jets,1.0,18.0,True,True
Loucheiz Purifoy,CB,71,190,4.61,35.5,6.0,120.0,,,2014,PuriLo00,0.0,,,,False,True
Kelcy Quarles,DT,76,297,5.03,23.5,27.0,102.0,,,2014,QuarKe01,0.0,,,,False,True
Kaleb Ramsey,DT,75,293,,,36.0,,,,2014,RamsKa00,0.0,San Francisco 49ers,7.0,243.0,True,True
Keith Reaser,CB,71,189,4.43,,22.0,,,,2014,ReasKe00,2.0,San Francisco 49ers,5.0,170.0,True,True
Caraun Reid,DT,74,302,4.91,26.5,20.0,106.0,7.59,4.58,2014,ReidCa00,7.0,Detroit Lions,5.0,158.0,True,True
Trevor Reilly,OLB,77,245,4.67,,26.0,,,,2014,ReilTr00,2.0,New York Jets,7.0,233.0,True,True
Rashaad Reynolds,CB,70,189,4.51,37.5,20.0,123.0,6.72,4.0,2014,ReynRa00,0.0,,,,False,True
Ed Reynolds,FS,73,207,4.57,32.5,15.0,117.0,,,2014,ReynEd00,3.0,Philadelphia Eagles,5.0,162.0,True,True
Marcus Roberson,CB,72,191,4.61,37.5,8.0,120.0,6.84,4.08,2014,RobeMa00,3.0,,,,False,True
Bradley Roby,CB,71,194,4.39,38.5,17.0,124.0,,4.04,2014,RobyBr00,8.0,Denver Broncos,1.0,31.0,True,True
Michael Sam,DE,74,261,4.91,25.5,17.0,114.0,7.8,4.7,2014,SamxMi00,0.0,St. Louis Rams,7.0,249.0,True,True
Ryan Shazier,OLB,73,237,4.58,42.0,25.0,130.0,6.91,4.21,2014,ShazRy00,19.0,Pittsburgh Steelers,1.0,15.0,True,True
Prince Shembo,OLB,73,253,4.71,38.5,26.0,122.0,7.29,4.31,2014,ShemPr00,2.0,Atlanta Falcons,4.0,139.0,True,True
Shayne Skov,ILB,74,245,5.09,,,,,,2014,SkovSh00,1.0,,,,False,True
Yawin Smallwood,ILB,74,246,,36.5,18.0,108.0,,,2014,SmalYa00,0.0,Atlanta Falcons,7.0,253.0,True,True
Chris Smith,OLB,73,266,4.66,37.0,28.0,121.0,7.55,4.46,2014,SmitCh03,3.0,Jacksonville Jaguars,5.0,159.0,True,True
Marcus Smith-02,DE,75,251,4.66,35.0,23.0,121.0,7.48,4.47,2014,SmitMa03,2.0,Philadelphia Eagles,1.0,26.0,True,True
Telvin Smith,OLB,75,218,4.52,31.5,,119.0,,,2014,SmitTe01,22.0,Jacksonville Jaguars,5.0,144.0,True,True
Daniel Sorensen,SS,73,205,4.67,32.0,13.0,114.0,6.47,3.95,2014,SoreDa00,0.0,,,,False,True
Dezmen Southward,SS,72,211,4.38,,,,,,2014,SoutDe00,1.0,Atlanta Falcons,3.0,68.0,True,True
Tyler Starr,OLB,76,250,4.95,32.0,24.0,116.0,6.64,4.15,2014,StarTy00,0.0,Atlanta Falcons,7.0,255.0,True,True
Shamar Stephen,DT,77,309,5.25,30.5,25.0,103.0,,,2014,StepSh00,12.0,Minnesota Vikings,7.0,220.0,True,True
Ed Stinson,DE,75,287,4.98,,,,,,2014,StinEd00,5.0,Arizona Cardinals,5.0,160.0,True,True
Vinnie Sunseri,SS,71,210,,,18.0,,,,2014,SunsVi00,0.0,New Orleans Saints,5.0,167.0,True,True
Will Sutton,DT,72,303,5.36,28.5,24.0,99.0,7.93,4.82,2014,SuttWi00,9.0,Chicago Bears,3.0,82.0,True,True
Jemea Thomas,CB,69,192,4.52,37.0,19.0,125.0,,,2014,ThomJe03,0.0,New England Patriots,6.0,206.0,True,True
Robert Thomas-02,DT,73,327,5.26,,32.0,,,,2014,ThomRo04,1.0,,,,False,True
Khyri Thornton,DT,75,304,5.03,29.0,28.0,112.0,7.83,4.76,2014,ThorKh00,3.0,Green Bay Packers,3.0,85.0,True,True
Jordan Tripp,OLB,75,234,4.67,37.5,22.0,120.0,6.89,3.96,2014,TripJo00,3.0,Miami Dolphins,5.0,171.0,True,True
Stephon Tuitt,DT,77,304,4.92,,31.0,,,,2014,TuitSt00,18.0,Pittsburgh Steelers,2.0,46.0,True,True
George Uko,DT,75,284,4.99,29.5,18.0,110.0,,,2014,UkoxGe00,0.0,,,,False,True
Uani' Unga,ILB,73,231,4.82,,,,,,2014,,0.0,,,,False,False
Brent Urban,DE,79,295,4.98,,,,,,2014,UrbaBr00,3.0,Baltimore Ravens,4.0,134.0,True,True
Brock Vereen,SS,72,199,4.47,34.0,25.0,117.0,6.9,4.07,2014,VereBr00,2.0,Chicago Bears,4.0,131.0,True,True
Jason Verrett,CB,69,189,4.38,39.0,,128.0,6.69,4.0,2014,VerrJa00,12.0,San Diego Chargers,1.0,25.0,True,True
Jimmie Ward,SS,71,193,4.59,,9.0,,,,2014,WardJi01,7.0,San Francisco 49ers,1.0,30.0,True,True
Todd Washington,CB,71,196,4.57,,13.0,,,,2014,,0.0,,,,False,False
Jaylen Watkins,CB,71,194,4.41,,22.0,,,,2014,WatkJa01,2.0,Philadelphia Eagles,4.0,101.0,True,True
Ethan Westbrooks,DE,75,267,4.9,29.0,19.0,110.0,7.3,4.67,2014,WestEt00,6.0,,,,False,True
Lavelle Westbrooks,CB,71,186,4.63,36.0,15.0,121.0,6.98,4.27,2014,WestLa00,0.0,Cincinnati Bengals,7.0,252.0,True,True
Chris Whaley,DT,75,269,5.02,,,,,,2014,WhalCh01,0.0,,,,False,True
Avery Williamson,ILB,73,246,4.66,30.5,25.0,120.0,7.11,4.07,2014,WillAv00,20.0,Tennessee Titans,5.0,151.0,True,True
Kerry Wynn,DE,77,266,4.97,34.0,31.0,113.0,,,2014,WynnKe00,7.0,,,,False,True
Jordan Zumwalt,OLB,76,235,4.76,33.0,,116.0,6.99,4.25,2014,ZumwJo00,0.0,Pittsburgh Steelers,6.0,192.0,True,True
Kwon Alexander,OLB,73,227,4.55,36.0,24.0,121.0,7.14,4.2,2015,AlexKw00,22.0,Tampa Bay Buccaneers,4.0,124.0,True,True
Adrian Amos,FS,72,218,4.56,35.5,,122.0,7.09,4.03,2015,AmosAd00,15.0,Chicago Bears,5.0,142.0,True,True
Henry Anderson,DE,78,294,4.97,30.0,,111.0,7.2,4.19,2015,AndeHe00,10.0,Indianapolis Colts,3.0,93.0,True,True
Stephone Anthony,ILB,75,243,4.56,37.0,23.0,122.0,7.07,4.03,2015,AnthSt00,9.0,New Orleans Saints,1.0,31.0,True,True
Arik Armstead,DE,79,292,5.06,34.0,24.0,117.0,7.57,4.53,2015,ArmsAr01,5.0,San Francisco 49ers,1.0,17.0,True,True
Neiron Ball,OLB,74,236,4.65,,22.0,,,,2015,BallNe00,1.0,Oakland Raiders,5.0,161.0,True,True
Tavaris Barnes,DE,76,282,4.8,,22.0,,,,2015,BarnTa00,1.0,,,,False,True
Vic Beasley,OLB,75,246,4.53,41.0,35.0,130.0,6.91,4.15,2015,BeasVi00,23.0,Atlanta Falcons,1.0,8.0,True,True
Mike Bennett,DT,74,293,5.04,,,,,,2015,BennMi01,1.0,Jacksonville Jaguars,6.0,180.0,True,True
Angelo Blackson,DT,76,318,5.02,31.0,20.0,101.0,7.5,4.57,2015,BlacAn00,4.0,Tennessee Titans,4.0,100.0,True,True
Detrick Bonner,FS,72,207,4.56,,15.0,,,,2015,BonnDe00,0.0,,,,False,True
Malcom Brown,DT,74,319,5.05,29.5,26.0,98.0,7.84,4.59,2015,BrowMa01,22.0,New England Patriots,1.0,32.0,True,True
Ibraheim Campbell,SS,71,208,4.52,,23.0,,,,2015,CampIb00,5.0,Cleveland Browns,4.0,115.0,True,True
Alex Carter,CB,72,196,4.51,40.0,17.0,121.0,7.05,4.07,2015,CartAl01,0.0,Detroit Lions,3.0,80.0,True,True
Donald Celiscar,CB,71,194,4.62,,,120.0,,,2015,CeliDo00,0.0,,,,False,True
Anthony Chickillo,DE,75,267,4.79,34.5,27.0,114.0,7.17,4.25,2015,ChicAn00,7.0,Pittsburgh Steelers,6.0,212.0,True,True
Frank Clark,DE,75,271,4.79,38.5,19.0,118.0,7.08,4.05,2015,ClarFr01,13.0,Seattle Seahawks,2.0,63.0,True,True
Justin Coleman-02,CB,71,185,4.53,37.5,20.0,124.0,6.61,3.98,2015,ColeJu01,6.0,,,,False,True
Landon Collins,SS,72,228,4.53,35.0,,120.0,7.38,4.33,2015,CollLa00,26.0,New York Giants,2.0,33.0,True,True
Jalen Collins,CB,73,203,4.48,36.0,,124.0,6.77,4.27,2015,CollJa02,3.0,Atlanta Falcons,2.0,42.0,True,True
Xavier Cooper,DT,75,293,4.86,29.0,29.0,110.0,7.23,4.37,2015,CoopXa00,4.0,Cleveland Browns,3.0,96.0,True,True
Christian Covington,DT,74,289,4.9,,,,,,2015,CoviCh00,7.0,Houston Texans,6.0,216.0,True,True
Justin Cox,CB,73,191,4.36,38.0,15.0,129.0,7.05,4.07,2015,CoxxJu00,0.0,,,,False,True
Corey Crawford,DE,77,299,5.01,33.0,,110.0,7.64,4.65,2015,CrawCo00,0.0,,,,False,True
Yannick Cudjoe-Virgil,OLB,74,248,4.8,,25.0,,,,2015,,0.0,,,,False,False
Ronald Darby,CB,71,193,4.38,41.5,12.0,129.0,6.94,4.14,2015,DarbRo00,14.0,Buffalo Bills,2.0,50.0,True,True
Carl Davis,DT,77,320,5.07,33.0,,103.0,7.91,4.47,2015,DaviCa01,7.0,Baltimore Ravens,3.0,90.0,True,True
Aaron Davis,OLB,72,225,4.95,29.0,16.0,107.0,7.38,4.37,2015,DaviAa00,0.0,,,,False,True
Tyeler Davison,DT,74,316,5.18,33.0,32.0,105.0,7.53,4.46,2015,DaviTy01,14.0,New Orleans Saints,5.0,154.0,True,True
Paul Dawson,ILB,72,235,4.93,28.0,21.0,109.0,,4.49,2015,DawsPa00,1.0,Cincinnati Bengals,3.0,99.0,True,True
Ryan Delaire,DE,76,254,4.97,,23.0,,,,2015,DelaRy00,2.0,,,,False,True
Trey DePriest,ILB,72,254,4.93,,,,,,2015,DePrTr00,0.0,,,,False,True
Xzavier Dickson,OLB,75,260,4.74,29.5,19.0,100.0,7.56,4.53,2015,DickXz00,0.0,New England Patriots,7.0,253.0,True,True
Quandre Diggs,CB,69,196,4.56,35.5,17.0,113.0,7.22,4.15,2015,DiggQu00,7.0,Detroit Lions,6.0,200.0,True,True
Lorenzo Doss,CB,70,182,4.5,33.5,9.0,115.0,7.2,4.26,2015,DossLo00,0.0,Denver Broncos,5.0,164.0,True,True
Kurtis Drummond,FS,73,208,4.65,39.5,,119.0,7.09,4.33,2015,DrumKu01,2.0,,,,False,True
B.J. Dubose,DE,76,284,5.06,,26.0,,,,2015,DuboB.00,0.0,Minnesota Vikings,6.0,193.0,True,True
Alvin Dupree,DE,76,269,4.56,42.0,,138.0,,,2015,DuprAl00,12.0,Pittsburgh Steelers,1.0,22.0,True,True
Ifo Ekpre-Olomu,CB,69,192,4.52,,,,,,2015,EkprIf00,0.0,Cleveland Browns,7.0,241.0,True,True
Kyle Emanuel,OLB,75,255,4.77,34.0,27.0,120.0,7.1,4.25,2015,EmanKy00,13.0,San Diego Chargers,5.0,153.0,True,True
Durell Eskridge,FS,75,208,4.56,31.0,,117.0,7.09,4.26,2015,EskrDu00,0.0,,,,False,True
Trey Flowers,DE,74,266,4.93,36.5,28.0,121.0,7.34,4.4,2015,FlowTr00,16.0,New England Patriots,4.0,101.0,True,True
Dante Fowler,OLB,75,261,4.6,32.5,19.0,112.0,7.4,4.32,2015,,0.0,,,,False,False
Alani Fua,OLB,77,238,4.73,34.5,18.0,118.0,6.83,4.15,2015,FuaxAl00,2.0,,,,False,True
Charles Gaines,CB,70,180,4.44,34.5,,123.0,7.07,4.2,2015,GainCh00,1.0,Cleveland Browns,6.0,189.0,True,True
Clayton Geathers,SS,74,218,4.55,37.0,22.0,120.0,7.21,4.27,2015,GeatCl00,5.0,Indianapolis Colts,4.0,109.0,True,True
Jacoby Glenn,CB,72,179,4.64,34.0,,123.0,6.97,4.26,2015,GlenJa01,1.0,,,,False,True
Markus Golden,OLB,74,260,4.9,,,,,,2015,GoldMa00,10.0,Arizona Cardinals,2.0,58.0,True,True
Eddie Goldman,DT,76,336,5.28,,,,,,2015,GoldEd00,16.0,Chicago Bears,2.0,39.0,True,True
Senquez Golson,CB,69,176,4.46,33.5,15.0,120.0,6.81,4.2,2015,GolsSe00,0.0,Pittsburgh Steelers,2.0,56.0,True,True
Doran Grant,CB,70,200,4.44,33.0,21.0,116.0,,4.33,2015,GranDo00,0.0,Pittsburgh Steelers,4.0,121.0,True,True
Randy Gregory,DE,77,235,4.64,36.5,24.0,125.0,,,2015,GregRa00,2.0,Dallas Cowboys,2.0,60.0,True,True
Geneo Grissom,OLB,75,262,4.81,37.0,20.0,117.0,7.24,4.38,2015,GrisGe00,3.0,New England Patriots,3.0,97.0,True,True
Ladarius Gunter,FS,73,202,4.62,33.5,12.0,108.0,7.18,4.41,2015,GuntLa00,4.0,,,,False,True
Obum Gwacham,DE,77,246,4.72,36.0,22.0,121.0,7.28,4.28,2015,GwacOb00,1.0,Seattle Seahawks,6.0,209.0,True,True
Chris Hackett,FS,72,195,4.81,32.0,,110.0,7.12,4.2,2015,HackCh00,0.0,,,,False,True
Bryce Hager,ILB,73,234,4.6,35.0,26.0,117.0,7.15,4.36,2015,HageBr00,4.0,St. Louis Rams,7.0,224.0,True,True
Marcus Hardison,DT,75,307,4.91,,27.0,,,,2015,HardMa00,0.0,Cincinnati Bengals,4.0,135.0,True,True
Eli Harold,OLB,75,247,4.6,35.0,,123.0,7.07,4.16,2015,HaroEl00,12.0,San Francisco 49ers,3.0,79.0,True,True
Anthony Harris,FS,73,183,4.56,,,,,,2015,HarrAn00,0.0,,,,False,True
Ben Heeney,ILB,72,231,4.59,33.5,19.0,120.0,6.68,4.0,2015,HeenBe00,3.0,Oakland Raiders,5.0,140.0,True,True
Amarlo Herrera,ILB,73,244,4.83,32.0,23.0,111.0,7.35,4.27,2015,HerrAm00,0.0,Indianapolis Colts,6.0,207.0,True,True
Jordan Hicks,OLB,73,236,4.68,38.0,20.0,124.0,6.78,4.15,2015,HickJo00,16.0,Philadelphia Eagles,3.0,84.0,True,True
Troy Hill,CB,70,180,4.55,32.5,,120.0,6.81,4.21,2015,HillTr01,4.0,,,,False,True
Zack Hodges,OLB,74,250,4.68,33.5,,125.0,,4.65,2015,,0.0,,,,False,False
Gerod Holliman,FS,72,218,4.62,,17.0,,,,2015,HollGe00,0.0,Pittsburgh Steelers,7.0,239.0,True,True
Mike Hull,OLB,72,237,4.68,,31.0,,6.99,4.15,2015,HullMi01,0.0,,,,False,True
Danielle Hunter,DE,77,252,4.57,,25.0,,,,2015,HuntDa01,16.0,Minnesota Vikings,3.0,88.0,True,True
Martin Ifedi,DE,75,275,4.88,31.0,16.0,111.0,7.39,4.58,2015,IfedMa00,0.0,St. Louis Rams,7.0,227.0,True,True
Kyshoen Jarrett,SS,70,200,4.57,33.0,21.0,109.0,6.95,4.4,2015,JarrKy00,2.0,Washington Redskins,6.0,181.0,True,True
Grady Jarrett,DT,73,304,5.06,31.0,30.0,112.0,7.37,4.56,2015,JarrGr00,16.0,Atlanta Falcons,5.0,137.0,True,True
Anthony Jefferson,SS,73,198,4.72,33.5,15.0,116.0,7.18,4.15,2015,JeffAn00,0.0,,,,False,True
Kevin Johnson,CB,72,188,4.52,41.5,,130.0,6.79,3.89,2015,JohnKe04,9.0,Houston Texans,1.0,16.0,True,True
Taiwan Jones-02,ILB,75,245,4.95,32.0,19.0,115.0,7.25,4.33,2015,JoneTa01,0.0,,,,False,True
Byron Jones,CB,73,199,4.43,44.5,,147.0,6.78,3.94,2015,JoneBy00,16.0,Dallas Cowboys,1.0,27.0,True,True
"Mario Edwards, Jr.",DE,75,279,4.76,32.5,32.0,120.0,7.44,4.55,2015,EdwaMa01,11.0,Oakland Raiders,2.0,35.0,True,True
Eric Kendricks,ILB,72,232,4.61,38.0,19.0,124.0,,,2015,KendEr00,24.0,Minnesota Vikings,2.0,45.0,True,True
Hau'oli Kikaha,OLB,74,253,4.93,,,,,,2015,KikaHa00,5.0,New Orleans Saints,2.0,44.0,True,True
Derrick Lott,DT,76,314,4.99,26.5,30.0,106.0,7.3,4.44,2015,,0.0,,,,False,False
Craig Mager,CB,71,201,4.44,38.0,17.0,130.0,6.83,4.07,2015,MageCr00,4.0,San Diego Chargers,3.0,83.0,True,True
Dean Marlowe,FS,73,203,4.58,33.5,16.0,114.0,7.0,4.18,2015,MarlDe00,0.0,,,,False,True
Nick Marshall,CB,73,207,4.54,37.5,12.0,124.0,6.96,4.15,2015,MarsNi00,2.0,,,,False,True
Lorenzo Mauldin,OLB,76,259,4.85,32.0,23.0,112.0,7.47,4.58,2015,MaulLo00,4.0,New York Jets,3.0,82.0,True,True
Joey Mbu,DT,75,313,5.54,22.5,,97.0,8.2,5.01,2015,MbuxJo01,0.0,,,,False,True
Bobby McCain,CB,69,195,4.51,36.0,17.0,130.0,6.8,3.82,2015,McCaBo01,9.0,Miami Dolphins,5.0,145.0,True,True
Ellis McCarthy,DT,77,338,5.21,32.0,24.0,109.0,8.16,5.07,2015,McCaEl00,0.0,,,,False,True
Tevin McDonald,FS,71,195,4.63,33.0,19.0,112.0,7.01,4.26,2015,McDoTe00,0.0,,,,False,True
Benardrick McKinney,ILB,76,246,4.66,40.5,16.0,121.0,7.21,4.27,2015,McKiBe00,26.0,Houston Texans,2.0,43.0,True,True
Steven Nelson,CB,70,197,4.49,34.5,19.0,115.0,6.88,4.07,2015,NelsSt01,8.0,Kansas City Chiefs,3.0,98.0,True,True
Rakeem Nunez-Roches,DT,74,307,5.02,34.0,26.0,114.0,7.67,4.69,2015,NuneRa00,9.0,Kansas City Chiefs,6.0,217.0,True,True
Mark Nzeocha,OLB,74,232,4.56,,24.0,,,,2015,NzeoMa00,1.0,Dallas Cowboys,7.0,236.0,True,True
Owamagbe Odighizuwa,DE,75,267,4.62,39.0,25.0,127.0,7.36,4.19,2015,OdigOw00,1.0,New York Giants,3.0,74.0,True,True
Nate Orchard,DE,75,250,4.8,31.5,,115.0,7.28,4.43,2015,OrchNa00,9.0,Cleveland Browns,2.0,51.0,True,True
Leon Orr,DT,77,323,5.16,28.0,,100.0,8.26,4.9,2015,OrrxLe00,0.0,,,,False,True
David Parry,DT,73,308,5.38,29.0,34.0,103.0,,,2015,ParrDa00,13.0,Indianapolis Colts,5.0,151.0,True,True
Denzel Perryman,ILB,71,236,4.78,32.0,27.0,113.0,,,2015,PerrDe00,13.0,San Diego Chargers,2.0,48.0,True,True
Marcus Peters,CB,72,197,4.53,37.5,17.0,121.0,7.08,4.08,2015,PeteMa00,29.0,Kansas City Chiefs,1.0,18.0,True,True
Garry Peters,CB,72,191,4.61,32.5,7.0,119.0,6.8,4.0,2015,PeteGa00,0.0,,,,False,True
Jordan Phillips,DT,77,329,5.17,30.0,28.0,105.0,7.88,4.68,2015,PhilJo01,13.0,Miami Dolphins,2.0,52.0,True,True
Darius Philon,DT,73,298,5.0,31.0,26.0,107.0,8.0,,2015,PhilDa01,7.0,San Diego Chargers,6.0,192.0,True,True
Cody Prewitt,FS,74,208,4.6,35.0,11.0,125.0,7.12,4.23,2015,PrewCo00,0.0,,,,False,True
Hayes Pullard,ILB,72,240,4.78,31.0,19.0,110.0,7.07,4.39,2015,PullHa00,8.0,Cleveland Browns,7.0,219.0,True,True
Damarious Randall,FS,71,196,4.46,38.0,14.0,120.0,6.83,4.07,2015,RandDa00,13.0,Green Bay Packers,1.0,30.0,True,True
Shane Ray,DE,75,245,4.68,,21.0,,,,2015,RayxSh00,11.0,Denver Broncos,1.0,23.0,True,True
Cedric Reed,DE,77,269,4.89,,22.0,,,,2015,ReedCe00,0.0,,,,False,True
Jordan Richards,SS,71,211,4.65,32.0,13.0,111.0,6.74,4.22,2015,RichJo00,6.0,New England Patriots,2.0,64.0,True,True
Bobby Richardson,DT,75,283,5.16,32.5,,106.0,7.57,4.41,2015,RichBo00,4.0,,,,False,True
Edmond Robinson,OLB,75,245,4.61,37.0,20.0,121.0,7.49,4.38,2015,RobiEd00,2.0,Minnesota Vikings,7.0,232.0,True,True
Quinten Rollins,CB,71,195,4.57,36.5,14.0,122.0,7.1,4.28,2015,RollQu00,7.0,Green Bay Packers,2.0,62.0,True,True
Eric Rowe,CB,73,205,4.45,39.0,19.0,125.0,6.7,3.97,2015,RoweEr00,6.0,Philadelphia Eagles,2.0,47.0,True,True
Ryan Russell,DE,76,269,4.75,32.5,25.0,119.0,7.25,4.47,2015,RussRy00,4.0,Dallas Cowboys,5.0,163.0,True,True
Jake Ryan,OLB,74,240,4.65,34.5,20.0,120.0,7.11,4.2,2015,RyanJa00,15.0,Green Bay Packers,4.0,129.0,True,True
James Sample,SS,74,209,4.56,32.5,,123.0,7.04,,2015,SampJa00,1.0,Jacksonville Jaguars,4.0,104.0,True,True
Josh Shaw-02,CB,72,201,4.44,37.5,26.0,130.0,7.01,4.12,2015,ShawJo00,7.0,Cincinnati Bengals,4.0,120.0,True,True
Danny Shelton,DT,74,339,5.64,30.5,34.0,95.0,7.99,4.65,2015,ShelDa01,17.0,Cleveland Browns,1.0,12.0,True,True
JaCorey Shepherd,CB,71,199,4.62,,14.0,,,,2015,ShepJa00,1.0,Philadelphia Eagles,6.0,191.0,True,True
Deon Simon,DT,76,321,5.12,29.5,35.0,105.0,7.92,4.76,2015,SimoDe00,2.0,New York Jets,7.0,223.0,True,True
D'Joun Smith,CB,70,187,4.37,36.0,18.0,124.0,6.96,4.26,2015,SmitDJ00,0.0,Indianapolis Colts,3.0,65.0,True,True
Derron Smith,FS,70,200,4.61,,,,,,2015,SmitDe05,3.0,Cincinnati Bengals,6.0,197.0,True,True
Preston Smith,DE,77,271,4.74,34.0,24.0,121.0,7.07,4.28,2015,SmitPr00,18.0,Washington Redskins,2.0,38.0,True,True
Tye Smith,CB,72,195,4.6,36.5,15.0,124.0,6.97,3.96,2015,SmitTy01,1.0,Seattle Seahawks,5.0,170.0,True,True
Za'Darius Smith,DE,76,274,4.83,29.0,23.0,113.0,7.42,4.66,2015,SmitZa00,8.0,Baltimore Ravens,4.0,122.0,True,True
Martrell Spaight,ILB,72,236,4.81,35.0,25.0,120.0,7.66,,2015,SpaiMa00,6.0,Washington Redskins,5.0,141.0,True,True
J.T. Surratt,DT,73,304,5.19,30.0,29.0,106.0,7.78,4.71,2015,SurrJ.00,0.0,,,,False,True
Damian Swann,CB,72,189,4.5,33.0,,118.0,,,2015,SwanDa02,1.0,New Orleans Saints,5.0,167.0,True,True
Jaquiski Tartt,SS,73,221,4.53,,,124.0,,,2015,TartJa00,9.0,San Francisco 49ers,2.0,46.0,True,True
J.R. Tavai,OLB,74,249,4.91,30.5,20.0,112.0,,,2015,TavaJ.00,0.0,,,,False,True
Shaq Thompson,OLB,72,228,4.64,33.5,,117.0,6.99,4.08,2015,ThomSh01,17.0,Carolina Panthers,1.0,25.0,True,True
Lynden Trail,DE,79,269,4.91,32.5,24.0,117.0,7.32,4.48,2015,,0.0,,,,False,False
Louis Trinca-Pasat,DT,73,290,4.96,32.0,,105.0,7.4,4.3,2015,TrinLo01,0.0,,,,False,True
Davis Tull,OLB,74,246,4.57,42.5,26.0,132.0,,,2015,TullDa00,0.0,New Orleans Saints,5.0,148.0,True,True
Max Valles,OLB,77,251,4.83,36.5,,121.0,7.59,4.37,2015,VallMa00,0.0,Oakland Raiders,6.0,179.0,True,True
Zack Wagenmann,DE,75,247,4.81,37.5,14.0,109.0,7.07,4.26,2015,,0.0,,,,False,False
Leterrius Walton,DT,77,319,5.25,27.0,25.0,103.0,7.91,4.78,2015,WaltLe00,3.0,Pittsburgh Steelers,6.0,199.0,True,True
Tony Washington-02,OLB,76,247,4.99,32.5,17.0,110.0,7.2,4.31,2015,WashTo01,0.0,,,,False,True
Trae Waynes,CB,72,186,4.31,38.0,19.0,122.0,7.06,4.39,2015,WaynTr00,10.0,Minnesota Vikings,1.0,11.0,True,True
Kevin White-01,CB,69,183,4.63,35.5,18.0,121.0,,,2015,WhitKe01,0.0,,,,False,True
Jermaine Whitehead,FS,71,197,4.59,37.0,15.0,128.0,6.95,4.11,2015,WhitJe02,1.0,,,,False,True
Leonard Williams,DT,77,302,4.97,29.5,,106.0,7.59,4.53,2015,WillLe02,27.0,New York Jets,1.0,6.0,True,True
P.J. Williams,CB,72,194,4.57,40.0,12.0,132.0,7.08,4.28,2015,WillP.00,4.0,New Orleans Saints,3.0,78.0,True,True
Damien Wilson,ILB,72,245,4.77,37.0,22.0,119.0,7.21,4.2,2015,WilsDa02,8.0,Dallas Cowboys,4.0,127.0,True,True
Julian Wilson,CB,74,205,4.58,36.0,,125.0,6.94,4.22,2015,WilsJu00,0.0,,,,False,True
Ramik Wilson,ILB,74,237,4.77,35.0,23.0,111.0,,4.51,2015,WilsRa00,12.0,Kansas City Chiefs,4.0,118.0,True,True
Gabe Wright,DT,75,300,5.07,26.5,34.0,100.0,7.73,4.56,2015,WrigGa00,1.0,Detroit Lions,4.0,113.0,True,True
Mehdi Abdesmad,DE,78,284,5.1,29.5,25.0,108.0,7.55,4.62,2016,,0.0,,,,False,False
Mackensie Alexander,CB,70,190,4.43,,11.0,,,,2016,AlexMa01,2.0,Minnesota Vikings,2.0,54.0,True,True
Dominique Alexander,ILB,72,232,4.64,28.5,17.0,104.0,,,2016,AlexDo00,0.0,,,,False,True
Eli Apple,CB,73,199,4.4,,13.0,,,,2016,ApplEl00,7.0,New York Giants,1.0,10.0,True,True
Sterling Bailey,DE,76,285,5.23,30.0,20.0,111.0,7.46,4.73,2016,,0.0,,,,False,False
Jimmy Bean,DE,77,264,4.87,,20.0,,,,2016,BeanJi01,0.0,,,,False,True
Vonn Bell,FS,71,199,4.52,,16.0,,,,2016,BellVo00,8.0,New Orleans Saints,2.0,61.0,True,True
Andrew Billings,DT,73,311,5.05,27.5,31.0,113.0,8.05,4.82,2016,BillAn00,3.0,Cincinnati Bengals,4.0,122.0,True,True
Ronald Blair,DE,74,284,5.15,30.0,32.0,113.0,7.95,4.53,2016,BlaiRo00,2.0,San Francisco 49ers,5.0,142.0,True,True
Briean Boddy-Calhoun,CB,69,193,4.47,35.0,10.0,123.0,7.16,4.22,2016,BoddBr00,0.0,,,,False,True
Devante Bond,OLB,73,235,4.7,37.5,21.0,121.0,7.07,4.36,2016,BondDe00,1.0,Tampa Bay Buccaneers,6.0,183.0,True,True
Joey Bosa,DE,77,269,4.86,32.0,24.0,120.0,6.89,4.21,2016,BosaJo00,19.0,San Diego Chargers,1.0,3.0,True,True
James Bradberry,CB,73,211,4.5,36.0,16.0,124.0,6.91,4.21,2016,,0.0,,,,False,False
Kentrell Brothers,OLB,72,245,4.89,28.5,19.0,110.0,6.99,4.11,2016,BrotKe00,2.0,Minnesota Vikings,5.0,160.0,True,True
Beniquez Brown,OLB,73,229,4.77,31.0,18.0,110.0,7.07,4.28,2016,BrowBe00,0.0,,,,False,True
Anthony Brown,CB,71,192,4.33,35.0,19.0,115.0,7.03,4.19,2016,BrowAn02,8.0,Dallas Cowboys,6.0,189.0,True,True
Lamarcus Brutus,SS,72,206,4.76,33.0,14.0,114.0,7.08,4.33,2016,BrutLa00,0.0,,,,False,True
Deforest Buckner,DE,79,291,5.05,32.0,,116.0,7.51,4.47,2016,BuckDe00,14.0,San Francisco 49ers,1.0,7.0,True,True
Jonathan Bullard,DE,75,285,4.93,32.0,23.0,116.0,7.31,4.56,2016,BullJo00,5.0,Chicago Bears,3.0,72.0,True,True
Artie Burns,CB,72,193,4.46,31.5,,,,,2016,BurnAr00,11.0,Pittsburgh Steelers,1.0,25.0,True,True
Juston Burris,CB,72,212,4.53,36.5,19.0,122.0,7.1,4.4,2016,BurrJu00,3.0,New York Jets,4.0,118.0,True,True
Deon Bush,FS,72,199,4.64,36.0,17.0,123.0,,,2016,BushDe00,3.0,Chicago Bears,4.0,124.0,True,True
Vernon Butler,DT,76,323,5.33,29.5,26.0,104.0,7.82,4.76,2016,ButlVe00,2.0,Carolina Panthers,1.0,30.0,True,True
Taveze Calhoun,CB,72,192,4.58,33.5,14.0,,,,2016,CalhTa01,0.0,,,,False,True
Shilique Calhoun,DE,76,251,4.82,35.0,23.0,115.0,6.97,4.25,2016,CalhSh00,2.0,Oakland Raiders,3.0,75.0,True,True
De'Vondre Campbell,OLB,76,232,4.58,34.0,16.0,116.0,,,2016,CampDe00,11.0,Atlanta Falcons,4.0,115.0,True,True
Maurice Canady,CB,73,193,4.49,38.0,16.0,124.0,7.03,4.09,2016,CanaMa00,1.0,Baltimore Ravens,6.0,209.0,True,True
Tevin Carter,SS,73,218,4.48,,19.0,,,,2016,CartTe00,0.0,,,,False,True
Jeremy Cash,SS,72,212,4.56,,,,,,2016,CashJe00,0.0,,,,False,True
Kenny Clark-02,DT,75,314,5.06,28.5,29.0,102.0,,4.62,2016,ClarKe01,10.0,Green Bay Packers,1.0,27.0,True,True
Maliek Collins,DT,74,311,5.03,29.5,25.0,109.0,7.53,4.52,2016,CollMa00,14.0,Dallas Cowboys,3.0,67.0,True,True
Kamalei Correa,DE,75,243,4.69,33.0,21.0,108.0,,,2016,CorrKa00,3.0,Baltimore Ravens,2.0,42.0,True,True
James Cowser,DE,75,248,4.82,31.5,21.0,111.0,6.8,4.31,2016,,0.0,,,,False,False
Su'A Cravens,OLB,73,226,4.58,27.0,16.0,114.0,,,2016,CravSu00,2.0,Washington Redskins,2.0,53.0,True,True
Ken Crawley,CB,72,187,4.43,36.5,,119.0,,,2016,CrawKe01,0.0,,,,False,True
Steven Daniels,ILB,71,243,4.86,32.0,16.0,112.0,7.33,4.54,2016,DaniSt00,0.0,Washington Redskins,7.0,232.0,True,True
Sean Davis,CB,73,201,4.46,37.5,21.0,126.0,6.64,3.97,2016,DaviSe00,10.0,Pittsburgh Steelers,2.0,58.0,True,True
Sheldon Day,DT,73,293,5.07,30.0,21.0,102.0,7.44,4.5,2016,DayxSh00,3.0,Jacksonville Jaguars,4.0,103.0,True,True
KJ Dillon,SS,72,210,4.53,,11.0,121.0,,,2016,DillK.00,0.0,Houston Texans,5.0,159.0,True,True
Kevin Dodd,DE,77,277,4.86,,,,,,2016,DoddKe00,2.0,Tennessee Titans,2.0,33.0,True,True
Deandre Elliott,CB,73,188,4.55,41.0,,125.0,6.93,3.94,2016,,0.0,,,,False,False
Kyler Fackrell,OLB,77,245,4.72,34.5,15.0,121.0,,,2016,FackKy00,3.0,Green Bay Packers,3.0,88.0,True,True
Jason Fanaika,DE,74,271,4.92,35.5,23.0,113.0,7.06,4.39,2016,FanaJa01,0.0,,,,False,True
Travis Feeney,OLB,76,230,4.5,40.0,,130.0,7.2,4.42,2016,FeenTr00,0.0,Pittsburgh Steelers,6.0,220.0,True,True
Leonard Floyd,OLB,78,244,4.6,39.5,,127.0,,,2016,FloyLe00,12.0,Chicago Bears,1.0,9.0,True,True
Josh Forrest,ILB,75,249,4.91,30.5,11.0,118.0,,,2016,ForrJo00,2.0,Los Angeles Rams,6.0,190.0,True,True
Kavon Frazier,FS,72,217,4.53,,18.0,,,,2016,FrazKa00,2.0,Dallas Cowboys,6.0,212.0,True,True
Kris Frost,OLB,74,240,4.97,29.0,,113.0,,,2016,FrosKr00,0.0,,,,False,True
Kendall Fuller,CB,71,187,4.48,,15.0,,,,2016,FullKe00,6.0,Washington Redskins,3.0,84.0,True,True
B.J. Goodson,OLB,73,242,4.69,34.5,30.0,118.0,7.05,4.51,2016,GoodB.00,4.0,New York Giants,4.0,109.0,True,True
Adam Gotsis,DT,76,287,4.88,,,,,,2016,GotsAd00,8.0,Denver Broncos,2.0,63.0,True,True
T.J. Green,FS,74,209,4.34,35.5,13.0,129.0,,,2016,GreeT.00,4.0,Indianapolis Colts,2.0,57.0,True,True
Deiondre Hall,CB,74,199,4.68,37.0,,127.0,7.07,4.06,2016,,0.0,,,,False,False
Javon Hargrave,DT,73,309,4.93,34.5,29.0,109.0,7.9,4.7,2016,,0.0,,,,False,False
De'Vante Harris,CB,71,176,4.56,38.5,,124.0,6.82,4.06,2016,,0.0,,,,False,False
Joel Heath,DT,77,293,5.02,33.0,26.0,113.0,7.44,4.52,2016,HeatJo00,7.0,,,,False,True
Willie Henry,DT,75,303,5.0,30.5,28.0,110.0,7.57,4.53,2016,HenrWi00,4.0,Baltimore Ravens,4.0,132.0,True,True
Deandre Houston-Carson,FS,73,201,4.54,32.5,13.0,115.0,7.15,4.28,2016,,0.0,,,,False,False
Xavien Howard,CB,72,201,4.58,33.0,11.0,122.0,7.18,4.15,2016,HowaXa00,8.0,Miami Dolphins,2.0,38.0,True,True
Scooby Wright III,ILB,72,239,4.9,31.0,22.0,113.0,,4.47,2016,WrigSc00,1.0,Cleveland Browns,7.0,250.0,True,True
Cleveland Wallace III,CB,71,188,4.68,35.5,,123.0,,,2016,,0.0,,,,False,False
William Jackson III,CB,72,189,4.37,,10.0,116.0,,,2016,JackWi02,3.0,Cincinnati Bengals,1.0,24.0,True,True
Vernon Hargreaves III,CB,70,204,4.5,39.0,15.0,130.0,,3.98,2016,HargVe00,8.0,Tampa Bay Buccaneers,1.0,11.0,True,True
Matt Ioannidis,DT,75,299,5.03,28.0,32.0,108.0,7.78,4.71,2016,IoanMa01,6.0,Washington Redskins,5.0,152.0,True,True
Myles Jack,OLB,73,245,4.56,,19.0,,,,2016,JackMy00,14.0,Jacksonville Jaguars,2.0,36.0,True,True
Branden Jackson,DE,76,273,5.06,31.5,20.0,113.0,7.4,4.77,2016,JackBr04,1.0,,,,False,True
Quinton Jefferson,DT,76,291,4.95,29.0,24.0,,7.95,4.37,2016,JeffQu00,1.0,Seattle Seahawks,5.0,147.0,True,True
Jordan Jenkins,OLB,75,259,4.8,36.5,16.0,121.0,,,2016,JenkJo01,12.0,New York Jets,3.0,83.0,True,True
Austin Johnson,DT,76,314,5.32,26.0,25.0,96.0,7.84,4.75,2016,JohnAu01,4.0,Tennessee Titans,2.0,43.0,True,True
C.J. Johnson,ILB,73,234,4.81,,,,,4.52,2016,JohnC.00,0.0,,,,False,True
Chris Jones-03,DT,78,310,5.03,24.5,26.0,106.0,7.44,4.62,2016,JoneCh09,11.0,Kansas City Chiefs,2.0,37.0,True,True
Cyrus Jones,CB,70,197,4.49,33.0,10.0,116.0,6.71,4.21,2016,JoneCy00,1.0,New England Patriots,2.0,60.0,True,True
Deion Jones,OLB,73,222,4.59,33.0,,120.0,,,2016,JoneDe01,18.0,Atlanta Falcons,2.0,52.0,True,True
Jonathan Jones,CB,69,186,4.33,36.0,19.0,123.0,7.25,4.25,2016,JoneJo02,0.0,,,,False,True
Karl Joseph,SS,70,205,4.57,,,,,,2016,JoseKa00,9.0,Oakland Raiders,1.0,14.0,True,True
Matt Judon,DE,75,275,4.73,35.0,30.0,109.0,7.67,4.52,2016,,0.0,,,,False,False
Ufomba Kamalu,DE,77,295,5.01,25.0,26.0,106.0,7.32,4.58,2016,,0.0,,,,False,False
Bronson Kaufusi,DE,78,285,4.87,30.0,25.0,111.0,7.03,4.25,2016,KaufBr01,1.0,Baltimore Ravens,3.0,70.0,True,True
Jayron Kearse,SS,76,216,4.62,31.5,16.0,124.0,7.06,,2016,KearJa00,2.0,Minnesota Vikings,7.0,244.0,True,True
Miles Killebrew,SS,74,217,4.65,38.0,22.0,127.0,6.93,4.18,2016,,0.0,,,,False,False
Derrick Kindred,FS,70,207,4.5,37.5,,123.0,7.05,4.29,2016,KindDe00,6.0,Cleveland Browns,4.0,129.0,True,True
Raphael Kirby,ILB,72,236,4.72,,27.0,,,,2016,,0.0,,,,False,False
Nick Kwiatkoski,ILB,74,243,4.73,32.0,19.0,120.0,7.16,4.22,2016,KwiaNi00,8.0,Chicago Bears,4.0,113.0,True,True
Darius Latham,DT,76,311,5.32,29.0,,100.0,7.76,4.63,2016,LathDa01,2.0,,,,False,True
Nile Lawrence-Stample,NT,73,320,5.24,,,,,,2016,LawrNi01,0.0,,,,False,True
Shaq Lawson,DE,75,269,4.7,33.0,,120.0,7.16,4.21,2016,LawsSh00,5.0,Buffalo Bills,1.0,19.0,True,True
Darron Lee,OLB,73,232,4.47,35.5,17.0,133.0,7.12,4.2,2016,LeexDa00,12.0,New York Jets,1.0,20.0,True,True
Cory Littleton,OLB,75,238,4.73,29.5,,114.0,7.11,4.32,2016,LittCo00,0.0,,,,False,True
Jordan Lomax,FS,70,202,4.75,36.0,8.0,120.0,7.18,4.15,2016,LomaJo00,0.0,,,,False,True
Steve Longa,ILB,73,241,4.78,32.0,19.0,116.0,7.5,4.56,2016,LongSt00,0.0,,,,False,True
Dean Lowry,DE,78,296,4.87,32.5,30.0,114.0,7.26,4.38,2016,LowrDe00,7.0,Green Bay Packers,4.0,137.0,True,True
Jordan Lucas,SS,72,201,4.54,,,,,,2016,LucaJo00,1.0,Miami Dolphins,6.0,204.0,True,True
Luther Maddy,DT,72,287,4.96,,29.0,,,,2016,MaddLu00,0.0,,,,False,True
Curt Maggitt,OLB,75,247,4.73,,,,,,2016,MaggCu00,0.0,,,,False,True
Blake Martinez,ILB,74,237,4.71,28.5,22.0,113.0,6.98,4.2,2016,MartBl01,13.0,Green Bay Packers,4.0,131.0,True,True
Tyler Matakevich,OLB,72,238,4.81,31.0,22.0,112.0,7.19,4.5,2016,MataTy00,2.0,Pittsburgh Steelers,7.0,246.0,True,True
Chris Mayes,NT,75,338,5.34,23.5,33.0,104.0,,5.13,2016,,0.0,,,,False,False
Alex McCalister,DE,78,239,4.8,34.5,,128.0,7.01,4.0,2016,McCaAl00,0.0,Philadelphia Eagles,7.0,240.0,True,True
Cassanova McKinzy,ILB,73,248,4.83,,21.0,,,,2016,McKiCa01,0.0,,,,False,True
Harlan Miller,CB,72,182,4.65,35.5,6.0,118.0,7.44,4.43,2016,,0.0,,,,False,False
Jalen Mills,SS,72,191,4.61,37.0,16.0,123.0,6.86,4.0,2016,MillJa02,9.0,Philadelphia Eagles,7.0,233.0,True,True
Antonio Morrison,ILB,73,232,4.76,,,,,,2016,MorrAn01,9.0,Indianapolis Colts,4.0,125.0,True,True
Eric Murray,CB,71,199,4.49,39.5,15.0,124.0,7.08,4.05,2016,MurrEr00,2.0,Kansas City Chiefs,4.0,106.0,True,True
Carl Nassib,DE,79,277,4.84,28.5,21.0,114.0,7.27,4.37,2016,NassCa00,7.0,Cleveland Browns,3.0,65.0,True,True
Keanu Neal,SS,72,211,4.62,38.0,17.0,132.0,7.09,4.38,2016,NealKe01,12.0,Atlanta Falcons,1.0,17.0,True,True
Giorgio Newberry,DE,77,285,4.94,30.0,20.0,114.0,7.53,4.78,2016,NewbGi00,0.0,,,,False,True
Yannick Ngakoue,DE,74,252,4.75,34.5,26.0,118.0,7.35,4.5,2016,NgakYa00,19.0,Jacksonville Jaguars,3.0,69.0,True,True
Dadi Nicolas,DE,75,235,4.74,41.0,14.0,116.0,7.04,4.38,2016,NicoDa00,1.0,Kansas City Chiefs,6.0,203.0,True,True
Robert Nkemdiche,DT,75,294,4.87,35.0,28.0,116.0,,,2016,NkemRo00,2.0,Arizona Cardinals,1.0,29.0,True,True
Jared Norris,ILB,73,241,4.8,29.5,19.0,114.0,,4.52,2016,NorrJa00,0.0,,,,False,True
Shawn Oakman,DE,80,287,4.96,32.0,23.0,123.0,7.53,4.56,2016,OakmSh00,0.0,,,,False,True
Victor Ochi,DE,73,246,4.86,32.0,,119.0,7.24,4.4,2016,,0.0,,,,False,False
Emmanuel Ogbah,DE,76,273,4.63,35.5,20.0,121.0,7.26,4.5,2016,OgbaEm00,11.0,Cleveland Browns,2.0,32.0,True,True
Romeo Okwara,DE,77,265,4.9,33.0,23.0,120.0,7.38,4.53,2016,OkwaRo01,3.0,,,,False,True
Drew Ott,DE,76,273,4.88,,,,,,2016,OttxDr00,0.0,,,,False,True
Montese Overton,OLB,74,223,4.61,34.0,18.0,123.0,7.15,4.47,2016,OverMo00,0.0,,,,False,True
Gionni Paul,ILB,70,231,5.05,31.0,22.0,113.0,,,2016,PaulGi00,0.0,,,,False,True
Joshua Perry,ILB,76,254,4.68,33.5,20.0,124.0,,,2016,PerrJo01,1.0,San Diego Chargers,4.0,102.0,True,True
Kevin Peterson,CB,70,181,4.58,35.5,14.0,121.0,6.94,4.31,2016,PeteKe01,1.0,,,,False,True
D.J. Pettway,DE,74,265,4.99,28.0,17.0,108.0,7.74,4.69,2016,PettD.01,0.0,,,,False,True
Tyvis Powell,SS,75,211,4.46,34.5,15.0,120.0,7.03,4.25,2016,PoweTy01,0.0,,,,False,True
Jimmy Pruitt,CB,72,198,4.73,32.0,19.0,117.0,,,2016,,0.0,,,,False,False
Reggie Ragland,ILB,73,247,4.72,31.5,,116.0,,4.28,2016,RaglRe00,5.0,Buffalo Bills,2.0,41.0,True,True
Jalen Ramsey,CB,73,209,4.41,41.5,14.0,135.0,6.94,4.18,2016,RamsJa00,22.0,Jacksonville Jaguars,1.0,5.0,True,True
Sheldon Rankins,DT,73,299,5.03,34.5,28.0,118.0,7.44,4.59,2016,RankSh00,8.0,New Orleans Saints,1.0,12.0,True,True
D.J. Reader,DT,75,327,5.33,29.5,30.0,99.0,7.9,4.71,2016,ReadD.00,10.0,Houston Texans,5.0,166.0,True,True
Will Redmond,CB,71,182,4.45,,,,,,2016,RedmWi00,0.0,San Francisco 49ers,3.0,68.0,True,True
Jarran Reed,DT,75,307,5.21,31.0,,104.0,7.77,4.75,2016,ReedJa02,10.0,Seattle Seahawks,2.0,49.0,True,True
Hassan Ridgeway,DT,75,303,5.02,32.0,24.0,113.0,8.28,4.82,2016,RidgHa00,4.0,Indianapolis Colts,4.0,116.0,True,True
Rashard Robinson,CB,73,171,4.49,35.5,,121.0,,,2016,,0.0,,,,False,False
A'Shawn Robinson,DT,76,307,5.2,26.0,22.0,106.0,7.8,4.74,2016,RobiAS00,11.0,Detroit Lions,2.0,46.0,True,True
Keivarae Russell,CB,71,192,4.49,,17.0,,,,2016,RussKe00,1.0,Kansas City Chiefs,3.0,74.0,True,True
Zack Sanchez,CB,71,185,4.5,35.5,19.0,116.0,,,2016,SancZa00,1.0,Carolina Panthers,5.0,141.0,True,True
Joe Schobert,OLB,73,244,4.76,33.5,22.0,111.0,7.11,4.3,2016,SchoJo00,11.0,Cleveland Browns,4.0,99.0,True,True
Kevon Seymour,CB,71,186,4.39,35.0,12.0,124.0,,4.18,2016,SeymKe00,3.0,Buffalo Bills,6.0,218.0,True,True
Elijah Shumate,SS,72,216,4.58,33.0,18.0,119.0,,4.51,2016,ShumEl01,0.0,,,,False,True
Devaunte Sigler,DT,75,298,5.15,25.0,23.0,,7.9,4.97,2016,,0.0,,,,False,False
Justin Simmons,FS,74,202,4.61,40.0,16.0,126.0,6.58,3.85,2016,SimmJu00,7.0,Denver Broncos,3.0,98.0,True,True
Leshaun Sims,CB,72,203,4.53,37.0,11.0,120.0,7.08,4.19,2016,,0.0,,,,False,False
Terrance Smith,ILB,75,235,4.77,34.5,19.0,120.0,,,2016,SmitTe04,3.0,,,,False,True
Ryan Smith-02,CB,71,189,4.47,36.0,18.0,122.0,6.88,4.09,2016,,0.0,,,,False,False
Jaylon Smith,OLB,74,223,4.67,,,,,,2016,SmitJa05,4.0,Dallas Cowboys,2.0,34.0,True,True
Noah Spence,DE,74,251,4.8,35.0,25.0,121.0,7.21,4.35,2016,SpenNo00,4.0,Tampa Bay Buccaneers,2.0,39.0,True,True
A.J. Stamps,FS,71,193,4.79,33.0,15.0,115.0,7.17,4.25,2016,StamA.00,0.0,,,,False,True
Eric Striker,OLB,71,227,4.8,30.0,23.0,116.0,7.3,4.46,2016,StriEr00,0.0,,,,False,True
Charles Tapper,DE,75,271,4.59,34.0,23.0,119.0,,,2016,TappCh00,0.0,Dallas Cowboys,4.0,101.0,True,True
Lawrence Thomas,DT,75,286,4.98,35.0,,113.0,,,2016,ThomLa04,1.0,,,,False,True
Ron Thompson,DE,75,253,4.92,,18.0,,7.46,4.5,2016,ThomRo06,0.0,,,,False,True
Darian Thompson,FS,74,208,4.69,32.5,12.0,118.0,7.26,4.33,2016,ThomDa05,5.0,New York Giants,3.0,71.0,True,True
Vincent Valentine,DT,76,329,5.19,29.0,17.0,110.0,8.03,4.59,2016,ValeVi00,3.0,New England Patriots,3.0,96.0,True,True
Nick Vigil,ILB,74,239,4.72,31.5,,115.0,6.73,4.0,2016,VigiNi00,6.0,Cincinnati Bengals,3.0,87.0,True,True
Jihad Ward,DT,77,297,5.11,25.0,20.0,111.0,7.38,4.63,2016,WardJi02,6.0,Oakland Raiders,2.0,44.0,True,True
Adolphus Washington,DT,75,301,5.17,27.0,21.0,99.0,8.06,4.79,2016,WashAd00,9.0,Buffalo Bills,3.0,80.0,True,True
Stephen Weatherly,OLB,76,267,4.61,31.0,23.0,117.0,,,2016,WeatSt00,1.0,Minnesota Vikings,7.0,227.0,True,True
D.J. White,CB,71,193,4.49,33.0,17.0,132.0,7.18,4.33,2016,WhitD.00,1.0,Kansas City Chiefs,6.0,178.0,True,True
Brandon Williams-04,CB,71,197,4.37,30.5,18.0,118.0,6.85,4.19,2016,WillBr07,3.0,Arizona Cardinals,3.0,92.0,True,True
Antwaun Woods,NT,72,318,5.18,,,,,,2016,WoodAn02,0.0,,,,False,True
Daryl Worley,CB,73,204,4.64,35.5,14.0,123.0,6.98,4.15,2016,WorlDa00,11.0,Carolina Panthers,3.0,77.0,True,True
Connor Wujciak,DT,74,291,4.91,34.5,22.0,117.0,7.32,4.27,2016,WujcCo00,0.0,,,,False,True
Tavon Young,CB,69,183,4.46,34.5,9.0,118.0,6.8,3.93,2016,YounTa01,5.0,Baltimore Ravens,4.0,104.0,True,True
Anthony Zettel,DT,76,277,4.81,30.5,28.0,109.0,7.63,4.39,2016,ZettAn00,9.0,Detroit Lions,6.0,202.0,True,True
Montravius Adams,DT,76,304,4.87,29.0,22.0,108.0,7.62,4.89,2017,AdamMo00,0.0,Green Bay Packers,3.0,93.0,True,True
Jamal Adams,SS,72,214,4.56,31.5,18.0,120.0,6.96,4.13,2017,AdamJa00,7.0,New York Jets,1.0,6.0,True,True
Jonathan Allen,DT,75,286,5.0,30.0,21.0,108.0,7.49,4.5,2017,AlleJo01,2.0,Washington Redskins,1.0,17.0,True,True
Brian Allen-03,CB,75,215,4.48,34.5,15.0,117.0,6.64,4.34,2017,AlleBr01,1.0,Pittsburgh Steelers,5.0,173.0,True,True
Ryan Anderson,OLB,74,253,4.78,,,,,,2017,AndeRy00,1.0,Washington Redskins,2.0,49.0,True,True
Alex Anzalone,OLB,75,241,4.63,30.5,16.0,116.0,6.88,4.25,2017,AnzaAl00,2.0,New Orleans Saints,3.0,76.0,True,True
Chidobe Awuzie,CB,72,202,4.43,34.5,16.0,132.0,6.81,4.14,2017,AwuzCh00,3.0,Dallas Cowboys,2.0,60.0,True,True
Budda Baker,FS,70,195,4.45,32.5,15.0,115.0,6.76,4.08,2017,BakeBu00,9.0,Arizona Cardinals,2.0,36.0,True,True
Derek Barnett,DE,75,259,4.88,31.0,,117.0,6.96,4.44,2017,BarnDe01,3.0,Philadelphia Eagles,1.0,14.0,True,True
Tarell Basham,DE,76,269,4.7,31.5,15.0,119.0,7.27,4.35,2017,BashTa00,1.0,Indianapolis Colts,3.0,80.0,True,True
Kendell Beckwith,ILB,74,243,,,20.0,,,,2017,BeckKe00,5.0,Tampa Bay Buccaneers,3.0,107.0,True,True
Vince Biegel,OLB,75,246,4.67,33.5,21.0,118.0,6.92,4.3,2017,BiegVi00,1.0,Green Bay Packers,4.0,108.0,True,True
Ben Boulware,ILB,72,238,,29.5,20.0,111.0,7.02,4.43,2017,BoulBe00,0.0,,,,False,True
Tashawn Bower,OLB,77,250,4.82,31.5,20.0,121.0,7.2,4.37,2017,BoweTa00,0.0,,,,False,True
Tyus Bowser,OLB,75,247,4.65,37.5,21.0,127.0,6.75,,2017,BowsTy00,2.0,Baltimore Ravens,2.0,47.0,True,True
Caleb Brantley,DT,75,307,5.14,27.0,21.0,105.0,7.66,4.62,2017,BranCa00,2.0,Cleveland Browns,6.0,185.0,True,True
Jayon Brown,ILB,72,231,4.7,31.5,17.0,120.0,,,2017,BrowJa06,2.0,Tennessee Titans,5.0,155.0,True,True
Fadol Brown,DE,76,273,4.94,34.0,19.0,115.0,7.24,4.44,2017,BrowFa00,0.0,,,,False,True
Blair Brown,ILB,71,238,4.65,37.0,,124.0,6.92,4.18,2017,BrowBl00,2.0,Jacksonville Jaguars,5.0,148.0,True,True
Riley Bullough,ILB,74,226,,31.5,20.0,116.0,,,2017,BullRi00,0.0,,,,False,True
Josh Carraway,DE,75,242,4.74,29.5,25.0,120.0,7.2,4.44,2017,CarrJo00,0.0,Tennessee Titans,7.0,227.0,True,True
Jamal Carter,SS,73,218,4.64,35.0,19.0,122.0,,,2017,,0.0,,,,False,False
Taco Charlton,DE,78,277,4.92,33.0,25.0,116.0,7.17,4.39,2017,CharTa00,2.0,Dallas Cowboys,1.0,28.0,True,True
Jeremy Clark-02,CB,75,220,,,20.0,,,,2017,ClarJe04,0.0,New York Jets,6.0,197.0,True,True
Chuck Clark,FS,72,208,4.54,34.0,16.0,122.0,6.85,4.07,2017,ClarCh00,1.0,Baltimore Ravens,6.0,186.0,True,True
Chunky Clements,DT,74,301,,,23.0,,,,2017,,0.0,,,,False,False
Gareon Conley,CB,72,195,4.44,37.0,11.0,129.0,6.68,4.18,2017,ConlGa00,0.0,Oakland Raiders,1.0,24.0,True,True
Zach Cunningham,OLB,75,234,4.67,35.0,15.0,125.0,7.03,4.29,2017,CunnZa00,5.0,Houston Texans,2.0,57.0,True,True
Kevin Davis,ILB,74,235,4.91,30.5,11.0,110.0,7.18,4.38,2017,DaviKe02,0.0,,,,False,True
Keionta Davis,DE,75,271,,,,,,,2017,,0.0,,,,False,False
Jarrad Davis,ILB,73,238,,,,,,,2017,DaviJa01,7.0,Detroit Lions,1.0,21.0,True,True
Treston DeCoud,CB,74,206,4.62,31.0,11.0,116.0,,,2017,DecoTr00,1.0,Houston Texans,5.0,169.0,True,True
Dylan Donahue,OLB,75,248,4.75,29.5,26.0,116.0,7.02,4.46,2017,,0.0,,,,False,False
Rasul Douglas,CB,74,209,4.59,33.5,16.0,120.0,6.97,4.26,2017,DougRa00,3.0,Philadelphia Eagles,3.0,99.0,True,True
Ken Ekanem,DE,75,257,4.88,30.5,,115.0,7.38,4.58,2017,EkanKe00,0.0,,,,False,True
Corn Elder,CB,70,183,4.55,,,,,,2017,EldeCo00,0.0,Carolina Panthers,5.0,152.0,True,True
Brooks Ellis,ILB,74,240,4.79,29.5,18.0,115.0,6.8,4.25,2017,ElliBr01,0.0,,,,False,True
Justin Evans,SS,72,199,,,14.0,,,,2017,EvanJu00,3.0,Tampa Bay Buccaneers,2.0,50.0,True,True
Devonte Fields,OLB,74,236,4.72,34.0,,124.0,7.4,4.5,2017,FielDe00,0.0,,,,False,True
Johnathan Ford,FS,71,205,,,20.0,,,,2017,FordJo00,0.0,,,,False,True
Reuben Foster,ILB,72,229,,,,,,,2017,FostRe00,5.0,San Francisco 49ers,1.0,31.0,True,True
Myles Garrett,DE,76,272,4.64,41.0,33.0,128.0,,,2017,GarrMy00,4.0,Cleveland Browns,1.0,1.0,True,True
Davon Gaudchaux,DT,75,310,5.27,,18.0,,,,2017,GodcDa00,3.0,Miami Dolphins,5.0,178.0,True,True
Ben Gedeon,ILB,74,244,4.75,34.5,27.0,119.0,6.98,4.13,2017,GedeBe00,8.0,Minnesota Vikings,4.0,120.0,True,True
Nate Gerry,SS,74,218,4.58,30.5,17.0,122.0,,,2017,GerrNa00,2.0,Philadelphia Eagles,5.0,184.0,True,True
Ryan Glasgow,DT,75,302,5.13,27.5,20.0,105.0,7.55,4.5,2017,GlasRy00,2.0,Cincinnati Bengals,4.0,138.0,True,True
Shaquill Griffin,CB,72,194,4.38,38.5,17.0,132.0,6.87,4.14,2017,GrifSh00,4.0,Seattle Seahawks,3.0,90.0,True,True
Nate Hairston,CB,72,196,4.52,35.5,14.0,118.0,,,2017,HairNa00,2.0,Indianapolis Colts,5.0,158.0,True,True
Daeshon Hall,DE,77,266,4.76,36.0,18.0,123.0,7.03,4.38,2017,HallDa01,0.0,Carolina Panthers,3.0,77.0,True,True
Connor Harris,ILB,71,242,4.73,33.0,18.0,114.0,7.13,4.31,2017,,0.0,,,,False,False
Charles Harris,DE,75,253,4.82,32.0,21.0,109.0,7.47,4.42,2017,HarrCh03,4.0,Miami Dolphins,1.0,22.0,True,True
Josh Harvey-Clemons,SS,76,217,,31.5,12.0,121.0,,,2017,HarvJo01,1.0,Washington Redskins,7.0,230.0,True,True
Trey Hendrickson,DE,76,266,4.65,33.5,,122.0,7.03,4.2,2017,HendTr00,1.0,New Orleans Saints,3.0,103.0,True,True
Treyvon Hester,DT,74,300,,,,,,,2017,HestTr00,1.0,Oakland Raiders,7.0,244.0,True,True
Delano Hill,FS,73,216,4.47,33.5,17.0,115.0,6.96,4.27,2017,HillDe02,1.0,Seattle Seahawks,3.0,95.0,True,True
Malik Hooker,FS,73,206,,,,,,,2017,HookMa00,2.0,Indianapolis Colts,1.0,15.0,True,True
Marlon Humphrey,CB,72,197,4.41,,10.0,125.0,6.75,,2017,HumpMa00,3.0,Baltimore Ravens,1.0,16.0,True,True
Eddie Jackson,SS,72,201,,,10.0,,,,2017,JackEd01,7.0,Chicago Bears,4.0,112.0,True,True
Adoree Jackson,CB,70,186,4.42,36.0,,122.0,,,2017,JackAd00,6.0,Tennessee Titans,1.0,18.0,True,True
Rayshawn Jenkins,FS,73,214,4.51,37.0,19.0,128.0,,,2017,JenkRa00,1.0,Los Angeles Chargers,4.0,113.0,True,True
John Johnson,FS,73,205,4.61,37.0,14.0,119.0,6.72,4.18,2017,,0.0,,,,False,False
Jaleel Johnson,DT,75,316,5.38,28.0,19.0,100.0,7.64,4.62,2017,JohnJa09,0.0,Minnesota Vikings,4.0,109.0,True,True
Jadar Johnson,SS,72,206,4.6,33.0,19.0,119.0,6.9,4.2,2017,JohnJa08,0.0,,,,False,True
Sidney Jones,CB,72,186,4.47,33.5,,123.0,7.02,4.28,2017,JoneSi00,0.0,Philadelphia Eagles,2.0,43.0,True,True
Nazair Jones,DT,77,304,5.11,24.5,,101.0,7.93,4.63,2017,JoneNa00,2.0,Seattle Seahawks,3.0,102.0,True,True
Josh Jones,SS,73,220,4.41,37.5,20.0,132.0,,,2017,JoneJo06,3.0,Green Bay Packers,2.0,61.0,True,True
Jarron Jones,DT,78,316,5.33,20.5,22.0,,,,2017,JoneJa07,0.0,,,,False,True
D.J. Jones,DT,73,319,5.04,28.5,25.0,108.0,7.73,4.65,2017,,0.0,,,,False,False
Deatrich Wise Jr.,DE,77,274,4.92,33.0,22.0,124.0,,,2017,WiseDe00,3.0,New England Patriots,4.0,131.0,True,True
Anthony Walker Jr.,ILB,73,238,4.65,30.5,23.0,116.0,7.23,4.34,2017,WalkAn01,1.0,Indianapolis Colts,5.0,161.0,True,True
Bryan Cox Jr.,DE,75,265,4.89,26.5,16.0,109.0,7.36,4.46,2017,,0.0,,,,False,False
Damontae Kazee,CB,70,184,4.54,34.0,11.0,124.0,,,2017,KazeDa00,1.0,Atlanta Falcons,5.0,149.0,True,True
Keith Kelsey,ILB,72,233,4.92,29.5,23.0,112.0,7.28,4.56,2017,KelsKe00,0.0,,,,False,True
Kevin King,CB,75,200,4.43,39.5,11.0,,6.56,3.89,2017,KingKe01,2.0,Green Bay Packers,2.0,33.0,True,True
Desmond King,FS,70,201,,34.0,14.0,117.0,6.67,4.18,2017,KingDe01,3.0,Los Angeles Chargers,5.0,151.0,True,True
Tanoh Kpassagnon,DE,79,289,4.83,30.0,23.0,128.0,7.46,4.62,2017,,0.0,,,,False,False
Ashton Lampkin,CB,72,189,4.52,34.5,19.0,120.0,,,2017,LampAs00,0.0,,,,False,True
Harvey Langi,ILB,74,251,,33.0,23.0,118.0,7.0,4.32,2017,LangHa00,0.0,,,,False,True
Marshon Lattimore,CB,72,193,4.36,38.5,,132.0,,,2017,LattMa01,8.0,New Orleans Saints,1.0,11.0,True,True
Carl Lawson,DE,74,261,4.67,33.0,35.0,114.0,7.46,4.19,2017,LawsCa00,2.0,Cincinnati Bengals,4.0,116.0,True,True
Jeremiah Ledbetter,DT,75,280,4.84,32.5,29.0,113.0,7.55,4.56,2017,LedbJe00,1.0,Detroit Lions,6.0,205.0,True,True
Marquel Lee,ILB,75,240,,31.0,25.0,118.0,,,2017,LeexMa01,3.0,Oakland Raiders,5.0,168.0,True,True
Jourdan Lewis,CB,70,188,4.54,34.5,15.0,121.0,,,2017,LewiJo01,3.0,Dallas Cowboys,3.0,92.0,True,True
William Likely,CB,67,180,,,15.0,,,,2017,LikeWi00,0.0,,,,False,True
Shalom Luani,SS,71,202,4.55,31.0,12.0,116.0,6.87,4.21,2017,LuanSh00,1.0,Oakland Raiders,7.0,221.0,True,True
Joe Mathis,DE,74,266,,,24.0,,,,2017,MathJo00,0.0,,,,False,True
Arthur Maulet,CB,70,189,4.62,34.5,18.0,120.0,,,2017,MaulAr00,0.0,,,,False,True
Marcus Maye,FS,72,210,,,,,,,2017,MayeMa00,6.0,New York Jets,2.0,39.0,True,True
Malik McDowell,DT,78,295,4.85,28.5,23.0,112.0,7.69,4.53,2017,McDoMa00,0.0,Seattle Seahawks,2.0,35.0,True,True
Takkarist McKinley,OLB,74,250,4.59,33.0,24.0,122.0,7.48,4.62,2017,McKiTa00,2.0,Atlanta Falcons,1.0,26.0,True,True
Raekwon McMillan,ILB,74,240,4.61,33.0,23.0,121.0,7.15,4.39,2017,McMiRa02,0.0,Miami Dolphins,2.0,54.0,True,True
Obi Melifonwu,SS,76,224,4.4,44.0,17.0,141.0,,,2017,MeliOb00,1.0,Oakland Raiders,2.0,56.0,True,True
Matt Milano,OLB,72,223,4.67,35.0,24.0,126.0,,,2017,MilaMa00,4.0,Buffalo Bills,5.0,163.0,True,True
Fabian Moreau,CB,72,206,4.35,38.0,,136.0,6.94,4.12,2017,MoreFa00,1.0,Washington Redskins,3.0,81.0,True,True
Avery Moss,DE,75,264,4.79,32.5,14.0,114.0,7.25,4.43,2017,,0.0,,,,False,False
Al-Quadin Muhammad,DE,75,253,4.88,30.5,22.0,117.0,7.25,4.47,2017,MuhaAl00,0.0,New Orleans Saints,6.0,196.0,True,True
Jalen Myrick,CB,70,200,4.28,37.5,13.0,124.0,7.06,4.22,2017,MyriJa00,0.0,Jacksonville Jaguars,7.0,222.0,True,True
Montae Nicholson,SS,74,212,4.42,35.0,,125.0,,,2017,NichMo00,3.0,Washington Redskins,4.0,123.0,True,True
Hardy Nickerson,ILB,72,232,4.78,33.0,18.0,116.0,,4.38,2017,NickHa02,2.0,,,,False,True
Noble Nwachukwu,DE,73,268,4.83,30.5,27.0,110.0,,,2017,NwacNo00,0.0,,,,False,True
Ifeadi Odenigbo,DE,75,258,4.72,31.5,25.0,128.0,7.26,4.4,2017,OdenIf00,0.0,Minnesota Vikings,7.0,220.0,True,True
Jabrill Peppers,SS,71,213,4.46,35.5,19.0,128.0,,,2017,PeppJa00,5.0,Cleveland Browns,1.0,25.0,True,True
Carroll Phillips,OLB,75,242,4.64,30.0,23.0,123.0,7.06,4.37,2017,PhilCa00,0.0,,,,False,True
Ejuan Price,OLB,71,241,4.84,31.5,20.0,117.0,,4.34,2017,PricEj00,0.0,Los Angeles Rams,7.0,234.0,True,True
Elijah Qualls,DT,73,313,5.13,31.5,33.0,105.0,7.65,4.66,2017,QualEl00,1.0,Philadelphia Eagles,6.0,214.0,True,True
Haason Reddick,OLB,73,237,4.52,36.5,24.0,133.0,7.01,4.37,2017,ReddHa00,3.0,Arizona Cardinals,1.0,13.0,True,True
Jalen Reeves-Maybin,OLB,72,230,,,,,,,2017,ReevJa00,1.0,Detroit Lions,4.0,124.0,True,True
Duke Riley,OLB,72,232,4.58,34.5,18.0,122.0,6.89,4.21,2017,RileDu00,3.0,Atlanta Falcons,3.0,75.0,True,True
Derek Rivers,DE,76,248,4.61,35.0,30.0,123.0,6.94,4.4,2017,,0.0,,,,False,False
Ezra Robinson,CB,71,189,4.47,34.0,13.0,130.0,,,2017,,0.0,,,,False,False
Isaac Rochell,DE,76,280,4.89,31.5,25.0,114.0,,,2017,RochIs00,0.0,Los Angeles Chargers,7.0,225.0,True,True
Sojourn Shelton,CB,69,177,4.51,35.0,10.0,120.0,6.92,4.02,2017,ShelSo00,0.0,,,,False,True
Garrett Sickels,DE,75,261,4.9,28.0,20.0,105.0,7.21,4.41,2017,SickGa00,0.0,,,,False,True
Tanzel Smart,DT,73,296,5.24,27.0,22.0,105.0,7.53,4.57,2017,SmarTa00,3.0,Los Angeles Rams,6.0,189.0,True,True
Dawuane Smoot,DE,75,264,4.77,29.5,,117.0,7.18,4.39,2017,SmooDa00,2.0,Jacksonville Jaguars,3.0,68.0,True,True
Channing Stribling,CB,73,188,4.6,31.5,5.0,114.0,6.94,4.56,2017,StriCh00,0.0,,,,False,True
Cameron Sutton,CB,71,188,4.52,34.0,11.0,120.0,6.81,,2017,SuttCa00,1.0,Pittsburgh Steelers,3.0,94.0,True,True
Teez Tabor,CB,72,199,4.62,31.0,9.0,120.0,,,2017,TaboTe00,1.0,Detroit Lions,2.0,53.0,True,True
Cordrea Tankersley,CB,73,199,4.4,29.5,13.0,121.0,7.0,4.32,2017,TankCo00,3.0,Miami Dolphins,3.0,97.0,True,True
Pita Taumoepenu,OLB,73,243,4.67,28.5,24.0,112.0,6.91,4.33,2017,TaumPi00,0.0,San Francisco 49ers,6.0,202.0,True,True
Vincent Taylor,DT,75,304,5.07,28.5,26.0,108.0,7.58,4.72,2017,TaylVi00,1.0,Miami Dolphins,6.0,194.0,True,True
Solomon Thomas,DE,75,273,4.69,35.0,30.0,126.0,6.95,4.28,2017,ThomSo00,6.0,San Francisco 49ers,1.0,3.0,True,True
Tedric Thompson,SS,72,204,4.6,32.5,17.0,117.0,7.11,4.36,2017,ThomTe00,1.0,Seattle Seahawks,4.0,111.0,True,True
Jack Tocho,CB,72,202,4.54,35.0,21.0,125.0,,,2017,TochJa00,0.0,Minnesota Vikings,7.0,245.0,True,True
Dalvin Tomlinson,DT,75,310,5.19,27.0,,110.0,7.68,4.59,2017,TomlDa00,7.0,New York Giants,2.0,55.0,True,True
Damarius Travis,SS,73,206,,32.5,13.0,115.0,7.08,4.28,2017,TravDa00,0.0,,,,False,True
Stevie Tu'Ikolovatu,DT,73,331,5.45,24.5,28.0,91.0,7.83,5.0,2017,TuikSt00,0.0,Tampa Bay Buccaneers,7.0,223.0,True,True
Michael Tyson,FS,73,204,4.56,33.0,17.0,118.0,,,2017,TysoMi00,0.0,Seattle Seahawks,6.0,187.0,True,True
Tanner Vallejo,ILB,73,228,4.67,33.5,,121.0,,4.39,2017,VallTa00,1.0,Buffalo Bills,6.0,195.0,True,True
Eddie Vanderdoes,DT,75,305,4.99,28.5,28.0,111.0,7.69,4.39,2017,VandEd00,5.0,Oakland Raiders,3.0,88.0,True,True
DeMarcus Walker,DE,76,280,,,18.0,,,,2017,WalkDe03,1.0,Denver Broncos,2.0,51.0,True,True
Charles Walker,DT,74,310,4.96,28.0,25.0,107.0,7.89,4.96,2017,WalkCh01,0.0,,,,False,True
Carlos Watkins,DT,75,309,,,25.0,,,,2017,WatkCa00,3.0,Houston Texans,4.0,142.0,True,True
T.J. Watt,OLB,76,252,4.69,37.0,21.0,128.0,6.79,4.13,2017,WattT.00,7.0,Pittsburgh Steelers,1.0,30.0,True,True
TreDavious White,CB,71,192,4.47,32.0,16.0,119.0,6.9,4.32,2017,WhitTr01,5.0,Buffalo Bills,1.0,27.0,True,True
Marquez White,CB,72,194,4.59,36.0,,123.0,,,2017,WhitMa03,0.0,Dallas Cowboys,6.0,216.0,True,True
Tim Williams,OLB,75,244,4.68,33.5,,124.0,7.36,4.57,2017,WillTi00,1.0,Baltimore Ravens,3.0,78.0,True,True
Marcus Williams-02,FS,73,202,4.56,43.5,14.0,129.0,6.85,4.2,2017,WillMa06,0.0,,,,False,True
Jordan Willis,DE,76,255,4.53,39.0,24.0,125.0,6.85,4.28,2017,WillJo09,2.0,Cincinnati Bengals,3.0,73.0,True,True
Quincy Wilson-02,CB,73,211,4.54,32.0,14.0,118.0,6.86,4.02,2017,WilsQu01,2.0,Indianapolis Colts,2.0,46.0,True,True
Howard Wilson,CB,73,184,4.57,33.5,,119.0,6.68,3.94,2017,WilsHo00,0.0,Cleveland Browns,4.0,126.0,True,True
Ahkello Witherspoon,CB,75,198,4.45,40.5,,127.0,6.93,4.13,2017,WithAh00,3.0,San Francisco 49ers,3.0,66.0,True,True
Xavier Woods,SS,71,197,4.54,33.5,19.0,122.0,6.72,4.13,2017,WoodXa00,3.0,Dallas Cowboys,6.0,191.0,True,True
Chris Wormley,DT,77,298,,,23.0,,,,2017,WormCh00,1.0,Baltimore Ravens,3.0,74.0,True,True
Kemoko Turay ,EDGE,77,253,4.65,,,,,,2018,TuraKe00,0.0,,,,False,True
Ola Adeniyi,EDGE,74,248,4.83,31.5,26.0,,7.21,4.28,2018,,0.0,,,,False,False
Jaire Alexander,CB,71,192,4.38,35.0,14.0,127.0,6.71,3.98,2018,AlexJa00,0.0,,,,False,True
Marcus Allen,S,74,202,,37.0,15.0,127.0,,4.32,2018,,0.0,,,,False,False
Troy Apke,S,74,198,4.34,41.0,16.0,131.0,6.56,4.03,2018,,0.0,,,,False,False
Dorance Armstrong,EDGE,76,257,4.87,30.0,20.0,118.0,7.12,4.23,2018,,0.0,,,,False,False
Ade Aruna,DE,78,262,4.6,38.5,18.0,128.0,7.53,4.48,2018,ArunAd00,0.0,,,,False,True
John Atkins,DT,76,321,5.38,24.0,,89.0,7.95,4.75,2018,,0.0,,,,False,False
Anthony Averett,CB,72,185,4.36,31.5,13.0,119.0,6.93,4.4,2018,AverAn00,0.0,,,,False,True
Genard Avery,ILB,73,248,4.59,36.0,26.0,124.0,6.9,4.36,2018,,0.0,,,,False,False
Jerome Baker,OLB,73,229,4.53,36.5,22.0,126.0,,,2018,BakeJe00,0.0,,,,False,True
Jessie Bates,S,74,195,4.5,35.5,,117.0,6.78,4.26,2018,,0.0,,,,False,False
Davin Bellamy,EDGE,77,255,,,15.0,,,,2018,BellDa00,0.0,,,,False,True
Keishawn Bierria,ILB,74,230,4.79,30.5,21.0,117.0,7.26,,2018,BierKe00,0.0,,,,False,True
Quin Blanding,S,74,215,4.63,31.5,,122.0,,,2018,BlanQu00,0.0,,,,False,True
Andrew Brown,DE,76,296,5.03,28.0,31.0,101.0,7.51,4.48,2018,BrowAn05,0.0,,,,False,True
Tony Brown,CB,72,198,4.35,31.5,14.0,126.0,6.78,4.11,2018,,0.0,,,,False,False
Taven Bryan,DT,76,291,4.98,35.0,30.0,119.0,7.12,4.48,2018,BryaTa00,0.0,,,,False,True
Oren Burks,OLB,75,233,4.59,39.5,18.0,131.0,6.82,4.15,2018,BurkOr00,0.0,,,,False,True
Jason Cabinda,ILB,73,239,,,19.0,,,,2018,CabiJa00,0.0,,,,False,True
Chris Campbell,CB,73,194,,,14.0,,,,2018,,0.0,,,,False,False
Lorenzo Carter,EDGE,78,250,4.5,36.0,,130.0,,,2018,CartLo01,0.0,,,,False,True
Andre Chachere,CB,72,200,4.49,38.0,13.0,123.0,6.78,4.07,2018,,0.0,,,,False,False
Sean Chandler,S,72,190,4.65,34.5,16.0,119.0,,4.62,2018,ChanSe00,0.0,,,,False,True
Bradley Chubb,DE,76,269,4.65,36.0,24.0,121.0,7.37,4.41,2018,ChubBr00,0.0,,,,False,True
Jack Cichy,ILB,74,238,,,18.0,,,,2018,CichJa00,0.0,,,,False,True
Chris Covington,OLB,74,245,4.78,,23.0,,,,2018,,0.0,,,,False,False
Dane Cruikshank,S,73,206,4.41,38.5,25.0,121.0,6.89,4.24,2018,CruiDa00,0.0,,,,False,True
Marcus Davenport,DE,78,264,4.58,33.5,22.0,124.0,7.2,4.41,2018,DaveMa00,0.0,,,,False,True
Carlton Davis,CB,73,203,4.53,34.0,16.0,124.0,,,2018,DaviCa02,0.0,,,,False,True
Duke Dawson,CB,70,208,4.46,,15.0,,,,2018,DawsDu00,0.0,,,,False,True
Dee Delaney,CB,73,194,4.46,32.5,13.0,120.0,6.95,4.25,2018,,0.0,,,,False,False
Nick Deluca,OLB,75,251,4.85,29.5,18.0,112.0,7.09,4.23,2018,,0.0,,,,False,False
Matt Dickerson,DE,76,292,5.06,31.0,26.0,,,,2018,,0.0,,,,False,False
Garret Dooley,EDGE,75,248,4.8,33.0,21.0,121.0,,4.28,2018,DoolGa00,0.0,,,,False,True
Terrell Edmunds,S,74,220,4.47,41.5,,134.0,,,2018,,0.0,,,,False,False
Tremaine Edmunds,LB,77,253,4.54,,19.0,117.0,,,2018,EdmuTr01,0.0,,,,False,True
Duke Ejiofor,DE,76,264,,,,,,,2018,EjioDu00,0.0,,,,False,True
Deshon Elliott,S,74,205,4.58,36.0,15.0,121.0,,,2018,ElliDe02,0.0,,,,False,True
Leighton Vander esch,ILB,76,256,4.65,39.5,20.0,124.0,6.88,4.15,2018,VandLe00,0.0,,,,False,True
Rashaan Evans,LB,75,232,,30.0,,116.0,6.95,4.36,2018,EvanRa01,0.0,,,,False,True
Brandon Facyson,CB,74,197,4.53,,16.0,,,,2018,FacyBr00,0.0,,,,False,True
Rashard Fant,CB,70,175,,,,,,,2018,,0.0,,,,False,False
Foley Fatukasi,DT,76,318,5.29,30.0,33.0,112.0,7.44,4.53,2018,,0.0,,,,False,False
Kylie Fitts,EDGE,76,263,4.69,32.5,31.0,117.0,6.88,4.19,2018,FittKy01,0.0,,,,False,True
Minkah Fitzpatrick,DB,73,201,4.46,33.0,14.0,121.0,,,2018,FitzMi00,0.0,,,,False,True
Tre Flowers,S,75,200,4.45,34.5,18.0,122.0,,,2018,FlowTr01,0.0,,,,False,True
John Franklin-Myers,DE,76,283,4.75,33.0,26.0,113.0,7.36,4.48,2018,,0.0,,,,False,False
Joshua Frazier,DT,76,321,,,21.0,,,,2018,,0.0,,,,False,False
Rashaan Gaulden,CB,73,193,4.61,30.0,8.0,119.0,7.16,4.33,2018,GaulRa00,0.0,,,,False,True
Rasheem Green,DE,77,275,4.73,32.5,,118.0,7.24,4.39,2018,GreeRa01,0.0,,,,False,True
Shaquem Griffin,OLB,73,227,4.38,,20.0,117.0,,,2018,GrifSh01,0.0,,,,False,True
Grant Haley,CB,69,190,4.44,34.0,15.0,119.0,6.51,3.94,2018,,0.0,,,,False,False
Shaun dion Hamilton,ILB,72,228,,,20.0,,,,2018,,0.0,,,,False,False
Dashawn Hand,DE,76,297,4.83,31.5,28.0,111.0,7.98,4.62,2018,,0.0,,,,False,False
Davontae Harris,CB,72,200,4.43,32.5,22.0,123.0,6.96,4.4,2018,,0.0,,,,False,False
Marcell Harris,S,72,208,,,16.0,,,,2018,,0.0,,,,False,False
Ronnie Harrison,S,75,214,,34.0,,120.0,,,2018,HarrRo02,0.0,,,,False,True
Marquis Haynes,EDGE,75,235,4.67,32.0,23.0,123.0,7.14,4.45,2018,HaynMa01,0.0,,,,False,True
James Hearns,EDGE,75,239,4.89,,22.0,,,,2018,,0.0,,,,False,False
Zaycoven Henderson,DT,72,298,5.16,29.5,20.0,105.0,7.33,4.58,2018,HendZa00,0.0,,,,False,True
B.J. Hill,DT,76,311,4.99,26.5,35.0,101.0,7.28,4.53,2018,HillB.00,0.0,,,,False,True
Holton Hill,CB,75,200,4.49,31.0,14.0,120.0,6.83,4.15,2018,HillHo00,0.0,,,,False,True
Jeff Holland,EDGE,74,249,4.79,,,116.0,,,2018,HollJe01,0.0,,,,False,True
Jalyn Holmes,DE,77,283,4.82,32.0,25.0,,,,2018,HolmJa01,0.0,,,,False,True
Sam Hubbard,DE,77,270,,35.0,,116.0,6.84,4.32,2018,HubbSa00,0.0,,,,False,True
Mike Hughes,CB,71,191,4.53,35.5,20.0,127.0,6.7,4.13,2018,HughMi00,0.0,,,,False,True
Maurice Hurst,DT,74,292,,,,,,,2018,,0.0,,,,False,False
Godwin Igwebuike,S,72,205,4.44,35.5,19.0,128.0,6.56,4.12,2018,IgweGo00,0.0,,,,False,True
Joel Iyiegbuniwe,LB,73,229,4.6,35.0,19.0,117.0,7.06,4.28,2018,,0.0,,,,False,False
Darius Jackson,EDGE,75,242,4.87,26.5,21.0,113.0,7.52,,2018,,0.0,,,,False,False
Donte Jackson,CB,71,175,4.32,,7.0,124.0,,,2018,JackDo02,0.0,,,,False,True
J.C. Jackson,CB,71,193,4.46,35.5,14.0,120.0,,,2018,,0.0,,,,False,False
Josh Jackson,CB,73,192,4.56,38.0,18.0,123.0,6.86,4.03,2018,JackJo01,0.0,,,,False,True
Leon Jacobs,EDGE,75,246,4.48,34.5,26.0,122.0,7.14,4.44,2018,,0.0,,,,False,False
Natrell Jamerson,S,72,198,4.4,35.5,25.0,120.0,,,2018,JameNa00,0.0,,,,False,True
Derwin James,S,75,215,4.47,40.0,21.0,132.0,,,2018,JameDe00,0.0,,,,False,True
Malik Jefferson,OLB,75,236,4.52,36.0,27.0,125.0,,,2018,JeffMa00,0.0,,,,False,True
Josey Jewell,ILB,73,234,4.82,33.0,18.0,117.0,6.8,4.27,2018,JeweJo00,0.0,,,,False,True
Danny Johnson,CB,70,185,4.44,35.0,15.0,123.0,,,2018,,0.0,,,,False,False
Taron Johnson,CB,72,180,4.5,33.0,17.0,118.0,7.03,4.28,2018,,0.0,,,,False,False
Chris Jones-04,CB,72,195,4.57,,14.0,,,,2018,,0.0,,,,False,False
Justin Jones,DT,74,309,5.09,29.0,24.0,104.0,7.82,4.74,2018,JoneJu03,0.0,,,,False,True
Michael Joseph,CB,73,181,,34.0,17.0,,6.89,4.2,2018,,0.0,,,,False,False
Peter Kalambayi,EDGE,75,252,4.57,34.0,19.0,121.0,7.13,4.36,2018,,0.0,,,,False,False
Joshua Kalu,S,73,195,4.58,41.5,17.0,134.0,,,2018,,0.0,,,,False,False
Kameron Kelly,S,74,200,4.66,33.0,9.0,120.0,6.94,4.28,2018,KellKa00,0.0,,,,False,True
Arden Key,EDGE,78,238,,31.0,,117.0,7.16,4.25,2018,KeyxAr00,0.0,,,,False,True
Jamarcus King,CB,73,186,4.7,,,,,,2018,,0.0,,,,False,False
Micah Kiser,ILB,74,238,4.66,35.5,,121.0,7.05,4.24,2018,KiseMi00,0.0,,,,False,True
Harold Landry,EDGE,75,252,4.64,36.0,24.0,119.0,6.88,4.19,2018,LandHa00,0.0,,,,False,True
Darius Leonard,OLB,74,234,4.7,,17.0,,,,2018,,0.0,,,,False,False
Tyquan Lewis,EDGE,75,265,,35.5,,122.0,,,2018,LewiTy00,0.0,,,,False,True
James Looney,DE,75,287,4.89,35.5,28.0,113.0,7.32,4.37,2018,,0.0,,,,False,False
Lowell Lotulelei,DT,74,315,,,28.0,,,,2018,,0.0,,,,False,False
Avonte Maddox,CB,69,180,4.39,37.0,13.0,125.0,6.51,4.0,2018,MaddAv00,0.0,,,,False,True
Hercules Mata'afa,EDGE,73,254,4.76,31.5,26.0,108.0,7.24,4.37,2018,MataHe00,0.0,,,,False,True
Mike McCray,ILB,76,243,4.76,31.5,16.0,119.0,7.09,4.25,2018,McCrMi01,0.0,,,,False,True
Tarvarus McFadden,CB,74,198,4.67,38.5,,121.0,,,2018,McFaTa00,0.0,,,,False,True
R.J. McIntosh,DT,76,286,,,,,,,2018,,0.0,,,,False,False
Kahlil McKenzie,DT,77,314,5.15,29.5,26.0,105.0,7.94,4.68,2018,,0.0,,,,False,False
Quenton Meeks,DB,74,205,,39.0,11.0,128.0,6.72,4.23,2018,MeekQu00,0.0,,,,False,True
Kamrin Moore,CB,71,200,,,,,,,2018,MoorKa01,0.0,,,,False,True
Skai Moore,OLB,74,226,4.73,36.0,,117.0,,,2018,MoorSk00,0.0,,,,False,True
Siran Neal,S,72,199,4.56,40.5,17.0,122.0,7.0,4.28,2018,,0.0,,,,False,False
Nick Nelson,CB,71,208,4.52,,17.0,123.0,,,2018,NelsNi00,0.0,,,,False,True
Bilal Nichols,DT,76,306,4.95,,29.0,,,,2018,,0.0,,,,False,False
Parry Nickerson,CB,72,180,4.32,,15.0,,,,2018,NickPa00,0.0,,,,False,True
Derrick Nnadi,DT,73,317,5.38,27.0,25.0,96.0,8.15,5.02,2018,NnadDe00,0.0,,,,False,True
Kendrick Norton,DT,75,314,5.25,,30.0,,,,2018,NortKe01,0.0,,,,False,True
Uchenna Nwosu,EDGE,75,251,4.65,32.0,20.0,119.0,,,2018,NwosUc00,0.0,,,,False,True
Dorian O'daniel,OLB,73,223,4.61,32.0,21.0,119.0,6.64,4.07,2018,ODanDo00,0.0,,,,False,True
Ogbonnia Okoronkwo,EDGE,73,253,4.77,38.0,27.0,121.0,,,2018,OkorOg00,0.0,,,,False,True
Isaiah Oliver,CB,73,190,4.5,,,,,,2018,OlivIs00,0.0,,,,False,True
Daron Payne,DT,74,311,4.95,28.5,27.0,107.0,7.58,4.71,2018,,0.0,,,,False,False
Darius Phillips,CB,70,190,4.54,,,,,,2018,PhilDa02,0.0,,,,False,True
Harrison Phillips,DT,76,307,5.21,32.0,42.0,103.0,7.28,4.5,2018,PhilHa00,0.0,,,,False,True
Jacob Pugh,OLB,76,246,4.65,38.5,,122.0,,,2018,,0.0,,,,False,False
Max Redfield,S,73,205,4.69,,15.0,,,,2018,,0.0,,,,False,False
D.J. Reed,CB,69,188,4.51,36.5,11.0,,,,2018,ReedD.00,0.0,,,,False,True
Justin Reid,S,73,204,4.4,36.5,16.0,128.0,6.65,4.15,2018,ReidJu00,0.0,,,,False,True
Stephen Roberts,S,71,189,4.53,34.0,,121.0,,,2018,,0.0,,,,False,False
Javon Rolland-Jones,EDGE,74,253,4.88,,23.0,,,,2018,,0.0,,,,False,False
Olubunmi Rotimi,DE,76,273,,32.0,21.0,113.0,7.46,4.7,2018,,0.0,,,,False,False
Christian Sam,ILB,74,244,4.75,32.0,28.0,114.0,7.03,4.25,2018,SamxCh00,0.0,,,,False,True
Dominick Sanders,S,72,193,,,14.0,,,,2018,,0.0,,,,False,False
Tegray Scales,ILB,72,230,4.77,,27.0,,,,2018,ScalTe00,0.0,,,,False,True
Deadrin Senat,DT,72,314,5.16,26.0,35.0,100.0,7.77,4.79,2018,,0.0,,,,False,False
Tim Settle,DT,75,329,5.37,23.5,,96.0,7.95,4.83,2018,SettTi00,0.0,,,,False,True
Nathan Shepherd,DT,77,315,5.09,31.0,,112.0,7.5,4.53,2018,,0.0,,,,False,False
Andre Smith-02,ILB,72,237,4.63,,19.0,,,,2018,,0.0,,,,False,False
Roquan Smith,OLB,73,236,4.51,,,,,,2018,SmitRo07,0.0,,,,False,True
Van Smith,S,71,185,4.61,29.5,,,,,2018,SmitVa00,0.0,,,,False,True
Breeland Speaks,DT,75,283,4.87,32.5,,110.0,7.63,4.65,2018,SpeaBr00,0.0,,,,False,True
Taylor Stallworth,DT,74,312,5.28,23.5,18.0,101.0,7.95,4.75,2018,,0.0,,,,False,False
M.J. Stewart,CB,71,200,4.54,35.0,18.0,118.0,6.9,4.28,2018,StewM.00,0.0,,,,False,True
Kentavius Street,DE,74,280,4.87,,28.0,,,,2018,StreKe00,0.0,,,,False,True
Greg Stroman,CB,72,180,4.48,33.5,16.0,113.0,,4.45,2018,StroGr00,0.0,,,,False,True
Chandon Sullivan,CB,71,195,4.6,40.5,15.0,134.0,,4.36,2018,SullCh00,0.0,,,,False,True
Josh Sweat,EDGE,76,251,4.53,39.5,,124.0,,4.28,2018,SweaJo00,0.0,,,,False,True
Chad Thomas,DE,78,281,4.92,29.0,,116.0,,,2018,ThomCh06,0.0,,,,False,True
Jordan Thomas-01,CB,72,186,4.64,38.0,4.0,124.0,6.28,3.94,2018,,0.0,,,,False,False
Matthew Thomas,OLB,75,232,4.58,41.5,,131.0,6.85,4.28,2018,ThomMa00,0.0,,,,False,True
Trenton Thompson,DT,76,288,5.06,32.5,,111.0,7.68,4.56,2018,ThomTr01,0.0,,,,False,True
Henre Toliver,CB,73,185,4.63,32.5,6.0,117.0,7.01,4.15,2018,,0.0,,,,False,False
Kevin Toliver,CB,75,204,,33.0,10.0,120.0,,,2018,,0.0,,,,False,False
Vita Vea,DT,76,347,5.1,,41.0,,,,2018,VeaxVi00,0.0,,,,False,True
Azeem Victor,ILB,73,240,4.72,32.5,19.0,115.0,7.2,4.4,2018,,0.0,,,,False,False
Dmontre Wade,CB,72,200,4.57,35.5,15.0,120.0,,4.4,2018,,0.0,,,,False,False
Trey Walker,S,74,200,4.51,33.0,14.0,119.0,7.0,4.28,2018,,0.0,,,,False,False
Levi Wallace,CB,72,183,4.63,33.0,,,,,2018,WallLe00,0.0,,,,False,True
Denzel Ward,CB,70,191,4.32,39.0,16.0,136.0,,,2018,WardDe02,0.0,,,,False,True
Fred Warner,OLB,75,236,4.64,38.5,21.0,119.0,6.9,4.28,2018,WarnFr00,0.0,,,,False,True
Armani Watts,S,71,205,,35.0,13.0,120.0,7.25,4.37,2018,WattAr00,0.0,,,,False,True
Damon Webb,S,71,195,4.62,,17.0,,,,2018,WebbDa01,0.0,,,,False,True
Kyzir White,S,74,216,,35.5,21.0,113.0,,,2018,,0.0,,,,False,False
Jordan Whitehead,S,71,195,,,21.0,,,,2018,WhitJo03,0.0,,,,False,True
Jojo Wicker,DE,75,296,5.16,30.0,25.0,105.0,,,2018,WickJo00,0.0,,,,False,True
Eddy Wilson,DT,76,301,5.37,,26.0,96.0,,,2018,,0.0,,,,False,False
Anthony Winbush,EDGE,73,249,,,25.0,110.0,,,2018,,0.0,,,,False,False
Chris Worley,ILB,74,238,4.86,29.5,15.0,,,,2018,WorlCh00,0.0,,,,False,True
Isaac Yiadom,CB,73,190,4.52,,8.0,120.0,,4.18,2018,YiadIs00,0.0,,,,False,True
Kenny Young,ILB,73,236,4.6,36.0,23.0,117.0,7.38,4.48,2018,,0.0,,,,False,False
Trevon Young,EDGE,76,258,4.78,33.0,25.0,114.0,6.99,4.4,2018,YounTr00,0.0,,,,False,True
